=====================================
Starting EIT system...
Electrodes: 8
Drive pattern: ADJACENT
Meas pattern: ADJACENT
=====================================
[EITKit] Initiating Hardware Setup...
[EITKit] SPI Freq: 500000
[EITKit] Writing AD5930 Control Registers...
[EITKit] Starting frequency sweep...
Beginning Calibration
[EITKit] Calibrating Source Gain...
[EITKit] Sending Frame Data...
FRAME_DATA,0.0000,0.0000,0.0040,0.0041,0.0041,0.0037,0.0037,0.0000,0.0000,0.0000,0.0000,0.0035,0.0037,0.0036,0.0037,0.0034,0.0035,0.0000,0.0000,0.0000,0.0036,0.0039,0.0036,0.0038,0.0034,0.0033,0.0000,0.0000,0.0000,0.0035,0.0038,0.0038,0.0034,0.0034,0.0035,0.0000,0.0000,0.0000,0.0034,0.0039,0.0039,0.0033,0.0034,0.0033,0.0000,0.0000,0.0000,0.0033,0.0040,0.0038,0.0037,0.0034,0.0034,0.0000,0.0000,0.0000,0.0000,0.0038,0.0038,0.0035,0.0034,0.0034,0.0000,0.0000
[EITKit] Sending Frame Data...
FRAME_DATA,0.0000,0.0000,0.0040,0.0041,0.0040,0.0036,0.0036,0.0000,0.0000,0.0000,0.0000,0.0035,0.0037,0.0037,0.0036,0.0033,0.0037,0.0000,0.0000,0.0000,0.0036,0.0038,0.0039,0.0038,0.0036,0.0034,0.0000,0.0000,0.0000,0.0034,0.0038,0.0039,0.0035,0.0034,0.0035,0.0000,0.0000,0.0000,0.0035,0.0040,0.0037,0.0034,0.0034,0.0032,0.0000,0.0000,0.0000,0.0035,0.0041,0.0037,0.0037,0.0034,0.0035,0.0000,0.0000,0.0000,0.0000,0.0037,0.0037,0.0034,0.0034,0.0033,0.0000,0.0000
[EITKit] Sending Frame Data...
FRAME_DATA,0.0000,0.0000,0.0041,0.0039,0.0039,0.0035,0.0035,0.0000,0.0000,0.0000,0.0000,0.0037,0.0038,0.0036,0.0035,0.0031,0.0038,0.0000,0.0000,0.0000,0.0038,0.0037,0.0038,0.0035,0.0036,0.0037,0.0000,0.0000,0.0000,0.0035,0.0037,0.0036,0.0036,0.0036,0.0038,0.0000,0.0000,0.0000,0.0038,0.0039,0.0037,0.0035,0.0035,0.0036,0.0000,0.0000,0.0000,0.0037,0.0040,0.0035,0.0038,0.0035,0.0037,0.0000,0.0000,0.0000,0.0000,0.0035,0.0036,0.0033,0.0034,0.0034,0.0000,0.0000
[EITKit] Sending Frame Data...
FRAME_DATA,0.0000,0.0000,0.0038,0.0036,0.0038,0.0036,0.0038,0.0000,0.0000,0.0000,0.0000,0.0033,0.0033,0.0033,0.0033,0.0031,0.0037,0.0000,0.0000,0.0000,0.0036,0.0035,0.0035,0.0033,0.0038,0.0038,0.0000,0.0000,0.0000,0.0035,0.0035,0.0033,0.0037,0.0036,0.0037,0.0000,0.0000,0.0000,0.0036,0.0036,0.0037,0.0036,0.0037,0.0039,0.0000,0.0000,0.0000,0.0036,0.0037,0.0035,0.0039,0.0036,0.0039,0.0000,0.0000,0.0000,0.0000,0.0034,0.0036,0.0034,0.0036,0.0035,0.0000,0.0000
[EITKit] Sending Frame Data...
FRAME_DATA,0.0000,0.0000,0.0036,0.0034,0.0037,0.0038,0.0040,0.0000,0.0000,0.0000,0.0000,0.0032,0.0032,0.0033,0.0033,0.0033,0.0037,0.0000,0.0000,0.0000,0.0035,0.0033,0.0034,0.0032,0.0037,0.0035,0.0000,0.0000,0.0000,0.0033,0.0032,0.0033,0.0039,0.0037,0.0037,0.0000,0.0000,0.0000,0.0035,0.0033,0.0038,0.0037,0.0037,0.0037,0.0000,0.0000,0.0000,0.0035,0.0038,0.0037,0.0038,0.0035,0.0037,0.0000,0.0000,0.0000,0.0000,0.0033,0.0037,0.0035,0.0037,0.0035,0.0000,0.0000
[EITKit] Sending Frame Data...
FRAME_DATA,0.0000,0.0000,0.0039,0.0037,0.0038,0.0038,0.0036,0.0000,0.0000,0.0000,0.0000,0.0032,0.0033,0.0033,0.0034,0.0032,0.0035,0.0000,0.0000,0.0000,0.0035,0.0036,0.0037,0.0034,0.0034,0.0036,0.0000,0.0000,0.0000,0.0034,0.0035,0.0036,0.0036,0.0034,0.0035,0.0000,0.0000,0.0000,0.0035,0.0034,0.0038,0.0035,0.0035,0.0034,0.0000,0.0000,0.0000,0.0035,0.0037,0.0036,0.0034,0.0032,0.0034,0.0000,0.0000,0.0000,0.0000,0.0036,0.0036,0.0035,0.0036,0.0031,0.0000,0.0000
[EITKit] Sending Frame Data...
FRAME_DATA,0.0000,0.0000,0.0037,0.0035,0.0036,0.0037,0.0038,0.0000,0.0000,0.0000,0.0000,0.0032,0.0031,0.0031,0.0033,0.0034,0.0038,0.0000,0.0000,0.0000,0.0035,0.0034,0.0035,0.0034,0.0036,0.0034,0.0000,0.0000,0.0000,0.0033,0.0035,0.0033,0.0038,0.0036,0.0036,0.0000,0.0000,0.0000,0.0035,0.0034,0.0040,0.0038,0.0037,0.0035,0.0000,0.0000,0.0000,0.0033,0.0039,0.0036,0.0037,0.0035,0.0035,0.0000,0.0000,0.0000,0.0000,0.0035,0.0037,0.0036,0.0039,0.0033,0.0000,0.0000
[EITKit] Sending Frame Data...
FRAME_DATA,0.0000,0.0000,0.0037,0.0037,0.0035,0.0034,0.0037,0.0000,0.0000,0.0000,0.0000,0.0033,0.0033,0.0030,0.0030,0.0031,0.0038,0.0000,0.0000,0.0000,0.0036,0.0034,0.0035,0.0033,0.0038,0.0037,0.0000,0.0000,0.0000,0.0036,0.0037,0.0033,0.0037,0.0037,0.0038,0.0000,0.0000,0.0000,0.0037,0.0035,0.0038,0.0038,0.0037,0.0037,0.0000,0.0000,0.0000,0.0035,0.0037,0.0035,0.0039,0.0036,0.0038,0.0000,0.0000,0.0000,0.0000,0.0034,0.0037,0.0035,0.0037,0.0036,0.0000,0.0000
[EITKit] Sending Frame Data...
FRAME_DATA,0.0000,0.0000,0.0040,0.0038,0.0037,0.0035,0.0034,0.0000,0.0000,0.0000,0.0000,0.0035,0.0036,0.0033,0.0033,0.0033,0.0038,0.0000,0.0000,0.0000,0.0037,0.0036,0.0037,0.0034,0.0036,0.0036,0.0000,0.0000,0.0000,0.0036,0.0038,0.0035,0.0035,0.0035,0.0037,0.0000,0.0000,0.0000,0.0037,0.0037,0.0036,0.0034,0.0034,0.0036,0.0000,0.0000,0.0000,0.0035,0.0036,0.0033,0.0036,0.0036,0.0038,0.0000,0.0000,0.0000,0.0000,0.0035,0.0036,0.0033,0.0034,0.0035,0.0000,0.0000
[EITKit] Sending Frame Data...
FRAME_DATA,0.0000,0.0000,0.0039,0.0037,0.0039,0.0037,0.0036,0.0000,0.0000,0.0000,0.0000,0.0032,0.0034,0.0033,0.0036,0.0034,0.0038,0.0000,0.0000,0.0000,0.0034,0.0035,0.0038,0.0036,0.0036,0.0035,0.0000,0.0000,0.0000,0.0035,0.0035,0.0036,0.0036,0.0037,0.0035,0.0000,0.0000,0.0000,0.0035,0.0035,0.0037,0.0035,0.0035,0.0033,0.0000,0.0000,0.0000,0.0032,0.0038,0.0035,0.0037,0.0036,0.0036,0.0000,0.0000,0.0000,0.0000,0.0036,0.0036,0.0033,0.0035,0.0033,0.0000,0.0000
[EITKit] Sending Frame Data...
FRAME_DATA,0.0000,0.0000,0.0038,0.0035,0.0036,0.0037,0.0037,0.0000,0.0000,0.0000,0.0000,0.0031,0.0033,0.0032,0.0034,0.0033,0.0039,0.0000,0.0000,0.0000,0.0034,0.0035,0.0035,0.0033,0.0038,0.0036,0.0000,0.0000,0.0000,0.0034,0.0035,0.0034,0.0037,0.0038,0.0038,0.0000,0.0000,0.0000,0.0035,0.0034,0.0038,0.0038,0.0038,0.0035,0.0000,0.0000,0.0000,0.0035,0.0039,0.0036,0.0039,0.0037,0.0037,0.0000,0.0000,0.0000,0.0000,0.0033,0.0034,0.0035,0.0036,0.0034,0.0000,0.0000
[EITKit] Sending Frame Data...
FRAME_DATA,0.0000,0.0000,0.0040,0.0035,0.0036,0.0038,0.0038,0.0000,0.0000,0.0000,0.0000,0.0033,0.0033,0.0030,0.0032,0.0032,0.0039,0.0000,0.0000,0.0000,0.0035,0.0033,0.0032,0.0034,0.0040,0.0037,0.0000,0.0000,0.0000,0.0034,0.0034,0.0032,0.0039,0.0041,0.0038,0.0000,0.0000,0.0000,0.0036,0.0035,0.0038,0.0039,0.0038,0.0037,0.0000,0.0000,0.0000,0.0034,0.0038,0.0038,0.0040,0.0039,0.0038,0.0000,0.0000,0.0000,0.0000,0.0033,0.0038,0.0037,0.0040,0.0037,0.0000,0.0000
[EITKit] Sending Frame Data...
FRAME_DATA,0.0000,0.0000,0.0036,0.0035,0.0038,0.0039,0.0039,0.0000,0.0000,0.0000,0.0000,0.0032,0.0032,0.0033,0.0034,0.0034,0.0038,0.0000,0.0000,0.0000,0.0034,0.0035,0.0033,0.0034,0.0039,0.0037,0.0000,0.0000,0.0000,0.0033,0.0035,0.0032,0.0040,0.0042,0.0037,0.0000,0.0000,0.0000,0.0037,0.0033,0.0039,0.0039,0.0038,0.0036,0.0000,0.0000,0.0000,0.0035,0.0039,0.0039,0.0040,0.0037,0.0039,0.0000,0.0000,0.0000,0.0000,0.0034,0.0037,0.0038,0.0040,0.0037,0.0000,0.0000
[EITKit] Sending Frame Data...
FRAME_DATA,0.0000,0.0000,0.0035,0.0037,0.0037,0.0042,0.0038,0.0000,0.0000,0.0000,0.0000,0.0031,0.0032,0.0034,0.0035,0.0036,0.0036,0.0000,0.0000,0.0000,0.0034,0.0035,0.0035,0.0035,0.0039,0.0037,0.0000,0.0000,0.0000,0.0032,0.0036,0.0034,0.0040,0.0040,0.0037,0.0000,0.0000,0.0000,0.0034,0.0033,0.0040,0.0038,0.0037,0.0036,0.0000,0.0000,0.0000,0.0034,0.0042,0.0039,0.0040,0.0037,0.0038,0.0000,0.0000,0.0000,0.0000,0.0036,0.0037,0.0037,0.0038,0.0036,0.0000,0.0000
[EITKit] Sending Frame Data...
FRAME_DATA,0.0000,0.0000,0.0034,0.0036,0.0039,0.0040,0.0038,0.0000,0.0000,0.0000,0.0000,0.0033,0.0033,0.0036,0.0035,0.0037,0.0035,0.0000,0.0000,0.0000,0.0031,0.0034,0.0034,0.0036,0.0037,0.0035,0.0000,0.0000,0.0000,0.0033,0.0035,0.0034,0.0040,0.0037,0.0035,0.0000,0.0000,0.0000,0.0034,0.0034,0.0041,0.0038,0.0038,0.0034,0.0000,0.0000,0.0000,0.0033,0.0043,0.0038,0.0040,0.0035,0.0039,0.0000,0.0000,0.0000,0.0000,0.0038,0.0039,0.0037,0.0038,0.0036,0.0000,0.0000
[EITKit] Sending Frame Data...
FRAME_DATA,0.0000,0.0000,0.0034,0.0036,0.0036,0.0039,0.0037,0.0000,0.0000,0.0000,0.0000,0.0032,0.0034,0.0034,0.0035,0.0038,0.0037,0.0000,0.0000,0.0000,0.0034,0.0034,0.0034,0.0035,0.0038,0.0035,0.0000,0.0000,0.0000,0.0035,0.0036,0.0033,0.0040,0.0037,0.0036,0.0000,0.0000,0.0000,0.0035,0.0033,0.0041,0.0039,0.0038,0.0034,0.0000,0.0000,0.0000,0.0035,0.0041,0.0039,0.0041,0.0038,0.0039,0.0000,0.0000,0.0000,0.0000,0.0037,0.0037,0.0038,0.0039,0.0037,0.0000,0.0000
[EITKit] Sending Frame Data...
FRAME_DATA,0.0000,0.0000,0.0040,0.0035,0.0035,0.0039,0.0038,0.0000,0.0000,0.0000,0.0000,0.0034,0.0036,0.0032,0.0033,0.0037,0.0039,0.0000,0.0000,0.0000,0.0042,0.0036,0.0040,0.0036,0.0040,0.0038,0.0000,0.0000,0.0000,0.0036,0.0038,0.0034,0.0041,0.0040,0.0038,0.0000,0.0000,0.0000,0.0036,0.0035,0.0040,0.0039,0.0039,0.0035,0.0000,0.0000,0.0000,0.0035,0.0040,0.0037,0.0050,0.0045,0.0045,0.0000,0.0000,0.0000,0.0000,0.0040,0.0041,0.0045,0.0048,0.0051,0.0000,0.0000
[EITKit] Sending Frame Data...
FRAME_DATA,0.0000,0.0000,0.0041,0.0035,0.0035,0.0040,0.0038,0.0000,0.0000,0.0000,0.0000,0.0035,0.0036,0.0032,0.0033,0.0034,0.0040,0.0000,0.0000,0.0000,0.0042,0.0037,0.0038,0.0035,0.0042,0.0038,0.0000,0.0000,0.0000,0.0038,0.0038,0.0035,0.0040,0.0041,0.0040,0.0000,0.0000,0.0000,0.0038,0.0036,0.0039,0.0040,0.0040,0.0038,0.0000,0.0000,0.0000,0.0037,0.0038,0.0036,0.0043,0.0043,0.0043,0.0000,0.0000,0.0000,0.0000,0.0035,0.0036,0.0039,0.0044,0.0045,0.0000,0.0000
[EITKit] Sending Frame Data...
FRAME_DATA,0.0000,0.0000,0.0038,0.0035,0.0035,0.0037,0.0039,0.0000,0.0000,0.0000,0.0000,0.0034,0.0036,0.0032,0.0034,0.0034,0.0040,0.0000,0.0000,0.0000,0.0040,0.0036,0.0036,0.0032,0.0042,0.0038,0.0000,0.0000,0.0000,0.0037,0.0035,0.0033,0.0042,0.0040,0.0041,0.0000,0.0000,0.0000,0.0039,0.0035,0.0040,0.0041,0.0042,0.0039,0.0000,0.0000,0.0000,0.0036,0.0039,0.0036,0.0042,0.0040,0.0042,0.0000,0.0000,0.0000,0.0000,0.0034,0.0037,0.0041,0.0045,0.0044,0.0000,0.0000
[EITKit] Sending Frame Data...
FRAME_DATA,0.0000,0.0000,0.0039,0.0038,0.0038,0.0041,0.0040,0.0000,0.0000,0.0000,0.0000,0.0032,0.0033,0.0034,0.0037,0.0035,0.0037,0.0000,0.0000,0.0000,0.0038,0.0036,0.0036,0.0035,0.0040,0.0035,0.0000,0.0000,0.0000,0.0034,0.0034,0.0035,0.0040,0.0038,0.0038,0.0000,0.0000,0.0000,0.0037,0.0036,0.0042,0.0039,0.0039,0.0037,0.0000,0.0000,0.0000,0.0034,0.0042,0.0037,0.0041,0.0040,0.0039,0.0000,0.0000,0.0000,0.0000,0.0037,0.0039,0.0040,0.0040,0.0040,0.0000,0.0000
[EITKit] Sending Frame Data...
FRAME_DATA,0.0000,0.0000,0.0041,0.0040,0.0040,0.0039,0.0039,0.0000,0.0000,0.0000,0.0000,0.0035,0.0037,0.0036,0.0036,0.0035,0.0039,0.0000,0.0000,0.0000,0.0039,0.0037,0.0037,0.0034,0.0039,0.0037,0.0000,0.0000,0.0000,0.0038,0.0037,0.0038,0.0041,0.0038,0.0039,0.0000,0.0000,0.0000,0.0039,0.0038,0.0040,0.0037,0.0039,0.0039,0.0000,0.0000,0.0000,0.0036,0.0040,0.0036,0.0039,0.0039,0.0040,0.0000,0.0000,0.0000,0.0000,0.0036,0.0038,0.0037,0.0038,0.0037,0.0000,0.0000
[EITKit] Sending Frame Data...
FRAME_DATA,0.0000,0.0000,0.0038,0.0040,0.0040,0.0041,0.0042,0.0000,0.0000,0.0000,0.0000,0.0034,0.0032,0.0034,0.0035,0.0036,0.0040,0.0000,0.0000,0.0000,0.0038,0.0036,0.0038,0.0036,0.0039,0.0039,0.0000,0.0000,0.0000,0.0038,0.0038,0.0037,0.0042,0.0038,0.0037,0.0000,0.0000,0.0000,0.0037,0.0035,0.0041,0.0040,0.0038,0.0038,0.0000,0.0000,0.0000,0.0035,0.0042,0.0038,0.0041,0.0039,0.0040,0.0000,0.0000,0.0000,0.0000,0.0035,0.0036,0.0038,0.0038,0.0035,0.0000,0.0000
[EITKit] Sending Frame Data...
FRAME_DATA,0.0000,0.0000,0.0040,0.0037,0.0039,0.0040,0.0042,0.0000,0.0000,0.0000,0.0000,0.0035,0.0032,0.0034,0.0035,0.0035,0.0039,0.0000,0.0000,0.0000,0.0038,0.0037,0.0038,0.0036,0.0041,0.0039,0.0000,0.0000,0.0000,0.0037,0.0039,0.0037,0.0043,0.0040,0.0039,0.0000,0.0000,0.0000,0.0037,0.0037,0.0043,0.0041,0.0040,0.0039,0.0000,0.0000,0.0000,0.0038,0.0040,0.0039,0.0043,0.0040,0.0041,0.0000,0.0000,0.0000,0.0000,0.0038,0.0037,0.0037,0.0039,0.0037,0.0000,0.0000
[EITKit] Sending Frame Data...
FRAME_DATA,0.0000,0.0000,0.0041,0.0039,0.0037,0.0039,0.0040,0.0000,0.0000,0.0000,0.0000,0.0036,0.0034,0.0035,0.0036,0.0033,0.0040,0.0000,0.0000,0.0000,0.0038,0.0038,0.0037,0.0035,0.0042,0.0041,0.0000,0.0000,0.0000,0.0038,0.0037,0.0036,0.0042,0.0039,0.0040,0.0000,0.0000,0.0000,0.0039,0.0037,0.0041,0.0041,0.0043,0.0041,0.0000,0.0000,0.0000,0.0040,0.0041,0.0039,0.0044,0.0041,0.0043,0.0000,0.0000,0.0000,0.0000,0.0036,0.0038,0.0038,0.0040,0.0039,0.0000,0.0000
[EITKit] Sending Frame Data...
FRAME_DATA,0.0000,0.0000,0.0042,0.0039,0.0037,0.0039,0.0039,0.0000,0.0000,0.0000,0.0000,0.0037,0.0037,0.0037,0.0037,0.0033,0.0041,0.0000,0.0000,0.0000,0.0039,0.0038,0.0038,0.0036,0.0041,0.0042,0.0000,0.0000,0.0000,0.0038,0.0038,0.0036,0.0041,0.0040,0.0042,0.0000,0.0000,0.0000,0.0040,0.0038,0.0038,0.0039,0.0041,0.0041,0.0000,0.0000,0.0000,0.0041,0.0039,0.0039,0.0042,0.0040,0.0042,0.0000,0.0000,0.0000,0.0000,0.0035,0.0037,0.0037,0.0039,0.0039,0.0000,0.0000
[EITKit] Sending Frame Data...
FRAME_DATA,0.0000,0.0000,0.0042,0.0040,0.0038,0.0039,0.0037,0.0000,0.0000,0.0000,0.0000,0.0038,0.0038,0.0037,0.0035,0.0033,0.0042,0.0000,0.0000,0.0000,0.0042,0.0040,0.0038,0.0037,0.0043,0.0042,0.0000,0.0000,0.0000,0.0039,0.0040,0.0036,0.0042,0.0040,0.0041,0.0000,0.0000,0.0000,0.0042,0.0040,0.0039,0.0039,0.0041,0.0042,0.0000,0.0000,0.0000,0.0040,0.0041,0.0038,0.0041,0.0040,0.0041,0.0000,0.0000,0.0000,0.0000,0.0035,0.0037,0.0035,0.0039,0.0038,0.0000,0.0000
[EITKit] Sending Frame Data...
FRAME_DATA,0.0000,0.0000,0.0042,0.0039,0.0039,0.0038,0.0038,0.0000,0.0000,0.0000,0.0000,0.0038,0.0038,0.0035,0.0033,0.0032,0.0042,0.0000,0.0000,0.0000,0.0042,0.0039,0.0038,0.0037,0.0042,0.0041,0.0000,0.0000,0.0000,0.0041,0.0040,0.0036,0.0042,0.0040,0.0042,0.0000,0.0000,0.0000,0.0043,0.0040,0.0040,0.0040,0.0041,0.0041,0.0000,0.0000,0.0000,0.0041,0.0040,0.0039,0.0042,0.0039,0.0042,0.0000,0.0000,0.0000,0.0000,0.0033,0.0036,0.0035,0.0038,0.0040,0.0000,0.0000
[EITKit] Sending Frame Data...
FRAME_DATA,0.0000,0.0000,0.0041,0.0042,0.0041,0.0041,0.0040,0.0000,0.0000,0.0000,0.0000,0.0035,0.0038,0.0036,0.0037,0.0036,0.0039,0.0000,0.0000,0.0000,0.0040,0.0038,0.0039,0.0038,0.0040,0.0039,0.0000,0.0000,0.0000,0.0038,0.0039,0.0038,0.0041,0.0039,0.0040,0.0000,0.0000,0.0000,0.0041,0.0038,0.0042,0.0042,0.0041,0.0038,0.0000,0.0000,0.0000,0.0039,0.0040,0.0040,0.0041,0.0038,0.0042,0.0000,0.0000,0.0000,0.0000,0.0037,0.0039,0.0038,0.0040,0.0036,0.0000,0.0000
[EITKit] Sending Frame Data...
FRAME_DATA,0.0000,0.0000,0.0044,0.0043,0.0042,0.0040,0.0040,0.0000,0.0000,0.0000,0.0000,0.0038,0.0038,0.0037,0.0036,0.0037,0.0040,0.0000,0.0000,0.0000,0.0041,0.0039,0.0040,0.0035,0.0041,0.0040,0.0000,0.0000,0.0000,0.0039,0.0039,0.0038,0.0040,0.0041,0.0042,0.0000,0.0000,0.0000,0.0042,0.0042,0.0040,0.0040,0.0041,0.0041,0.0000,0.0000,0.0000,0.0039,0.0042,0.0037,0.0040,0.0038,0.0044,0.0000,0.0000,0.0000,0.0000,0.0037,0.0037,0.0035,0.0039,0.0037,0.0000,0.0000
[EITKit] Sending Frame Data...
FRAME_DATA,0.0000,0.0000,0.0042,0.0041,0.0043,0.0042,0.0042,0.0000,0.0000,0.0000,0.0000,0.0036,0.0037,0.0039,0.0038,0.0038,0.0039,0.0000,0.0000,0.0000,0.0040,0.0038,0.0041,0.0039,0.0041,0.0039,0.0000,0.0000,0.0000,0.0039,0.0040,0.0040,0.0042,0.0041,0.0041,0.0000,0.0000,0.0000,0.0040,0.0040,0.0041,0.0041,0.0041,0.0039,0.0000,0.0000,0.0000,0.0039,0.0043,0.0040,0.0041,0.0038,0.0042,0.0000,0.0000,0.0000,0.0000,0.0039,0.0040,0.0036,0.0038,0.0038,0.0000,0.0000
[EITKit] Sending Frame Data...
FRAME_DATA,0.0000,0.0000,0.0040,0.0041,0.0041,0.0043,0.0044,0.0000,0.0000,0.0000,0.0000,0.0036,0.0036,0.0038,0.0038,0.0038,0.0042,0.0000,0.0000,0.0000,0.0040,0.0036,0.0041,0.0040,0.0040,0.0040,0.0000,0.0000,0.0000,0.0040,0.0040,0.0039,0.0043,0.0042,0.0041,0.0000,0.0000,0.0000,0.0040,0.0041,0.0043,0.0042,0.0040,0.0038,0.0000,0.0000,0.0000,0.0039,0.0045,0.0042,0.0042,0.0039,0.0040,0.0000,0.0000,0.0000,0.0000,0.0040,0.0041,0.0038,0.0039,0.0039,0.0000,0.0000
[EITKit] Sending Frame Data...
FRAME_DATA,0.0000,0.0000,0.0042,0.0041,0.0043,0.0044,0.0045,0.0000,0.0000,0.0000,0.0000,0.0038,0.0038,0.0039,0.0040,0.0040,0.0043,0.0000,0.0000,0.0000,0.0040,0.0040,0.0041,0.0041,0.0042,0.0041,0.0000,0.0000,0.0000,0.0040,0.0041,0.0039,0.0044,0.0041,0.0043,0.0000,0.0000,0.0000,0.0040,0.0042,0.0046,0.0043,0.0042,0.0040,0.0000,0.0000,0.0000,0.0040,0.0047,0.0044,0.0044,0.0044,0.0042,0.0000,0.0000,0.0000,0.0000,0.0042,0.0042,0.0041,0.0041,0.0040,0.0000,0.0000
[EITKit] Sending Frame Data...
FRAME_DATA,0.0000,0.0000,0.0033,0.0031,0.0033,0.0034,0.0037,0.0000,0.0000,0.0000,0.0000,0.0031,0.0030,0.0030,0.0031,0.0034,0.0036,0.0000,0.0000,0.0000,0.0033,0.0032,0.0033,0.0031,0.0038,0.0036,0.0000,0.0000,0.0000,0.0035,0.0033,0.0033,0.0038,0.0037,0.0043,0.0000,0.0000,0.0000,0.0045,0.0043,0.0035,0.0034,0.0035,0.0035,0.0000,0.0000,0.0000,0.0035,0.0035,0.0034,0.0037,0.0038,0.0036,0.0000,0.0000,0.0000,0.0000,0.0059,0.0064,0.0038,0.0035,0.0034,0.0000,0.0000
[EITKit] Sending Frame Data...
FRAME_DATA,0.0000,0.0000,0.0032,0.0032,0.0036,0.0035,0.0037,0.0000,0.0000,0.0000,0.0000,0.0030,0.0032,0.0031,0.0035,0.0034,0.0034,0.0000,0.0000,0.0000,0.0031,0.0033,0.0034,0.0033,0.0037,0.0037,0.0000,0.0000,0.0000,0.0033,0.0034,0.0034,0.0039,0.0037,0.0039,0.0000,0.0000,0.0000,0.0039,0.0039,0.0039,0.0038,0.0038,0.0035,0.0000,0.0000,0.0000,0.0034,0.0040,0.0036,0.0037,0.0036,0.0035,0.0000,0.0000,0.0000,0.0000,0.0048,0.0051,0.0036,0.0035,0.0034,0.0000,0.0000
[EITKit] Sending Frame Data...
FRAME_DATA,0.0000,0.0000,0.0030,0.0030,0.0035,0.0037,0.0038,0.0000,0.0000,0.0000,0.0000,0.0030,0.0029,0.0030,0.0034,0.0034,0.0036,0.0000,0.0000,0.0000,0.0031,0.0035,0.0034,0.0034,0.0038,0.0035,0.0000,0.0000,0.0000,0.0033,0.0034,0.0033,0.0041,0.0037,0.0038,0.0000,0.0000,0.0000,0.0036,0.0037,0.0040,0.0040,0.0037,0.0035,0.0000,0.0000,0.0000,0.0032,0.0041,0.0037,0.0039,0.0037,0.0035,0.0000,0.0000,0.0000,0.0000,0.0042,0.0045,0.0038,0.0037,0.0035,0.0000,0.0000
[EITKit] Sending Frame Data...
FRAME_DATA,0.0000,0.0000,0.0032,0.0032,0.0032,0.0031,0.0030,0.0000,0.0000,0.0000,0.0000,0.0031,0.0030,0.0029,0.0031,0.0030,0.0031,0.0000,0.0000,0.0000,0.0031,0.0034,0.0033,0.0031,0.0032,0.0032,0.0000,0.0000,0.0000,0.0031,0.0033,0.0032,0.0033,0.0030,0.0033,0.0000,0.0000,0.0000,0.0034,0.0034,0.0033,0.0032,0.0032,0.0032,0.0000,0.0000,0.0000,0.0032,0.0036,0.0033,0.0032,0.0031,0.0031,0.0000,0.0000,0.0000,0.0000,0.0038,0.0036,0.0031,0.0030,0.0028,0.0000,0.0000
[EITKit] Sending Frame Data...
FRAME_DATA,0.0000,0.0000,0.0030,0.0028,0.0028,0.0025,0.0027,0.0000,0.0000,0.0000,0.0000,0.0034,0.0031,0.0028,0.0029,0.0026,0.0031,0.0000,0.0000,0.0000,0.0031,0.0031,0.0029,0.0026,0.0030,0.0030,0.0000,0.0000,0.0000,0.0032,0.0031,0.0031,0.0027,0.0030,0.0031,0.0000,0.0000,0.0000,0.0033,0.0032,0.0028,0.0027,0.0029,0.0030,0.0000,0.0000,0.0000,0.0031,0.0029,0.0026,0.0026,0.0029,0.0030,0.0000,0.0000,0.0000,0.0000,0.0032,0.0030,0.0026,0.0025,0.0026,0.0000,0.0000
[EITKit] Sending Frame Data...
FRAME_DATA,0.0000,0.0000,0.0029,0.0027,0.0026,0.0026,0.0028,0.0000,0.0000,0.0000,0.0000,0.0031,0.0028,0.0026,0.0028,0.0024,0.0032,0.0000,0.0000,0.0000,0.0032,0.0032,0.0029,0.0025,0.0034,0.0033,0.0000,0.0000,0.0000,0.0033,0.0031,0.0031,0.0032,0.0034,0.0034,0.0000,0.0000,0.0000,0.0034,0.0033,0.0031,0.0031,0.0033,0.0035,0.0000,0.0000,0.0000,0.0034,0.0032,0.0030,0.0031,0.0033,0.0034,0.0000,0.0000,0.0000,0.0000,0.0031,0.0031,0.0028,0.0030,0.0031,0.0000,0.0000
[EITKit] Sending Frame Data...
FRAME_DATA,0.0000,0.0000,0.0030,0.0028,0.0027,0.0030,0.0033,0.0000,0.0000,0.0000,0.0000,0.0029,0.0027,0.0024,0.0026,0.0025,0.0034,0.0000,0.0000,0.0000,0.0032,0.0030,0.0029,0.0026,0.0035,0.0033,0.0000,0.0000,0.0000,0.0031,0.0030,0.0031,0.0035,0.0036,0.0036,0.0000,0.0000,0.0000,0.0034,0.0032,0.0035,0.0033,0.0034,0.0035,0.0000,0.0000,0.0000,0.0032,0.0031,0.0033,0.0033,0.0033,0.0033,0.0000,0.0000,0.0000,0.0000,0.0029,0.0032,0.0031,0.0033,0.0033,0.0000,0.0000
[EITKit] Sending Frame Data...
FRAME_DATA,0.0000,0.0000,0.0034,0.0032,0.0033,0.0036,0.0038,0.0000,0.0000,0.0000,0.0000,0.0031,0.0029,0.0027,0.0029,0.0030,0.0035,0.0000,0.0000,0.0000,0.0035,0.0034,0.0033,0.0030,0.0037,0.0036,0.0000,0.0000,0.0000,0.0033,0.0032,0.0031,0.0038,0.0038,0.0038,0.0000,0.0000,0.0000,0.0035,0.0034,0.0038,0.0037,0.0037,0.0037,0.0000,0.0000,0.0000,0.0036,0.0037,0.0036,0.0038,0.0036,0.0035,0.0000,0.0000,0.0000,0.0000,0.0034,0.0037,0.0035,0.0036,0.0035,0.0000,0.0000
[EITKit] Sending Frame Data...
FRAME_DATA,0.0000,0.0000,0.0033,0.0034,0.0037,0.0037,0.0039,0.0000,0.0000,0.0000,0.0000,0.0029,0.0030,0.0030,0.0032,0.0031,0.0034,0.0000,0.0000,0.0000,0.0033,0.0031,0.0033,0.0032,0.0037,0.0035,0.0000,0.0000,0.0000,0.0030,0.0032,0.0032,0.0038,0.0036,0.0035,0.0000,0.0000,0.0000,0.0032,0.0032,0.0039,0.0036,0.0035,0.0035,0.0000,0.0000,0.0000,0.0032,0.0039,0.0036,0.0038,0.0034,0.0034,0.0000,0.0000,0.0000,0.0000,0.0036,0.0037,0.0036,0.0036,0.0035,0.0000,0.0000
[EITKit] Sending Frame Data...
FRAME_DATA,0.0000,0.0000,0.0032,0.0033,0.0032,0.0032,0.0033,0.0000,0.0000,0.0000,0.0000,0.0030,0.0030,0.0030,0.0030,0.0029,0.0035,0.0000,0.0000,0.0000,0.0034,0.0034,0.0034,0.0030,0.0036,0.0035,0.0000,0.0000,0.0000,0.0034,0.0033,0.0032,0.0033,0.0035,0.0035,0.0000,0.0000,0.0000,0.0032,0.0034,0.0035,0.0033,0.0034,0.0034,0.0000,0.0000,0.0000,0.0033,0.0035,0.0032,0.0034,0.0033,0.0033,0.0000,0.0000,0.0000,0.0000,0.0031,0.0031,0.0029,0.0032,0.0032,0.0000,0.0000
[EITKit] Sending Frame Data...
FRAME_DATA,0.0000,0.0000,0.0031,0.0031,0.0032,0.0033,0.0036,0.0000,0.0000,0.0000,0.0000,0.0027,0.0028,0.0027,0.0029,0.0029,0.0031,0.0000,0.0000,0.0000,0.0030,0.0030,0.0029,0.0030,0.0035,0.0033,0.0000,0.0000,0.0000,0.0031,0.0031,0.0030,0.0034,0.0036,0.0034,0.0000,0.0000,0.0000,0.0031,0.0031,0.0035,0.0035,0.0035,0.0033,0.0000,0.0000,0.0000,0.0031,0.0034,0.0033,0.0035,0.0033,0.0032,0.0000,0.0000,0.0000,0.0000,0.0030,0.0032,0.0031,0.0034,0.0033,0.0000,0.0000
[EITKit] Sending Frame Data...
FRAME_DATA,0.0000,0.0000,0.0031,0.0030,0.0032,0.0032,0.0035,0.0000,0.0000,0.0000,0.0000,0.0028,0.0028,0.0026,0.0029,0.0030,0.0033,0.0000,0.0000,0.0000,0.0031,0.0031,0.0030,0.0029,0.0036,0.0033,0.0000,0.0000,0.0000,0.0032,0.0031,0.0029,0.0037,0.0036,0.0036,0.0000,0.0000,0.0000,0.0032,0.0032,0.0036,0.0036,0.0036,0.0034,0.0000,0.0000,0.0000,0.0032,0.0035,0.0033,0.0036,0.0036,0.0034,0.0000,0.0000,0.0000,0.0000,0.0030,0.0032,0.0031,0.0034,0.0034,0.0000,0.0000
[EITKit] Sending Frame Data...
FRAME_DATA,0.0000,0.0000,0.0034,0.0033,0.0033,0.0031,0.0033,0.0000,0.0000,0.0000,0.0000,0.0031,0.0030,0.0029,0.0028,0.0027,0.0035,0.0000,0.0000,0.0000,0.0035,0.0033,0.0032,0.0028,0.0034,0.0034,0.0000,0.0000,0.0000,0.0033,0.0032,0.0030,0.0032,0.0034,0.0035,0.0000,0.0000,0.0000,0.0034,0.0034,0.0032,0.0031,0.0033,0.0033,0.0000,0.0000,0.0000,0.0032,0.0032,0.0030,0.0032,0.0033,0.0033,0.0000,0.0000,0.0000,0.0000,0.0029,0.0029,0.0028,0.0030,0.0030,0.0000,0.0000
[EITKit] Sending Frame Data...
FRAME_DATA,0.0000,0.0000,0.0035,0.0033,0.0032,0.0030,0.0032,0.0000,0.0000,0.0000,0.0000,0.0031,0.0030,0.0028,0.0029,0.0026,0.0037,0.0000,0.0000,0.0000,0.0037,0.0034,0.0033,0.0028,0.0036,0.0036,0.0000,0.0000,0.0000,0.0035,0.0033,0.0032,0.0034,0.0035,0.0037,0.0000,0.0000,0.0000,0.0035,0.0035,0.0032,0.0032,0.0035,0.0035,0.0000,0.0000,0.0000,0.0033,0.0031,0.0031,0.0033,0.0033,0.0035,0.0000,0.0000,0.0000,0.0000,0.0031,0.0030,0.0028,0.0032,0.0033,0.0000,0.0000
[EITKit] Sending Frame Data...
FRAME_DATA,0.0000,0.0000,0.0031,0.0033,0.0033,0.0031,0.0033,0.0000,0.0000,0.0000,0.0000,0.0028,0.0027,0.0029,0.0030,0.0027,0.0033,0.0000,0.0000,0.0000,0.0030,0.0032,0.0032,0.0030,0.0034,0.0032,0.0000,0.0000,0.0000,0.0031,0.0029,0.0032,0.0034,0.0032,0.0033,0.0000,0.0000,0.0000,0.0031,0.0031,0.0033,0.0032,0.0033,0.0034,0.0000,0.0000,0.0000,0.0031,0.0033,0.0032,0.0034,0.0030,0.0033,0.0000,0.0000,0.0000,0.0000,0.0030,0.0030,0.0031,0.0033,0.0030,0.0000,0.0000
[EITKit] Sending Frame Data...
FRAME_DATA,0.0000,0.0000,0.0034,0.0035,0.0034,0.0032,0.0031,0.0000,0.0000,0.0000,0.0000,0.0030,0.0030,0.0030,0.0030,0.0027,0.0035,0.0000,0.0000,0.0000,0.0034,0.0035,0.0035,0.0031,0.0034,0.0034,0.0000,0.0000,0.0000,0.0033,0.0033,0.0034,0.0033,0.0033,0.0035,0.0000,0.0000,0.0000,0.0036,0.0033,0.0033,0.0033,0.0035,0.0036,0.0000,0.0000,0.0000,0.0035,0.0033,0.0032,0.0033,0.0035,0.0036,0.0000,0.0000,0.0000,0.0000,0.0033,0.0032,0.0029,0.0032,0.0031,0.0000,0.0000
[EITKit] Sending Frame Data...
FRAME_DATA,0.0000,0.0000,0.0031,0.0029,0.0030,0.0029,0.0028,0.0000,0.0000,0.0000,0.0000,0.0028,0.0029,0.0026,0.0025,0.0024,0.0033,0.0000,0.0000,0.0000,0.0032,0.0032,0.0030,0.0027,0.0033,0.0033,0.0000,0.0000,0.0000,0.0033,0.0031,0.0029,0.0029,0.0031,0.0034,0.0000,0.0000,0.0000,0.0033,0.0032,0.0030,0.0027,0.0032,0.0033,0.0000,0.0000,0.0000,0.0033,0.0027,0.0027,0.0029,0.0029,0.0033,0.0000,0.0000,0.0000,0.0000,0.0028,0.0028,0.0027,0.0028,0.0030,0.0000,0.0000
[EITKit] Sending Frame Data...
FRAME_DATA,0.0000,0.0000,0.0028,0.0027,0.0027,0.0026,0.0028,0.0000,0.0000,0.0000,0.0000,0.0029,0.0028,0.0025,0.0025,0.0023,0.0033,0.0000,0.0000,0.0000,0.0031,0.0030,0.0027,0.0025,0.0033,0.0035,0.0000,0.0000,0.0000,0.0032,0.0031,0.0027,0.0030,0.0032,0.0032,0.0000,0.0000,0.0000,0.0032,0.0030,0.0028,0.0029,0.0032,0.0032,0.0000,0.0000,0.0000,0.0033,0.0029,0.0027,0.0030,0.0030,0.0034,0.0000,0.0000,0.0000,0.0000,0.0027,0.0027,0.0026,0.0028,0.0028,0.0000,0.0000
[EITKit] Sending Frame Data...
FRAME_DATA,0.0000,0.0000,0.0029,0.0027,0.0028,0.0029,0.0029,0.0000,0.0000,0.0000,0.0000,0.0029,0.0029,0.0024,0.0024,0.0024,0.0034,0.0000,0.0000,0.0000,0.0031,0.0029,0.0028,0.0026,0.0034,0.0034,0.0000,0.0000,0.0000,0.0032,0.0032,0.0028,0.0032,0.0033,0.0034,0.0000,0.0000,0.0000,0.0032,0.0034,0.0030,0.0032,0.0034,0.0032,0.0000,0.0000,0.0000,0.0033,0.0028,0.0028,0.0030,0.0031,0.0032,0.0000,0.0000,0.0000,0.0000,0.0027,0.0029,0.0028,0.0030,0.0031,0.0000,0.0000
[EITKit] Sending Frame Data...
FRAME_DATA,0.0000,0.0000,0.0032,0.0033,0.0034,0.0034,0.0032,0.0000,0.0000,0.0000,0.0000,0.0031,0.0032,0.0031,0.0029,0.0029,0.0032,0.0000,0.0000,0.0000,0.0033,0.0032,0.0032,0.0031,0.0034,0.0033,0.0000,0.0000,0.0000,0.0031,0.0034,0.0032,0.0032,0.0032,0.0033,0.0000,0.0000,0.0000,0.0032,0.0035,0.0033,0.0033,0.0034,0.0032,0.0000,0.0000,0.0000,0.0034,0.0035,0.0032,0.0033,0.0033,0.0033,0.0000,0.0000,0.0000,0.0000,0.0032,0.0033,0.0030,0.0031,0.0031,0.0000,0.0000
[EITKit] Sending Frame Data...
FRAME_DATA,0.0000,0.0000,0.0036,0.0038,0.0036,0.0036,0.0035,0.0000,0.0000,0.0000,0.0000,0.0033,0.0035,0.0035,0.0034,0.0032,0.0032,0.0000,0.0000,0.0000,0.0034,0.0035,0.0036,0.0033,0.0032,0.0032,0.0000,0.0000,0.0000,0.0032,0.0036,0.0035,0.0033,0.0033,0.0034,0.0000,0.0000,0.0000,0.0034,0.0033,0.0035,0.0032,0.0033,0.0031,0.0000,0.0000,0.0000,0.0033,0.0037,0.0034,0.0033,0.0031,0.0033,0.0000,0.0000,0.0000,0.0000,0.0035,0.0036,0.0034,0.0035,0.0031,0.0000,0.0000
[EITKit] Sending Frame Data...
FRAME_DATA,0.0000,0.0000,0.0034,0.0036,0.0036,0.0037,0.0033,0.0000,0.0000,0.0000,0.0000,0.0029,0.0031,0.0032,0.0034,0.0032,0.0032,0.0000,0.0000,0.0000,0.0031,0.0033,0.0035,0.0033,0.0032,0.0032,0.0000,0.0000,0.0000,0.0031,0.0033,0.0033,0.0033,0.0032,0.0031,0.0000,0.0000,0.0000,0.0032,0.0031,0.0034,0.0033,0.0033,0.0031,0.0000,0.0000,0.0000,0.0031,0.0038,0.0036,0.0034,0.0031,0.0032,0.0000,0.0000,0.0000,0.0000,0.0034,0.0035,0.0033,0.0034,0.0032,0.0000,0.0000
[EITKit] Sending Frame Data...
FRAME_DATA,0.0000,0.0000,0.0035,0.0036,0.0034,0.0035,0.0030,0.0000,0.0000,0.0000,0.0000,0.0031,0.0032,0.0033,0.0031,0.0029,0.0031,0.0000,0.0000,0.0000,0.0032,0.0035,0.0033,0.0034,0.0032,0.0032,0.0000,0.0000,0.0000,0.0032,0.0035,0.0033,0.0030,0.0031,0.0032,0.0000,0.0000,0.0000,0.0034,0.0034,0.0033,0.0032,0.0031,0.0032,0.0000,0.0000,0.0000,0.0033,0.0036,0.0032,0.0031,0.0030,0.0030,0.0000,0.0000,0.0000,0.0000,0.0032,0.0034,0.0030,0.0032,0.0029,0.0000,0.0000
[EITKit] Sending Frame Data...
FRAME_DATA,0.0000,0.0000,0.0033,0.0032,0.0033,0.0035,0.0034,0.0000,0.0000,0.0000,0.0000,0.0026,0.0030,0.0030,0.0031,0.0031,0.0033,0.0000,0.0000,0.0000,0.0033,0.0032,0.0030,0.0031,0.0034,0.0033,0.0000,0.0000,0.0000,0.0032,0.0033,0.0031,0.0034,0.0035,0.0033,0.0000,0.0000,0.0000,0.0034,0.0032,0.0036,0.0033,0.0033,0.0032,0.0000,0.0000,0.0000,0.0033,0.0036,0.0034,0.0034,0.0034,0.0032,0.0000,0.0000,0.0000,0.0000,0.0031,0.0033,0.0031,0.0035,0.0033,0.0000,0.0000
[EITKit] Sending Frame Data...
FRAME_DATA,0.0000,0.0000,0.0033,0.0034,0.0035,0.0038,0.0036,0.0000,0.0000,0.0000,0.0000,0.0027,0.0032,0.0033,0.0035,0.0034,0.0035,0.0000,0.0000,0.0000,0.0033,0.0032,0.0030,0.0035,0.0035,0.0034,0.0000,0.0000,0.0000,0.0031,0.0034,0.0031,0.0037,0.0036,0.0035,0.0000,0.0000,0.0000,0.0033,0.0032,0.0036,0.0035,0.0033,0.0033,0.0000,0.0000,0.0000,0.0032,0.0038,0.0036,0.0037,0.0035,0.0033,0.0000,0.0000,0.0000,0.0000,0.0034,0.0035,0.0032,0.0035,0.0035,0.0000,0.0000
[EITKit] Sending Frame Data...
FRAME_DATA,0.0000,0.0000,0.0033,0.0034,0.0037,0.0038,0.0036,0.0000,0.0000,0.0000,0.0000,0.0029,0.0032,0.0033,0.0036,0.0036,0.0035,0.0000,0.0000,0.0000,0.0033,0.0032,0.0034,0.0036,0.0035,0.0035,0.0000,0.0000,0.0000,0.0033,0.0034,0.0034,0.0037,0.0035,0.0035,0.0000,0.0000,0.0000,0.0033,0.0032,0.0037,0.0036,0.0034,0.0032,0.0000,0.0000,0.0000,0.0032,0.0039,0.0038,0.0037,0.0034,0.0034,0.0000,0.0000,0.0000,0.0000,0.0034,0.0035,0.0034,0.0035,0.0034,0.0000,0.0000
[EITKit] Sending Frame Data...
FRAME_DATA,0.0000,0.0000,0.0030,0.0032,0.0037,0.0036,0.0033,0.0000,0.0000,0.0000,0.0000,0.0026,0.0030,0.0031,0.0033,0.0033,0.0030,0.0000,0.0000,0.0000,0.0028,0.0028,0.0031,0.0032,0.0030,0.0032,0.0000,0.0000,0.0000,0.0028,0.0029,0.0030,0.0035,0.0032,0.0031,0.0000,0.0000,0.0000,0.0030,0.0028,0.0035,0.0034,0.0031,0.0030,0.0000,0.0000,0.0000,0.0028,0.0038,0.0035,0.0036,0.0031,0.0030,0.0000,0.0000,0.0000,0.0000,0.0032,0.0034,0.0034,0.0034,0.0033,0.0000,0.0000
[EITKit] Sending Frame Data...
FRAME_DATA,0.0000,0.0000,0.0030,0.0028,0.0032,0.0030,0.0028,0.0000,0.0000,0.0000,0.0000,0.0029,0.0030,0.0029,0.0028,0.0026,0.0030,0.0000,0.0000,0.0000,0.0030,0.0030,0.0031,0.0028,0.0030,0.0031,0.0000,0.0000,0.0000,0.0028,0.0030,0.0029,0.0031,0.0030,0.0032,0.0000,0.0000,0.0000,0.0030,0.0030,0.0029,0.0029,0.0029,0.0030,0.0000,0.0000,0.0000,0.0031,0.0032,0.0030,0.0030,0.0026,0.0028,0.0000,0.0000,0.0000,0.0000,0.0031,0.0031,0.0028,0.0028,0.0028,0.0000,0.0000
[EITKit] Sending Frame Data...
FRAME_DATA,0.0000,0.0000,0.0029,0.0030,0.0030,0.0029,0.0027,0.0000,0.0000,0.0000,0.0000,0.0029,0.0030,0.0030,0.0029,0.0026,0.0026,0.0000,0.0000,0.0000,0.0029,0.0029,0.0030,0.0027,0.0026,0.0026,0.0000,0.0000,0.0000,0.0026,0.0029,0.0032,0.0027,0.0026,0.0029,0.0000,0.0000,0.0000,0.0027,0.0030,0.0026,0.0027,0.0026,0.0026,0.0000,0.0000,0.0000,0.0026,0.0031,0.0028,0.0030,0.0026,0.0027,0.0000,0.0000,0.0000,0.0000,0.0032,0.0031,0.0029,0.0025,0.0027,0.0000,0.0000
[EITKit] Sending Frame Data...
FRAME_DATA,0.0000,0.0000,0.0024,0.0025,0.0026,0.0025,0.0028,0.0000,0.0000,0.0000,0.0000,0.0024,0.0025,0.0024,0.0024,0.0024,0.0028,0.0000,0.0000,0.0000,0.0027,0.0027,0.0027,0.0024,0.0029,0.0028,0.0000,0.0000,0.0000,0.0028,0.0028,0.0027,0.0028,0.0026,0.0028,0.0000,0.0000,0.0000,0.0026,0.0027,0.0026,0.0027,0.0026,0.0030,0.0000,0.0000,0.0000,0.0028,0.0028,0.0025,0.0027,0.0027,0.0027,0.0000,0.0000,0.0000,0.0000,0.0026,0.0025,0.0024,0.0026,0.0027,0.0000,0.0000
[EITKit] Sending Frame Data...
FRAME_DATA,0.0000,0.0000,0.0027,0.0028,0.0027,0.0025,0.0026,0.0000,0.0000,0.0000,0.0000,0.0024,0.0028,0.0025,0.0023,0.0026,0.0025,0.0000,0.0000,0.0000,0.0026,0.0027,0.0029,0.0026,0.0025,0.0025,0.0000,0.0000,0.0000,0.0027,0.0028,0.0029,0.0026,0.0024,0.0026,0.0000,0.0000,0.0000,0.0027,0.0027,0.0025,0.0024,0.0025,0.0026,0.0000,0.0000,0.0000,0.0024,0.0029,0.0025,0.0025,0.0024,0.0024,0.0000,0.0000,0.0000,0.0000,0.0031,0.0031,0.0030,0.0027,0.0024,0.0000,0.0000
[EITKit] Sending Frame Data...
FRAME_DATA,0.0000,0.0000,0.0023,0.0024,0.0023,0.0024,0.0025,0.0000,0.0000,0.0000,0.0000,0.0022,0.0023,0.0022,0.0020,0.0027,0.0026,0.0000,0.0000,0.0000,0.0027,0.0026,0.0025,0.0024,0.0027,0.0030,0.0000,0.0000,0.0000,0.0027,0.0025,0.0025,0.0026,0.0029,0.0027,0.0000,0.0000,0.0000,0.0027,0.0025,0.0024,0.0027,0.0028,0.0031,0.0000,0.0000,0.0000,0.0026,0.0024,0.0026,0.0027,0.0027,0.0026,0.0000,0.0000,0.0000,0.0000,0.0025,0.0025,0.0029,0.0029,0.0028,0.0000,0.0000
[EITKit] Sending Frame Data...
FRAME_DATA,0.0000,0.0000,0.0024,0.0024,0.0022,0.0022,0.0023,0.0000,0.0000,0.0000,0.0000,0.0047,0.0046,0.0039,0.0030,0.0025,0.0032,0.0000,0.0000,0.0000,0.0035,0.0034,0.0033,0.0025,0.0026,0.0032,0.0000,0.0000,0.0000,0.0032,0.0034,0.0032,0.0024,0.0030,0.0034,0.0000,0.0000,0.0000,0.0034,0.0039,0.0022,0.0027,0.0033,0.0034,0.0000,0.0000,0.0000,0.0036,0.0023,0.0023,0.0025,0.0027,0.0030,0.0000,0.0000,0.0000,0.0000,0.0030,0.0027,0.0025,0.0025,0.0029,0.0000,0.0000
[EITKit] Sending Frame Data...
FRAME_DATA,0.0000,0.0000,0.0023,0.0023,0.0021,0.0022,0.0028,0.0000,0.0000,0.0000,0.0000,0.0052,0.0046,0.0033,0.0030,0.0034,0.0048,0.0000,0.0000,0.0000,0.0047,0.0040,0.0035,0.0028,0.0038,0.0046,0.0000,0.0000,0.0000,0.0044,0.0041,0.0032,0.0031,0.0042,0.0043,0.0000,0.0000,0.0000,0.0045,0.0044,0.0029,0.0042,0.0048,0.0047,0.0000,0.0000,0.0000,0.0053,0.0023,0.0033,0.0037,0.0043,0.0048,0.0000,0.0000,0.0000,0.0000,0.0027,0.0026,0.0034,0.0041,0.0046,0.0000,0.0000
[EITKit] Sending Frame Data...
FRAME_DATA,0.0000,0.0000,0.0026,0.0025,0.0024,0.0021,0.0025,0.0000,0.0000,0.0000,0.0000,0.0053,0.0045,0.0037,0.0031,0.0032,0.0037,0.0000,0.0000,0.0000,0.0040,0.0038,0.0036,0.0035,0.0030,0.0040,0.0000,0.0000,0.0000,0.0041,0.0040,0.0040,0.0025,0.0033,0.0038,0.0000,0.0000,0.0000,0.0042,0.0042,0.0026,0.0032,0.0034,0.0038,0.0000,0.0000,0.0000,0.0043,0.0023,0.0028,0.0029,0.0031,0.0035,0.0000,0.0000,0.0000,0.0000,0.0038,0.0030,0.0031,0.0031,0.0035,0.0000,0.0000
[EITKit] Sending Frame Data...
FRAME_DATA,0.0000,0.0000,0.0027,0.0027,0.0027,0.0028,0.0027,0.0000,0.0000,0.0000,0.0000,0.0037,0.0033,0.0030,0.0029,0.0029,0.0032,0.0000,0.0000,0.0000,0.0032,0.0033,0.0032,0.0033,0.0028,0.0034,0.0000,0.0000,0.0000,0.0032,0.0032,0.0033,0.0028,0.0030,0.0032,0.0000,0.0000,0.0000,0.0034,0.0033,0.0030,0.0032,0.0031,0.0032,0.0000,0.0000,0.0000,0.0034,0.0028,0.0030,0.0034,0.0031,0.0031,0.0000,0.0000,0.0000,0.0000,0.0031,0.0031,0.0031,0.0031,0.0031,0.0000,0.0000
[EITKit] Sending Frame Data...
FRAME_DATA,0.0000,0.0000,0.0027,0.0026,0.0028,0.0029,0.0032,0.0000,0.0000,0.0000,0.0000,0.0032,0.0028,0.0027,0.0026,0.0027,0.0031,0.0000,0.0000,0.0000,0.0031,0.0030,0.0029,0.0029,0.0031,0.0033,0.0000,0.0000,0.0000,0.0031,0.0029,0.0029,0.0031,0.0033,0.0033,0.0000,0.0000,0.0000,0.0033,0.0031,0.0030,0.0032,0.0033,0.0033,0.0000,0.0000,0.0000,0.0034,0.0030,0.0029,0.0033,0.0032,0.0033,0.0000,0.0000,0.0000,0.0000,0.0030,0.0029,0.0029,0.0032,0.0032,0.0000,0.0000
[EITKit] Sending Frame Data...
FRAME_DATA,0.0000,0.0000,0.0030,0.0028,0.0027,0.0026,0.0029,0.0000,0.0000,0.0000,0.0000,0.0031,0.0030,0.0029,0.0026,0.0024,0.0033,0.0000,0.0000,0.0000,0.0034,0.0032,0.0030,0.0029,0.0032,0.0033,0.0000,0.0000,0.0000,0.0034,0.0032,0.0029,0.0030,0.0031,0.0033,0.0000,0.0000,0.0000,0.0033,0.0032,0.0028,0.0029,0.0031,0.0033,0.0000,0.0000,0.0000,0.0033,0.0030,0.0028,0.0031,0.0029,0.0032,0.0000,0.0000,0.0000,0.0000,0.0028,0.0028,0.0026,0.0029,0.0028,0.0000,0.0000
[EITKit] Sending Frame Data...
FRAME_DATA,0.0000,0.0000,0.0030,0.0030,0.0030,0.0029,0.0027,0.0000,0.0000,0.0000,0.0000,0.0030,0.0030,0.0029,0.0029,0.0026,0.0029,0.0000,0.0000,0.0000,0.0030,0.0029,0.0031,0.0029,0.0027,0.0028,0.0000,0.0000,0.0000,0.0028,0.0030,0.0031,0.0029,0.0027,0.0029,0.0000,0.0000,0.0000,0.0030,0.0030,0.0028,0.0026,0.0026,0.0027,0.0000,0.0000,0.0000,0.0027,0.0030,0.0029,0.0028,0.0026,0.0028,0.0000,0.0000,0.0000,0.0000,0.0028,0.0028,0.0029,0.0029,0.0026,0.0000,0.0000
[EITKit] Sending Frame Data...
FRAME_DATA,0.0000,0.0000,0.0031,0.0030,0.0028,0.0027,0.0026,0.0000,0.0000,0.0000,0.0000,0.0029,0.0029,0.0028,0.0027,0.0023,0.0028,0.0000,0.0000,0.0000,0.0030,0.0030,0.0031,0.0029,0.0025,0.0027,0.0000,0.0000,0.0000,0.0027,0.0030,0.0030,0.0025,0.0025,0.0027,0.0000,0.0000,0.0000,0.0029,0.0031,0.0027,0.0025,0.0025,0.0028,0.0000,0.0000,0.0000,0.0028,0.0030,0.0027,0.0027,0.0024,0.0026,0.0000,0.0000,0.0000,0.0000,0.0028,0.0028,0.0026,0.0026,0.0023,0.0000,0.0000
[EITKit] Sending Frame Data...
FRAME_DATA,0.0000,0.0000,0.0028,0.0030,0.0030,0.0029,0.0029,0.0000,0.0000,0.0000,0.0000,0.0026,0.0025,0.0028,0.0027,0.0028,0.0025,0.0000,0.0000,0.0000,0.0027,0.0026,0.0029,0.0028,0.0024,0.0024,0.0000,0.0000,0.0000,0.0025,0.0027,0.0028,0.0026,0.0024,0.0025,0.0000,0.0000,0.0000,0.0025,0.0025,0.0027,0.0026,0.0025,0.0025,0.0000,0.0000,0.0000,0.0025,0.0030,0.0027,0.0027,0.0027,0.0025,0.0000,0.0000,0.0000,0.0000,0.0028,0.0028,0.0028,0.0028,0.0026,0.0000,0.0000
[EITKit] Sending Frame Data...
FRAME_DATA,0.0000,0.0000,0.0031,0.0031,0.0032,0.0029,0.0029,0.0000,0.0000,0.0000,0.0000,0.0026,0.0027,0.0030,0.0028,0.0028,0.0026,0.0000,0.0000,0.0000,0.0028,0.0031,0.0030,0.0031,0.0025,0.0025,0.0000,0.0000,0.0000,0.0027,0.0030,0.0031,0.0027,0.0025,0.0026,0.0000,0.0000,0.0000,0.0027,0.0026,0.0030,0.0027,0.0027,0.0026,0.0000,0.0000,0.0000,0.0025,0.0033,0.0028,0.0029,0.0027,0.0027,0.0000,0.0000,0.0000,0.0000,0.0031,0.0030,0.0029,0.0028,0.0026,0.0000,0.0000
[EITKit] Sending Frame Data...
FRAME_DATA,0.0000,0.0000,0.0032,0.0032,0.0035,0.0031,0.0033,0.0000,0.0000,0.0000,0.0000,0.0026,0.0027,0.0029,0.0030,0.0031,0.0028,0.0000,0.0000,0.0000,0.0027,0.0029,0.0031,0.0032,0.0030,0.0028,0.0000,0.0000,0.0000,0.0028,0.0030,0.0032,0.0032,0.0028,0.0029,0.0000,0.0000,0.0000,0.0029,0.0028,0.0035,0.0032,0.0031,0.0029,0.0000,0.0000,0.0000,0.0026,0.0035,0.0032,0.0033,0.0029,0.0030,0.0000,0.0000,0.0000,0.0000,0.0031,0.0034,0.0033,0.0034,0.0029,0.0000,0.0000
[EITKit] Sending Frame Data...
FRAME_DATA,0.0000,0.0000,0.0034,0.0034,0.0034,0.0030,0.0030,0.0000,0.0000,0.0000,0.0000,0.0031,0.0029,0.0031,0.0030,0.0029,0.0032,0.0000,0.0000,0.0000,0.0032,0.0033,0.0034,0.0032,0.0030,0.0031,0.0000,0.0000,0.0000,0.0031,0.0032,0.0032,0.0032,0.0031,0.0033,0.0000,0.0000,0.0000,0.0033,0.0032,0.0034,0.0032,0.0031,0.0033,0.0000,0.0000,0.0000,0.0032,0.0035,0.0032,0.0033,0.0029,0.0032,0.0000,0.0000,0.0000,0.0000,0.0031,0.0030,0.0028,0.0030,0.0027,0.0000,0.0000
[EITKit] Sending Frame Data...
FRAME_DATA,0.0000,0.0000,0.0032,0.0033,0.0032,0.0031,0.0031,0.0000,0.0000,0.0000,0.0000,0.0031,0.0028,0.0029,0.0027,0.0027,0.0035,0.0000,0.0000,0.0000,0.0032,0.0032,0.0031,0.0031,0.0033,0.0034,0.0000,0.0000,0.0000,0.0032,0.0033,0.0032,0.0034,0.0034,0.0037,0.0000,0.0000,0.0000,0.0033,0.0033,0.0033,0.0031,0.0035,0.0035,0.0000,0.0000,0.0000,0.0033,0.0033,0.0031,0.0034,0.0031,0.0035,0.0000,0.0000,0.0000,0.0000,0.0029,0.0029,0.0027,0.0030,0.0031,0.0000,0.0000
[EITKit] Sending Frame Data...
FRAME_DATA,0.0000,0.0000,0.0033,0.0032,0.0031,0.0030,0.0029,0.0000,0.0000,0.0000,0.0000,0.0031,0.0030,0.0031,0.0029,0.0027,0.0034,0.0000,0.0000,0.0000,0.0034,0.0033,0.0031,0.0031,0.0033,0.0033,0.0000,0.0000,0.0000,0.0034,0.0034,0.0032,0.0031,0.0032,0.0034,0.0000,0.0000,0.0000,0.0034,0.0034,0.0031,0.0030,0.0032,0.0035,0.0000,0.0000,0.0000,0.0034,0.0033,0.0029,0.0032,0.0030,0.0035,0.0000,0.0000,0.0000,0.0000,0.0029,0.0028,0.0026,0.0029,0.0027,0.0000,0.0000
[EITKit] Sending Frame Data...
FRAME_DATA,0.0000,0.0000,0.0031,0.0033,0.0033,0.0033,0.0031,0.0000,0.0000,0.0000,0.0000,0.0028,0.0029,0.0031,0.0031,0.0029,0.0030,0.0000,0.0000,0.0000,0.0031,0.0031,0.0032,0.0031,0.0031,0.0031,0.0000,0.0000,0.0000,0.0031,0.0032,0.0031,0.0032,0.0031,0.0031,0.0000,0.0000,0.0000,0.0030,0.0031,0.0033,0.0031,0.0031,0.0031,0.0000,0.0000,0.0000,0.0029,0.0035,0.0031,0.0031,0.0029,0.0032,0.0000,0.0000,0.0000,0.0000,0.0030,0.0032,0.0031,0.0031,0.0029,0.0000,0.0000
[EITKit] Sending Frame Data...
FRAME_DATA,0.0000,0.0000,0.0033,0.0032,0.0032,0.0030,0.0028,0.0000,0.0000,0.0000,0.0000,0.0029,0.0030,0.0030,0.0028,0.0027,0.0031,0.0000,0.0000,0.0000,0.0032,0.0032,0.0031,0.0029,0.0029,0.0032,0.0000,0.0000,0.0000,0.0030,0.0032,0.0031,0.0029,0.0030,0.0031,0.0000,0.0000,0.0000,0.0032,0.0032,0.0030,0.0028,0.0029,0.0030,0.0000,0.0000,0.0000,0.0030,0.0031,0.0030,0.0028,0.0026,0.0030,0.0000,0.0000,0.0000,0.0000,0.0030,0.0030,0.0028,0.0026,0.0026,0.0000,0.0000
[EITKit] Sending Frame Data...
FRAME_DATA,0.0000,0.0000,0.0033,0.0033,0.0032,0.0030,0.0029,0.0000,0.0000,0.0000,0.0000,0.0029,0.0030,0.0030,0.0030,0.0028,0.0029,0.0000,0.0000,0.0000,0.0030,0.0032,0.0032,0.0030,0.0028,0.0029,0.0000,0.0000,0.0000,0.0030,0.0031,0.0032,0.0030,0.0028,0.0028,0.0000,0.0000,0.0000,0.0030,0.0029,0.0029,0.0026,0.0028,0.0028,0.0000,0.0000,0.0000,0.0028,0.0033,0.0030,0.0028,0.0027,0.0028,0.0000,0.0000,0.0000,0.0000,0.0033,0.0031,0.0029,0.0027,0.0025,0.0000,0.0000
[EITKit] Sending Frame Data...
FRAME_DATA,0.0000,0.0000,0.0034,0.0033,0.0032,0.0030,0.0029,0.0000,0.0000,0.0000,0.0000,0.0030,0.0031,0.0029,0.0029,0.0026,0.0033,0.0000,0.0000,0.0000,0.0032,0.0034,0.0032,0.0029,0.0030,0.0032,0.0000,0.0000,0.0000,0.0033,0.0033,0.0034,0.0030,0.0028,0.0030,0.0000,0.0000,0.0000,0.0033,0.0031,0.0028,0.0028,0.0030,0.0029,0.0000,0.0000,0.0000,0.0030,0.0033,0.0028,0.0029,0.0027,0.0031,0.0000,0.0000,0.0000,0.0000,0.0033,0.0031,0.0028,0.0027,0.0027,0.0000,0.0000
[EITKit] Sending Frame Data...
FRAME_DATA,0.0000,0.0000,0.0031,0.0029,0.0030,0.0030,0.0032,0.0000,0.0000,0.0000,0.0000,0.0028,0.0029,0.0025,0.0027,0.0027,0.0033,0.0000,0.0000,0.0000,0.0031,0.0031,0.0029,0.0027,0.0033,0.0032,0.0000,0.0000,0.0000,0.0031,0.0030,0.0031,0.0034,0.0032,0.0031,0.0000,0.0000,0.0000,0.0033,0.0030,0.0031,0.0031,0.0033,0.0030,0.0000,0.0000,0.0000,0.0029,0.0033,0.0030,0.0031,0.0032,0.0033,0.0000,0.0000,0.0000,0.0000,0.0029,0.0030,0.0029,0.0030,0.0030,0.0000,0.0000
[EITKit] Sending Frame Data...
FRAME_DATA,0.0000,0.0000,0.0030,0.0028,0.0029,0.0031,0.0032,0.0000,0.0000,0.0000,0.0000,0.0026,0.0027,0.0024,0.0027,0.0028,0.0031,0.0000,0.0000,0.0000,0.0029,0.0030,0.0027,0.0026,0.0033,0.0032,0.0000,0.0000,0.0000,0.0029,0.0028,0.0029,0.0035,0.0032,0.0031,0.0000,0.0000,0.0000,0.0032,0.0029,0.0032,0.0032,0.0035,0.0032,0.0000,0.0000,0.0000,0.0029,0.0032,0.0031,0.0033,0.0032,0.0034,0.0000,0.0000,0.0000,0.0000,0.0026,0.0028,0.0029,0.0031,0.0032,0.0000,0.0000
[EITKit] Sending Frame Data...
FRAME_DATA,0.0000,0.0000,0.0030,0.0029,0.0029,0.0029,0.0029,0.0000,0.0000,0.0000,0.0000,0.0027,0.0028,0.0024,0.0025,0.0026,0.0033,0.0000,0.0000,0.0000,0.0031,0.0030,0.0028,0.0026,0.0033,0.0033,0.0000,0.0000,0.0000,0.0032,0.0031,0.0029,0.0032,0.0032,0.0031,0.0000,0.0000,0.0000,0.0033,0.0030,0.0030,0.0029,0.0032,0.0032,0.0000,0.0000,0.0000,0.0030,0.0030,0.0029,0.0032,0.0033,0.0032,0.0000,0.0000,0.0000,0.0000,0.0028,0.0028,0.0027,0.0029,0.0028,0.0000,0.0000
[EITKit] Sending Frame Data...
FRAME_DATA,0.0000,0.0000,0.0027,0.0026,0.0026,0.0029,0.0031,0.0000,0.0000,0.0000,0.0000,0.0026,0.0025,0.0023,0.0024,0.0025,0.0032,0.0000,0.0000,0.0000,0.0029,0.0029,0.0027,0.0025,0.0032,0.0031,0.0000,0.0000,0.0000,0.0029,0.0028,0.0028,0.0033,0.0030,0.0033,0.0000,0.0000,0.0000,0.0031,0.0028,0.0030,0.0029,0.0032,0.0033,0.0000,0.0000,0.0000,0.0030,0.0028,0.0028,0.0031,0.0032,0.0032,0.0000,0.0000,0.0000,0.0000,0.0025,0.0026,0.0025,0.0030,0.0032,0.0000,0.0000
[EITKit] Sending Frame Data...
FRAME_DATA,0.0000,0.0000,0.0025,0.0026,0.0028,0.0030,0.0032,0.0000,0.0000,0.0000,0.0000,0.0024,0.0024,0.0024,0.0026,0.0025,0.0031,0.0000,0.0000,0.0000,0.0025,0.0026,0.0026,0.0027,0.0030,0.0030,0.0000,0.0000,0.0000,0.0028,0.0027,0.0025,0.0034,0.0031,0.0031,0.0000,0.0000,0.0000,0.0029,0.0027,0.0032,0.0031,0.0032,0.0031,0.0000,0.0000,0.0000,0.0028,0.0028,0.0030,0.0032,0.0032,0.0030,0.0000,0.0000,0.0000,0.0000,0.0024,0.0026,0.0027,0.0030,0.0031,0.0000,0.0000
[EITKit] Sending Frame Data...
FRAME_DATA,0.0000,0.0000,0.0026,0.0029,0.0030,0.0032,0.0031,0.0000,0.0000,0.0000,0.0000,0.0022,0.0024,0.0025,0.0027,0.0027,0.0028,0.0000,0.0000,0.0000,0.0024,0.0026,0.0028,0.0028,0.0030,0.0027,0.0000,0.0000,0.0000,0.0025,0.0025,0.0026,0.0033,0.0029,0.0029,0.0000,0.0000,0.0000,0.0026,0.0026,0.0034,0.0032,0.0031,0.0029,0.0000,0.0000,0.0000,0.0028,0.0032,0.0033,0.0032,0.0031,0.0030,0.0000,0.0000,0.0000,0.0000,0.0025,0.0029,0.0031,0.0030,0.0031,0.0000,0.0000
[EITKit] Sending Frame Data...
FRAME_DATA,0.0000,0.0000,0.0028,0.0032,0.0031,0.0032,0.0030,0.0000,0.0000,0.0000,0.0000,0.0022,0.0024,0.0026,0.0029,0.0028,0.0027,0.0000,0.0000,0.0000,0.0025,0.0027,0.0028,0.0029,0.0028,0.0026,0.0000,0.0000,0.0000,0.0025,0.0027,0.0028,0.0032,0.0028,0.0027,0.0000,0.0000,0.0000,0.0025,0.0026,0.0030,0.0030,0.0027,0.0027,0.0000,0.0000,0.0000,0.0026,0.0034,0.0033,0.0031,0.0031,0.0028,0.0000,0.0000,0.0000,0.0000,0.0028,0.0031,0.0031,0.0031,0.0029,0.0000,0.0000
[EITKit] Sending Frame Data...
FRAME_DATA,0.0000,0.0000,0.0028,0.0030,0.0031,0.0031,0.0028,0.0000,0.0000,0.0000,0.0000,0.0023,0.0026,0.0028,0.0030,0.0030,0.0024,0.0000,0.0000,0.0000,0.0024,0.0026,0.0027,0.0029,0.0027,0.0024,0.0000,0.0000,0.0000,0.0024,0.0024,0.0027,0.0029,0.0026,0.0026,0.0000,0.0000,0.0000,0.0024,0.0024,0.0032,0.0030,0.0027,0.0025,0.0000,0.0000,0.0000,0.0025,0.0033,0.0030,0.0030,0.0028,0.0026,0.0000,0.0000,0.0000,0.0000,0.0028,0.0031,0.0031,0.0029,0.0028,0.0000,0.0000
[EITKit] Sending Frame Data...
FRAME_DATA,0.0000,0.0000,0.0030,0.0029,0.0028,0.0028,0.0026,0.0000,0.0000,0.0000,0.0000,0.0026,0.0028,0.0029,0.0028,0.0025,0.0028,0.0000,0.0000,0.0000,0.0029,0.0029,0.0029,0.0027,0.0027,0.0029,0.0000,0.0000,0.0000,0.0029,0.0028,0.0031,0.0028,0.0027,0.0029,0.0000,0.0000,0.0000,0.0029,0.0029,0.0032,0.0027,0.0027,0.0027,0.0000,0.0000,0.0000,0.0027,0.0032,0.0028,0.0028,0.0027,0.0027,0.0000,0.0000,0.0000,0.0000,0.0029,0.0029,0.0028,0.0029,0.0027,0.0000,0.0000
[EITKit] Sending Frame Data...
FRAME_DATA,0.0000,0.0000,0.0029,0.0028,0.0029,0.0029,0.0028,0.0000,0.0000,0.0000,0.0000,0.0023,0.0024,0.0027,0.0029,0.0028,0.0027,0.0000,0.0000,0.0000,0.0028,0.0027,0.0027,0.0028,0.0028,0.0028,0.0000,0.0000,0.0000,0.0026,0.0027,0.0028,0.0030,0.0028,0.0028,0.0000,0.0000,0.0000,0.0027,0.0027,0.0034,0.0031,0.0030,0.0029,0.0000,0.0000,0.0000,0.0027,0.0034,0.0030,0.0031,0.0029,0.0030,0.0000,0.0000,0.0000,0.0000,0.0027,0.0030,0.0029,0.0032,0.0027,0.0000,0.0000
[EITKit] Sending Frame Data...
FRAME_DATA,0.0000,0.0000,0.0031,0.0031,0.0030,0.0029,0.0026,0.0000,0.0000,0.0000,0.0000,0.0026,0.0029,0.0029,0.0029,0.0026,0.0028,0.0000,0.0000,0.0000,0.0028,0.0029,0.0029,0.0028,0.0028,0.0027,0.0000,0.0000,0.0000,0.0028,0.0029,0.0029,0.0029,0.0024,0.0027,0.0000,0.0000,0.0000,0.0027,0.0029,0.0031,0.0028,0.0027,0.0027,0.0000,0.0000,0.0000,0.0026,0.0033,0.0029,0.0026,0.0027,0.0028,0.0000,0.0000,0.0000,0.0000,0.0028,0.0030,0.0029,0.0030,0.0026,0.0000,0.0000
[EITKit] Sending Frame Data...
FRAME_DATA,0.0000,0.0000,0.0025,0.0025,0.0026,0.0027,0.0027,0.0000,0.0000,0.0000,0.0000,0.0024,0.0024,0.0026,0.0027,0.0030,0.0029,0.0000,0.0000,0.0000,0.0027,0.0026,0.0026,0.0026,0.0029,0.0028,0.0000,0.0000,0.0000,0.0028,0.0024,0.0024,0.0027,0.0025,0.0031,0.0000,0.0000,0.0000,0.0027,0.0026,0.0029,0.0030,0.0030,0.0030,0.0000,0.0000,0.0000,0.0029,0.0027,0.0027,0.0028,0.0029,0.0028,0.0000,0.0000,0.0000,0.0000,0.0025,0.0025,0.0026,0.0031,0.0028,0.0000,0.0000
[EITKit] Sending Frame Data...
FRAME_DATA,0.0000,0.0000,0.0028,0.0025,0.0025,0.0025,0.0025,0.0000,0.0000,0.0000,0.0000,0.0025,0.0027,0.0030,0.0028,0.0030,0.0025,0.0000,0.0000,0.0000,0.0027,0.0027,0.0028,0.0029,0.0025,0.0025,0.0000,0.0000,0.0000,0.0028,0.0028,0.0029,0.0026,0.0023,0.0025,0.0000,0.0000,0.0000,0.0025,0.0029,0.0028,0.0027,0.0028,0.0027,0.0000,0.0000,0.0000,0.0026,0.0027,0.0031,0.0027,0.0025,0.0024,0.0000,0.0000,0.0000,0.0000,0.0030,0.0033,0.0032,0.0031,0.0026,0.0000,0.0000
[EITKit] Sending Frame Data...
FRAME_DATA,0.0000,0.0000,0.0027,0.0023,0.0024,0.0023,0.0023,0.0000,0.0000,0.0000,0.0000,0.0024,0.0025,0.0026,0.0025,0.0024,0.0028,0.0000,0.0000,0.0000,0.0027,0.0027,0.0027,0.0025,0.0026,0.0027,0.0000,0.0000,0.0000,0.0028,0.0028,0.0026,0.0026,0.0024,0.0027,0.0000,0.0000,0.0000,0.0028,0.0027,0.0025,0.0025,0.0028,0.0028,0.0000,0.0000,0.0000,0.0030,0.0025,0.0026,0.0025,0.0028,0.0024,0.0000,0.0000,0.0000,0.0000,0.0027,0.0026,0.0027,0.0027,0.0024,0.0000,0.0000
[EITKit] Sending Frame Data...
FRAME_DATA,0.0000,0.0000,0.0027,0.0026,0.0028,0.0027,0.0027,0.0000,0.0000,0.0000,0.0000,0.0024,0.0023,0.0025,0.0027,0.0028,0.0026,0.0000,0.0000,0.0000,0.0025,0.0025,0.0027,0.0028,0.0025,0.0024,0.0000,0.0000,0.0000,0.0025,0.0025,0.0026,0.0028,0.0026,0.0026,0.0000,0.0000,0.0000,0.0026,0.0026,0.0028,0.0028,0.0027,0.0026,0.0000,0.0000,0.0000,0.0026,0.0026,0.0026,0.0029,0.0027,0.0025,0.0000,0.0000,0.0000,0.0000,0.0027,0.0027,0.0029,0.0028,0.0026,0.0000,0.0000
[EITKit] Sending Frame Data...
FRAME_DATA,0.0000,0.0000,0.0026,0.0026,0.0030,0.0030,0.0030,0.0000,0.0000,0.0000,0.0000,0.0024,0.0023,0.0026,0.0026,0.0029,0.0027,0.0000,0.0000,0.0000,0.0029,0.0025,0.0027,0.0029,0.0028,0.0026,0.0000,0.0000,0.0000,0.0025,0.0025,0.0026,0.0032,0.0030,0.0028,0.0000,0.0000,0.0000,0.0028,0.0024,0.0031,0.0031,0.0031,0.0030,0.0000,0.0000,0.0000,0.0027,0.0027,0.0028,0.0032,0.0030,0.0027,0.0000,0.0000,0.0000,0.0000,0.0026,0.0028,0.0030,0.0030,0.0029,0.0000,0.0000
[EITKit] Sending Frame Data...
FRAME_DATA,0.0000,0.0000,0.0030,0.0028,0.0028,0.0028,0.0028,0.0000,0.0000,0.0000,0.0000,0.0026,0.0025,0.0025,0.0025,0.0026,0.0030,0.0000,0.0000,0.0000,0.0029,0.0028,0.0027,0.0027,0.0032,0.0031,0.0000,0.0000,0.0000,0.0029,0.0029,0.0026,0.0032,0.0033,0.0031,0.0000,0.0000,0.0000,0.0029,0.0028,0.0029,0.0030,0.0032,0.0032,0.0000,0.0000,0.0000,0.0031,0.0028,0.0027,0.0030,0.0031,0.0032,0.0000,0.0000,0.0000,0.0000,0.0027,0.0029,0.0028,0.0030,0.0030,0.0000,0.0000
[EITKit] Sending Frame Data...
FRAME_DATA,0.0000,0.0000,0.0031,0.0028,0.0029,0.0028,0.0027,0.0000,0.0000,0.0000,0.0000,0.0028,0.0028,0.0028,0.0026,0.0025,0.0031,0.0000,0.0000,0.0000,0.0030,0.0030,0.0028,0.0028,0.0031,0.0029,0.0000,0.0000,0.0000,0.0030,0.0030,0.0029,0.0029,0.0029,0.0031,0.0000,0.0000,0.0000,0.0031,0.0031,0.0029,0.0028,0.0030,0.0031,0.0000,0.0000,0.0000,0.0031,0.0029,0.0026,0.0029,0.0031,0.0032,0.0000,0.0000,0.0000,0.0000,0.0028,0.0028,0.0026,0.0027,0.0027,0.0000,0.0000
[EITKit] Sending Frame Data...
FRAME_DATA,0.0000,0.0000,0.0032,0.0031,0.0032,0.0030,0.0029,0.0000,0.0000,0.0000,0.0000,0.0027,0.0029,0.0030,0.0029,0.0027,0.0028,0.0000,0.0000,0.0000,0.0029,0.0029,0.0029,0.0029,0.0028,0.0027,0.0000,0.0000,0.0000,0.0029,0.0029,0.0030,0.0029,0.0028,0.0029,0.0000,0.0000,0.0000,0.0028,0.0028,0.0028,0.0028,0.0028,0.0029,0.0000,0.0000,0.0000,0.0028,0.0033,0.0029,0.0028,0.0031,0.0030,0.0000,0.0000,0.0000,0.0000,0.0030,0.0031,0.0030,0.0028,0.0026,0.0000,0.0000
[EITKit] Sending Frame Data...
FRAME_DATA,0.0000,0.0000,0.0027,0.0029,0.0032,0.0033,0.0031,0.0000,0.0000,0.0000,0.0000,0.0025,0.0027,0.0029,0.0031,0.0030,0.0029,0.0000,0.0000,0.0000,0.0029,0.0028,0.0027,0.0029,0.0030,0.0029,0.0000,0.0000,0.0000,0.0029,0.0027,0.0027,0.0032,0.0030,0.0028,0.0000,0.0000,0.0000,0.0026,0.0028,0.0031,0.0032,0.0030,0.0029,0.0000,0.0000,0.0000,0.0027,0.0031,0.0032,0.0032,0.0032,0.0030,0.0000,0.0000,0.0000,0.0000,0.0027,0.0031,0.0029,0.0031,0.0029,0.0000,0.0000
[EITKit] Sending Frame Data...
FRAME_DATA,0.0000,0.0000,0.0029,0.0028,0.0030,0.0031,0.0031,0.0000,0.0000,0.0000,0.0000,0.0027,0.0027,0.0026,0.0027,0.0026,0.0030,0.0000,0.0000,0.0000,0.0029,0.0028,0.0027,0.0027,0.0032,0.0031,0.0000,0.0000,0.0000,0.0030,0.0028,0.0026,0.0033,0.0033,0.0031,0.0000,0.0000,0.0000,0.0031,0.0028,0.0030,0.0031,0.0031,0.0032,0.0000,0.0000,0.0000,0.0028,0.0028,0.0030,0.0031,0.0032,0.0032,0.0000,0.0000,0.0000,0.0000,0.0026,0.0029,0.0027,0.0029,0.0030,0.0000,0.0000
[EITKit] Sending Frame Data...
FRAME_DATA,0.0000,0.0000,0.0030,0.0029,0.0029,0.0027,0.0028,0.0000,0.0000,0.0000,0.0000,0.0028,0.0030,0.0027,0.0027,0.0025,0.0031,0.0000,0.0000,0.0000,0.0030,0.0031,0.0029,0.0027,0.0030,0.0031,0.0000,0.0000,0.0000,0.0030,0.0031,0.0028,0.0030,0.0030,0.0031,0.0000,0.0000,0.0000,0.0032,0.0030,0.0026,0.0030,0.0028,0.0032,0.0000,0.0000,0.0000,0.0030,0.0030,0.0027,0.0028,0.0030,0.0031,0.0000,0.0000,0.0000,0.0000,0.0028,0.0029,0.0026,0.0026,0.0028,0.0000,0.0000
[EITKit] Sending Frame Data...
FRAME_DATA,0.0000,0.0000,0.0032,0.0031,0.0032,0.0028,0.0027,0.0000,0.0000,0.0000,0.0000,0.0029,0.0031,0.0029,0.0029,0.0026,0.0029,0.0000,0.0000,0.0000,0.0029,0.0031,0.0030,0.0029,0.0029,0.0028,0.0000,0.0000,0.0000,0.0029,0.0030,0.0030,0.0029,0.0027,0.0028,0.0000,0.0000,0.0000,0.0030,0.0030,0.0029,0.0028,0.0027,0.0029,0.0000,0.0000,0.0000,0.0028,0.0032,0.0029,0.0028,0.0029,0.0029,0.0000,0.0000,0.0000,0.0000,0.0030,0.0032,0.0028,0.0028,0.0029,0.0000,0.0000
[EITKit] Sending Frame Data...
FRAME_DATA,0.0000,0.0000,0.0028,0.0029,0.0031,0.0031,0.0030,0.0000,0.0000,0.0000,0.0000,0.0027,0.0028,0.0028,0.0029,0.0028,0.0030,0.0000,0.0000,0.0000,0.0026,0.0028,0.0027,0.0027,0.0030,0.0029,0.0000,0.0000,0.0000,0.0029,0.0029,0.0027,0.0031,0.0029,0.0028,0.0000,0.0000,0.0000,0.0028,0.0027,0.0033,0.0031,0.0030,0.0029,0.0000,0.0000,0.0000,0.0029,0.0031,0.0031,0.0031,0.0030,0.0028,0.0000,0.0000,0.0000,0.0000,0.0028,0.0033,0.0030,0.0030,0.0031,0.0000,0.0000
[EITKit] Sending Frame Data...
FRAME_DATA,0.0000,0.0000,0.0027,0.0028,0.0029,0.0028,0.0030,0.0000,0.0000,0.0000,0.0000,0.0026,0.0028,0.0025,0.0025,0.0025,0.0032,0.0000,0.0000,0.0000,0.0029,0.0027,0.0026,0.0025,0.0033,0.0031,0.0000,0.0000,0.0000,0.0029,0.0029,0.0028,0.0031,0.0032,0.0032,0.0000,0.0000,0.0000,0.0031,0.0028,0.0029,0.0030,0.0032,0.0031,0.0000,0.0000,0.0000,0.0030,0.0027,0.0030,0.0030,0.0031,0.0032,0.0000,0.0000,0.0000,0.0000,0.0027,0.0028,0.0025,0.0029,0.0030,0.0000,0.0000
[EITKit] Sending Frame Data...
FRAME_DATA,0.0000,0.0000,0.0031,0.0029,0.0028,0.0027,0.0027,0.0000,0.0000,0.0000,0.0000,0.0027,0.0029,0.0026,0.0025,0.0024,0.0031,0.0000,0.0000,0.0000,0.0031,0.0030,0.0027,0.0027,0.0029,0.0031,0.0000,0.0000,0.0000,0.0029,0.0030,0.0030,0.0029,0.0028,0.0032,0.0000,0.0000,0.0000,0.0031,0.0030,0.0028,0.0028,0.0028,0.0031,0.0000,0.0000,0.0000,0.0031,0.0030,0.0028,0.0029,0.0029,0.0031,0.0000,0.0000,0.0000,0.0000,0.0028,0.0028,0.0025,0.0025,0.0029,0.0000,0.0000
[EITKit] Sending Frame Data...
FRAME_DATA,0.0000,0.0000,0.0033,0.0033,0.0032,0.0031,0.0029,0.0000,0.0000,0.0000,0.0000,0.0028,0.0030,0.0030,0.0030,0.0027,0.0029,0.0000,0.0000,0.0000,0.0031,0.0031,0.0029,0.0029,0.0026,0.0028,0.0000,0.0000,0.0000,0.0027,0.0030,0.0031,0.0029,0.0026,0.0028,0.0000,0.0000,0.0000,0.0028,0.0031,0.0029,0.0028,0.0027,0.0027,0.0000,0.0000,0.0000,0.0029,0.0032,0.0029,0.0031,0.0028,0.0029,0.0000,0.0000,0.0000,0.0000,0.0030,0.0030,0.0026,0.0027,0.0027,0.0000,0.0000
[EITKit] Sending Frame Data...
FRAME_DATA,0.0000,0.0000,0.0032,0.0033,0.0031,0.0032,0.0029,0.0000,0.0000,0.0000,0.0000,0.0027,0.0030,0.0032,0.0031,0.0028,0.0027,0.0000,0.0000,0.0000,0.0031,0.0030,0.0031,0.0032,0.0027,0.0027,0.0000,0.0000,0.0000,0.0027,0.0030,0.0031,0.0027,0.0025,0.0028,0.0000,0.0000,0.0000,0.0027,0.0032,0.0030,0.0030,0.0027,0.0024,0.0000,0.0000,0.0000,0.0027,0.0033,0.0029,0.0030,0.0026,0.0028,0.0000,0.0000,0.0000,0.0000,0.0031,0.0030,0.0028,0.0027,0.0025,0.0000,0.0000
[EITKit] Sending Frame Data...
FRAME_DATA,0.0000,0.0000,0.0032,0.0033,0.0033,0.0030,0.0028,0.0000,0.0000,0.0000,0.0000,0.0027,0.0028,0.0030,0.0030,0.0027,0.0026,0.0000,0.0000,0.0000,0.0029,0.0031,0.0032,0.0032,0.0026,0.0026,0.0000,0.0000,0.0000,0.0027,0.0030,0.0032,0.0029,0.0025,0.0028,0.0000,0.0000,0.0000,0.0026,0.0032,0.0029,0.0029,0.0027,0.0022,0.0000,0.0000,0.0000,0.0026,0.0033,0.0028,0.0030,0.0026,0.0025,0.0000,0.0000,0.0000,0.0000,0.0032,0.0031,0.0029,0.0028,0.0026,0.0000,0.0000
[EITKit] Sending Frame Data...
FRAME_DATA,0.0000,0.0000,0.0032,0.0034,0.0033,0.0029,0.0026,0.0000,0.0000,0.0000,0.0000,0.0027,0.0029,0.0030,0.0029,0.0028,0.0026,0.0000,0.0000,0.0000,0.0029,0.0031,0.0030,0.0032,0.0025,0.0026,0.0000,0.0000,0.0000,0.0028,0.0030,0.0033,0.0028,0.0025,0.0026,0.0000,0.0000,0.0000,0.0028,0.0031,0.0030,0.0029,0.0027,0.0024,0.0000,0.0000,0.0000,0.0027,0.0035,0.0029,0.0030,0.0026,0.0026,0.0000,0.0000,0.0000,0.0000,0.0032,0.0032,0.0030,0.0029,0.0027,0.0000,0.0000
[EITKit] Sending Frame Data...
FRAME_DATA,0.0000,0.0000,0.0032,0.0033,0.0030,0.0028,0.0025,0.0000,0.0000,0.0000,0.0000,0.0029,0.0029,0.0030,0.0028,0.0025,0.0030,0.0000,0.0000,0.0000,0.0031,0.0031,0.0032,0.0029,0.0027,0.0029,0.0000,0.0000,0.0000,0.0030,0.0032,0.0031,0.0028,0.0025,0.0027,0.0000,0.0000,0.0000,0.0029,0.0031,0.0028,0.0027,0.0025,0.0026,0.0000,0.0000,0.0000,0.0029,0.0032,0.0027,0.0029,0.0025,0.0027,0.0000,0.0000,0.0000,0.0000,0.0031,0.0031,0.0028,0.0025,0.0025,0.0000,0.0000
[EITKit] Sending Frame Data...
FRAME_DATA,0.0000,0.0000,0.0028,0.0030,0.0027,0.0028,0.0027,0.0000,0.0000,0.0000,0.0000,0.0029,0.0027,0.0028,0.0026,0.0026,0.0032,0.0000,0.0000,0.0000,0.0031,0.0030,0.0029,0.0027,0.0031,0.0031,0.0000,0.0000,0.0000,0.0030,0.0031,0.0028,0.0029,0.0029,0.0029,0.0000,0.0000,0.0000,0.0030,0.0030,0.0029,0.0028,0.0030,0.0029,0.0000,0.0000,0.0000,0.0031,0.0029,0.0027,0.0030,0.0028,0.0031,0.0000,0.0000,0.0000,0.0000,0.0028,0.0027,0.0027,0.0028,0.0028,0.0000,0.0000
[EITKit] Sending Frame Data...
FRAME_DATA,0.0000,0.0000,0.0029,0.0027,0.0025,0.0028,0.0030,0.0000,0.0000,0.0000,0.0000,0.0027,0.0026,0.0026,0.0024,0.0027,0.0031,0.0000,0.0000,0.0000,0.0029,0.0029,0.0029,0.0024,0.0031,0.0031,0.0000,0.0000,0.0000,0.0029,0.0030,0.0027,0.0032,0.0032,0.0030,0.0000,0.0000,0.0000,0.0031,0.0029,0.0030,0.0030,0.0031,0.0030,0.0000,0.0000,0.0000,0.0030,0.0029,0.0028,0.0030,0.0031,0.0032,0.0000,0.0000,0.0000,0.0000,0.0027,0.0027,0.0027,0.0029,0.0029,0.0000,0.0000
[EITKit] Sending Frame Data...
FRAME_DATA,0.0000,0.0000,0.0027,0.0025,0.0027,0.0027,0.0030,0.0000,0.0000,0.0000,0.0000,0.0025,0.0025,0.0023,0.0024,0.0025,0.0031,0.0000,0.0000,0.0000,0.0030,0.0028,0.0028,0.0024,0.0032,0.0031,0.0000,0.0000,0.0000,0.0029,0.0028,0.0026,0.0033,0.0032,0.0031,0.0000,0.0000,0.0000,0.0031,0.0028,0.0031,0.0032,0.0032,0.0032,0.0000,0.0000,0.0000,0.0030,0.0029,0.0029,0.0031,0.0032,0.0034,0.0000,0.0000,0.0000,0.0000,0.0026,0.0024,0.0025,0.0030,0.0030,0.0000,0.0000
[EITKit] Sending Frame Data...
FRAME_DATA,0.0000,0.0000,0.0028,0.0028,0.0027,0.0027,0.0028,0.0000,0.0000,0.0000,0.0000,0.0028,0.0026,0.0023,0.0023,0.0024,0.0033,0.0000,0.0000,0.0000,0.0032,0.0029,0.0027,0.0025,0.0031,0.0032,0.0000,0.0000,0.0000,0.0031,0.0030,0.0026,0.0031,0.0031,0.0031,0.0000,0.0000,0.0000,0.0031,0.0029,0.0027,0.0029,0.0032,0.0033,0.0000,0.0000,0.0000,0.0030,0.0029,0.0027,0.0031,0.0032,0.0033,0.0000,0.0000,0.0000,0.0000,0.0027,0.0022,0.0024,0.0027,0.0030,0.0000,0.0000
[EITKit] Sending Frame Data...
FRAME_DATA,0.0000,0.0000,0.0031,0.0030,0.0030,0.0027,0.0028,0.0000,0.0000,0.0000,0.0000,0.0027,0.0027,0.0028,0.0028,0.0024,0.0030,0.0000,0.0000,0.0000,0.0030,0.0030,0.0029,0.0029,0.0027,0.0029,0.0000,0.0000,0.0000,0.0029,0.0031,0.0030,0.0030,0.0027,0.0029,0.0000,0.0000,0.0000,0.0029,0.0030,0.0028,0.0029,0.0029,0.0029,0.0000,0.0000,0.0000,0.0028,0.0032,0.0027,0.0029,0.0029,0.0030,0.0000,0.0000,0.0000,0.0000,0.0028,0.0028,0.0027,0.0027,0.0028,0.0000,0.0000
[EITKit] Sending Frame Data...
FRAME_DATA,0.0000,0.0000,0.0029,0.0028,0.0031,0.0028,0.0029,0.0000,0.0000,0.0000,0.0000,0.0025,0.0024,0.0025,0.0026,0.0027,0.0029,0.0000,0.0000,0.0000,0.0028,0.0028,0.0025,0.0026,0.0030,0.0029,0.0000,0.0000,0.0000,0.0029,0.0029,0.0028,0.0031,0.0029,0.0030,0.0000,0.0000,0.0000,0.0029,0.0029,0.0030,0.0031,0.0032,0.0029,0.0000,0.0000,0.0000,0.0029,0.0030,0.0028,0.0030,0.0031,0.0032,0.0000,0.0000,0.0000,0.0000,0.0024,0.0027,0.0028,0.0029,0.0030,0.0000,0.0000
[EITKit] Sending Frame Data...
FRAME_DATA,0.0000,0.0000,0.0030,0.0029,0.0031,0.0027,0.0027,0.0000,0.0000,0.0000,0.0000,0.0028,0.0028,0.0027,0.0027,0.0024,0.0030,0.0000,0.0000,0.0000,0.0029,0.0030,0.0027,0.0026,0.0032,0.0030,0.0000,0.0000,0.0000,0.0029,0.0031,0.0030,0.0029,0.0029,0.0031,0.0000,0.0000,0.0000,0.0030,0.0032,0.0028,0.0028,0.0030,0.0029,0.0000,0.0000,0.0000,0.0032,0.0029,0.0026,0.0027,0.0027,0.0032,0.0000,0.0000,0.0000,0.0000,0.0026,0.0027,0.0027,0.0027,0.0027,0.0000,0.0000
[EITKit] Sending Frame Data...
FRAME_DATA,0.0000,0.0000,0.0029,0.0030,0.0033,0.0030,0.0030,0.0000,0.0000,0.0000,0.0000,0.0026,0.0025,0.0026,0.0029,0.0027,0.0028,0.0000,0.0000,0.0000,0.0025,0.0026,0.0027,0.0028,0.0030,0.0029,0.0000,0.0000,0.0000,0.0027,0.0026,0.0029,0.0030,0.0029,0.0031,0.0000,0.0000,0.0000,0.0027,0.0027,0.0031,0.0031,0.0030,0.0028,0.0000,0.0000,0.0000,0.0027,0.0031,0.0029,0.0031,0.0029,0.0030,0.0000,0.0000,0.0000,0.0000,0.0026,0.0029,0.0029,0.0028,0.0029,0.0000,0.0000
[EITKit] Sending Frame Data...
FRAME_DATA,0.0000,0.0000,0.0031,0.0032,0.0032,0.0028,0.0028,0.0000,0.0000,0.0000,0.0000,0.0028,0.0028,0.0028,0.0028,0.0026,0.0026,0.0000,0.0000,0.0000,0.0027,0.0028,0.0031,0.0030,0.0027,0.0027,0.0000,0.0000,0.0000,0.0028,0.0027,0.0032,0.0027,0.0025,0.0028,0.0000,0.0000,0.0000,0.0027,0.0027,0.0031,0.0030,0.0029,0.0026,0.0000,0.0000,0.0000,0.0025,0.0032,0.0029,0.0029,0.0028,0.0029,0.0000,0.0000,0.0000,0.0000,0.0029,0.0029,0.0030,0.0028,0.0027,0.0000,0.0000
[EITKit] Sending Frame Data...
FRAME_DATA,0.0000,0.0000,0.0031,0.0031,0.0030,0.0028,0.0026,0.0000,0.0000,0.0000,0.0000,0.0029,0.0027,0.0028,0.0027,0.0025,0.0029,0.0000,0.0000,0.0000,0.0029,0.0030,0.0031,0.0029,0.0028,0.0028,0.0000,0.0000,0.0000,0.0029,0.0029,0.0032,0.0027,0.0025,0.0029,0.0000,0.0000,0.0000,0.0030,0.0030,0.0030,0.0027,0.0027,0.0027,0.0000,0.0000,0.0000,0.0027,0.0031,0.0027,0.0027,0.0028,0.0028,0.0000,0.0000,0.0000,0.0000,0.0028,0.0028,0.0027,0.0027,0.0025,0.0000,0.0000
[EITKit] Sending Frame Data...
FRAME_DATA,0.0000,0.0000,0.0030,0.0030,0.0027,0.0027,0.0024,0.0000,0.0000,0.0000,0.0000,0.0029,0.0029,0.0027,0.0024,0.0023,0.0029,0.0000,0.0000,0.0000,0.0030,0.0031,0.0031,0.0027,0.0028,0.0028,0.0000,0.0000,0.0000,0.0029,0.0030,0.0030,0.0025,0.0025,0.0030,0.0000,0.0000,0.0000,0.0031,0.0031,0.0027,0.0026,0.0027,0.0028,0.0000,0.0000,0.0000,0.0029,0.0031,0.0026,0.0027,0.0025,0.0027,0.0000,0.0000,0.0000,0.0000,0.0029,0.0027,0.0024,0.0024,0.0024,0.0000,0.0000
[EITKit] Sending Frame Data...
FRAME_DATA,0.0000,0.0000,0.0032,0.0031,0.0028,0.0027,0.0025,0.0000,0.0000,0.0000,0.0000,0.0029,0.0028,0.0025,0.0023,0.0023,0.0031,0.0000,0.0000,0.0000,0.0031,0.0031,0.0031,0.0028,0.0029,0.0030,0.0000,0.0000,0.0000,0.0032,0.0033,0.0030,0.0025,0.0026,0.0030,0.0000,0.0000,0.0000,0.0032,0.0032,0.0026,0.0025,0.0027,0.0029,0.0000,0.0000,0.0000,0.0030,0.0032,0.0025,0.0026,0.0025,0.0028,0.0000,0.0000,0.0000,0.0000,0.0029,0.0027,0.0025,0.0024,0.0025,0.0000,0.0000
[EITKit] Sending Frame Data...
FRAME_DATA,0.0000,0.0000,0.0031,0.0029,0.0026,0.0027,0.0027,0.0000,0.0000,0.0000,0.0000,0.0029,0.0030,0.0026,0.0024,0.0023,0.0032,0.0000,0.0000,0.0000,0.0032,0.0030,0.0028,0.0026,0.0030,0.0032,0.0000,0.0000,0.0000,0.0033,0.0030,0.0028,0.0029,0.0029,0.0032,0.0000,0.0000,0.0000,0.0029,0.0032,0.0027,0.0028,0.0028,0.0030,0.0000,0.0000,0.0000,0.0030,0.0029,0.0025,0.0028,0.0027,0.0031,0.0000,0.0000,0.0000,0.0000,0.0027,0.0025,0.0025,0.0026,0.0027,0.0000,0.0000
[EITKit] Sending Frame Data...
FRAME_DATA,0.0000,0.0000,0.0030,0.0028,0.0028,0.0030,0.0030,0.0000,0.0000,0.0000,0.0000,0.0026,0.0025,0.0025,0.0025,0.0024,0.0031,0.0000,0.0000,0.0000,0.0030,0.0029,0.0028,0.0025,0.0031,0.0031,0.0000,0.0000,0.0000,0.0032,0.0030,0.0028,0.0032,0.0031,0.0033,0.0000,0.0000,0.0000,0.0029,0.0028,0.0030,0.0031,0.0029,0.0031,0.0000,0.0000,0.0000,0.0030,0.0029,0.0028,0.0031,0.0031,0.0033,0.0000,0.0000,0.0000,0.0000,0.0025,0.0025,0.0026,0.0028,0.0030,0.0000,0.0000
[EITKit] Sending Frame Data...
FRAME_DATA,0.0000,0.0000,0.0030,0.0029,0.0031,0.0032,0.0031,0.0000,0.0000,0.0000,0.0000,0.0024,0.0026,0.0026,0.0027,0.0027,0.0028,0.0000,0.0000,0.0000,0.0028,0.0028,0.0027,0.0028,0.0030,0.0028,0.0000,0.0000,0.0000,0.0028,0.0027,0.0027,0.0033,0.0029,0.0031,0.0000,0.0000,0.0000,0.0028,0.0026,0.0032,0.0033,0.0031,0.0029,0.0000,0.0000,0.0000,0.0028,0.0031,0.0032,0.0033,0.0031,0.0030,0.0000,0.0000,0.0000,0.0000,0.0027,0.0028,0.0029,0.0031,0.0030,0.0000,0.0000
[EITKit] Sending Frame Data...
FRAME_DATA,0.0000,0.0000,0.0032,0.0032,0.0033,0.0032,0.0030,0.0000,0.0000,0.0000,0.0000,0.0025,0.0028,0.0028,0.0027,0.0027,0.0026,0.0000,0.0000,0.0000,0.0028,0.0029,0.0029,0.0029,0.0030,0.0027,0.0000,0.0000,0.0000,0.0027,0.0029,0.0030,0.0031,0.0025,0.0027,0.0000,0.0000,0.0000,0.0026,0.0028,0.0031,0.0031,0.0028,0.0028,0.0000,0.0000,0.0000,0.0027,0.0033,0.0031,0.0031,0.0028,0.0028,0.0000,0.0000,0.0000,0.0000,0.0030,0.0031,0.0031,0.0030,0.0028,0.0000,0.0000
[EITKit] Sending Frame Data...
FRAME_DATA,0.0000,0.0000,0.0032,0.0033,0.0032,0.0032,0.0029,0.0000,0.0000,0.0000,0.0000,0.0027,0.0030,0.0029,0.0027,0.0028,0.0028,0.0000,0.0000,0.0000,0.0029,0.0030,0.0031,0.0030,0.0027,0.0027,0.0000,0.0000,0.0000,0.0027,0.0030,0.0030,0.0029,0.0026,0.0027,0.0000,0.0000,0.0000,0.0028,0.0029,0.0032,0.0030,0.0028,0.0026,0.0000,0.0000,0.0000,0.0026,0.0032,0.0030,0.0031,0.0027,0.0027,0.0000,0.0000,0.0000,0.0000,0.0031,0.0031,0.0030,0.0028,0.0028,0.0000,0.0000
[EITKit] Sending Frame Data...
FRAME_DATA,0.0000,0.0000,0.0032,0.0033,0.0033,0.0032,0.0029,0.0000,0.0000,0.0000,0.0000,0.0026,0.0027,0.0029,0.0028,0.0029,0.0028,0.0000,0.0000,0.0000,0.0028,0.0030,0.0033,0.0032,0.0028,0.0026,0.0000,0.0000,0.0000,0.0026,0.0029,0.0032,0.0029,0.0027,0.0026,0.0000,0.0000,0.0000,0.0029,0.0029,0.0032,0.0029,0.0028,0.0027,0.0000,0.0000,0.0000,0.0026,0.0034,0.0033,0.0032,0.0028,0.0028,0.0000,0.0000,0.0000,0.0000,0.0033,0.0030,0.0030,0.0028,0.0028,0.0000,0.0000
[EITKit] Sending Frame Data...
FRAME_DATA,0.0000,0.0000,0.0028,0.0030,0.0031,0.0032,0.0031,0.0000,0.0000,0.0000,0.0000,0.0025,0.0026,0.0028,0.0030,0.0029,0.0029,0.0000,0.0000,0.0000,0.0028,0.0028,0.0030,0.0029,0.0030,0.0027,0.0000,0.0000,0.0000,0.0026,0.0028,0.0026,0.0032,0.0030,0.0029,0.0000,0.0000,0.0000,0.0029,0.0028,0.0033,0.0033,0.0032,0.0029,0.0000,0.0000,0.0000,0.0029,0.0034,0.0032,0.0033,0.0031,0.0031,0.0000,0.0000,0.0000,0.0000,0.0030,0.0028,0.0030,0.0030,0.0031,0.0000,0.0000
[EITKit] Sending Frame Data...
FRAME_DATA,0.0000,0.0000,0.0031,0.0032,0.0030,0.0029,0.0027,0.0000,0.0000,0.0000,0.0000,0.0028,0.0029,0.0028,0.0030,0.0027,0.0030,0.0000,0.0000,0.0000,0.0031,0.0030,0.0032,0.0030,0.0029,0.0027,0.0000,0.0000,0.0000,0.0029,0.0031,0.0029,0.0029,0.0027,0.0030,0.0000,0.0000,0.0000,0.0031,0.0030,0.0029,0.0031,0.0029,0.0028,0.0000,0.0000,0.0000,0.0029,0.0032,0.0031,0.0031,0.0028,0.0029,0.0000,0.0000,0.0000,0.0000,0.0030,0.0030,0.0029,0.0028,0.0027,0.0000,0.0000
[EITKit] Sending Frame Data...
FRAME_DATA,0.0000,0.0000,0.0029,0.0029,0.0029,0.0029,0.0030,0.0000,0.0000,0.0000,0.0000,0.0028,0.0028,0.0027,0.0027,0.0025,0.0032,0.0000,0.0000,0.0000,0.0031,0.0029,0.0030,0.0029,0.0032,0.0030,0.0000,0.0000,0.0000,0.0029,0.0031,0.0027,0.0030,0.0029,0.0033,0.0000,0.0000,0.0000,0.0032,0.0030,0.0029,0.0032,0.0031,0.0030,0.0000,0.0000,0.0000,0.0030,0.0030,0.0029,0.0031,0.0029,0.0032,0.0000,0.0000,0.0000,0.0000,0.0026,0.0026,0.0027,0.0029,0.0030,0.0000,0.0000
[EITKit] Sending Frame Data...
FRAME_DATA,0.0000,0.0000,0.0029,0.0027,0.0029,0.0029,0.0030,0.0000,0.0000,0.0000,0.0000,0.0024,0.0024,0.0024,0.0026,0.0026,0.0029,0.0000,0.0000,0.0000,0.0031,0.0028,0.0029,0.0027,0.0033,0.0030,0.0000,0.0000,0.0000,0.0029,0.0029,0.0027,0.0032,0.0032,0.0032,0.0000,0.0000,0.0000,0.0030,0.0028,0.0031,0.0031,0.0032,0.0031,0.0000,0.0000,0.0000,0.0028,0.0030,0.0030,0.0032,0.0032,0.0032,0.0000,0.0000,0.0000,0.0000,0.0025,0.0026,0.0027,0.0030,0.0031,0.0000,0.0000
[EITKit] Sending Frame Data...
FRAME_DATA,0.0000,0.0000,0.0026,0.0026,0.0030,0.0030,0.0031,0.0000,0.0000,0.0000,0.0000,0.0025,0.0025,0.0024,0.0026,0.0027,0.0028,0.0000,0.0000,0.0000,0.0028,0.0026,0.0027,0.0028,0.0032,0.0030,0.0000,0.0000,0.0000,0.0028,0.0027,0.0026,0.0034,0.0034,0.0032,0.0000,0.0000,0.0000,0.0029,0.0028,0.0032,0.0033,0.0034,0.0031,0.0000,0.0000,0.0000,0.0029,0.0030,0.0030,0.0033,0.0032,0.0033,0.0000,0.0000,0.0000,0.0000,0.0025,0.0025,0.0028,0.0031,0.0032,0.0000,0.0000
[EITKit] Sending Frame Data...
FRAME_DATA,0.0000,0.0000,0.0026,0.0029,0.0031,0.0031,0.0032,0.0000,0.0000,0.0000,0.0000,0.0025,0.0024,0.0025,0.0026,0.0026,0.0028,0.0000,0.0000,0.0000,0.0026,0.0026,0.0026,0.0026,0.0032,0.0029,0.0000,0.0000,0.0000,0.0028,0.0026,0.0024,0.0033,0.0033,0.0031,0.0000,0.0000,0.0000,0.0029,0.0027,0.0033,0.0032,0.0033,0.0030,0.0000,0.0000,0.0000,0.0028,0.0031,0.0031,0.0034,0.0033,0.0032,0.0000,0.0000,0.0000,0.0000,0.0025,0.0027,0.0029,0.0032,0.0033,0.0000,0.0000
[EITKit] Sending Frame Data...
FRAME_DATA,0.0000,0.0000,0.0027,0.0028,0.0032,0.0033,0.0032,0.0000,0.0000,0.0000,0.0000,0.0024,0.0025,0.0024,0.0028,0.0027,0.0028,0.0000,0.0000,0.0000,0.0027,0.0026,0.0026,0.0027,0.0033,0.0028,0.0000,0.0000,0.0000,0.0027,0.0025,0.0025,0.0034,0.0032,0.0030,0.0000,0.0000,0.0000,0.0028,0.0027,0.0032,0.0033,0.0031,0.0031,0.0000,0.0000,0.0000,0.0028,0.0032,0.0031,0.0034,0.0032,0.0032,0.0000,0.0000,0.0000,0.0000,0.0024,0.0027,0.0029,0.0031,0.0033,0.0000,0.0000
[EITKit] Sending Frame Data...
FRAME_DATA,0.0000,0.0000,0.0026,0.0027,0.0031,0.0030,0.0033,0.0000,0.0000,0.0000,0.0000,0.0023,0.0024,0.0024,0.0028,0.0028,0.0028,0.0000,0.0000,0.0000,0.0027,0.0026,0.0026,0.0027,0.0033,0.0028,0.0000,0.0000,0.0000,0.0027,0.0024,0.0024,0.0034,0.0032,0.0029,0.0000,0.0000,0.0000,0.0028,0.0027,0.0032,0.0033,0.0033,0.0031,0.0000,0.0000,0.0000,0.0028,0.0032,0.0032,0.0033,0.0033,0.0031,0.0000,0.0000,0.0000,0.0000,0.0024,0.0027,0.0028,0.0032,0.0032,0.0000,0.0000
[EITKit] Sending Frame Data...
FRAME_DATA,0.0000,0.0000,0.0026,0.0027,0.0030,0.0029,0.0034,0.0000,0.0000,0.0000,0.0000,0.0025,0.0025,0.0025,0.0028,0.0027,0.0029,0.0000,0.0000,0.0000,0.0028,0.0027,0.0025,0.0025,0.0033,0.0030,0.0000,0.0000,0.0000,0.0027,0.0027,0.0025,0.0033,0.0034,0.0030,0.0000,0.0000,0.0000,0.0029,0.0029,0.0031,0.0034,0.0034,0.0032,0.0000,0.0000,0.0000,0.0030,0.0032,0.0030,0.0032,0.0032,0.0032,0.0000,0.0000,0.0000,0.0000,0.0024,0.0026,0.0027,0.0031,0.0033,0.0000,0.0000
[EITKit] Sending Frame Data...
FRAME_DATA,0.0000,0.0000,0.0027,0.0027,0.0028,0.0027,0.0030,0.0000,0.0000,0.0000,0.0000,0.0027,0.0027,0.0025,0.0025,0.0025,0.0032,0.0000,0.0000,0.0000,0.0030,0.0027,0.0027,0.0023,0.0034,0.0031,0.0000,0.0000,0.0000,0.0029,0.0028,0.0025,0.0032,0.0033,0.0032,0.0000,0.0000,0.0000,0.0030,0.0030,0.0029,0.0031,0.0033,0.0033,0.0000,0.0000,0.0000,0.0031,0.0030,0.0027,0.0030,0.0032,0.0033,0.0000,0.0000,0.0000,0.0000,0.0026,0.0026,0.0025,0.0028,0.0031,0.0000,0.0000
[EITKit] Sending Frame Data...
FRAME_DATA,0.0000,0.0000,0.0030,0.0029,0.0029,0.0028,0.0028,0.0000,0.0000,0.0000,0.0000,0.0028,0.0030,0.0029,0.0028,0.0026,0.0030,0.0000,0.0000,0.0000,0.0031,0.0031,0.0033,0.0027,0.0029,0.0029,0.0000,0.0000,0.0000,0.0030,0.0031,0.0029,0.0029,0.0029,0.0030,0.0000,0.0000,0.0000,0.0029,0.0032,0.0029,0.0029,0.0030,0.0028,0.0000,0.0000,0.0000,0.0029,0.0031,0.0027,0.0028,0.0027,0.0029,0.0000,0.0000,0.0000,0.0000,0.0028,0.0029,0.0028,0.0028,0.0028,0.0000,0.0000
[EITKit] Sending Frame Data...
FRAME_DATA,0.0000,0.0000,0.0030,0.0029,0.0033,0.0030,0.0029,0.0000,0.0000,0.0000,0.0000,0.0026,0.0028,0.0028,0.0028,0.0027,0.0027,0.0000,0.0000,0.0000,0.0027,0.0029,0.0032,0.0028,0.0029,0.0028,0.0000,0.0000,0.0000,0.0027,0.0030,0.0030,0.0030,0.0029,0.0028,0.0000,0.0000,0.0000,0.0027,0.0027,0.0031,0.0029,0.0030,0.0028,0.0000,0.0000,0.0000,0.0029,0.0032,0.0031,0.0031,0.0028,0.0028,0.0000,0.0000,0.0000,0.0000,0.0028,0.0029,0.0029,0.0030,0.0027,0.0000,0.0000
[EITKit] Sending Frame Data...
FRAME_DATA,0.0000,0.0000,0.0029,0.0026,0.0030,0.0030,0.0030,0.0000,0.0000,0.0000,0.0000,0.0026,0.0027,0.0025,0.0025,0.0026,0.0029,0.0000,0.0000,0.0000,0.0029,0.0029,0.0028,0.0025,0.0031,0.0030,0.0000,0.0000,0.0000,0.0030,0.0030,0.0029,0.0030,0.0033,0.0031,0.0000,0.0000,0.0000,0.0028,0.0028,0.0032,0.0032,0.0033,0.0031,0.0000,0.0000,0.0000,0.0031,0.0031,0.0031,0.0032,0.0029,0.0032,0.0000,0.0000,0.0000,0.0000,0.0027,0.0026,0.0027,0.0029,0.0029,0.0000,0.0000
[EITKit] Sending Frame Data...
FRAME_DATA,0.0000,0.0000,0.0031,0.0030,0.0030,0.0028,0.0029,0.0000,0.0000,0.0000,0.0000,0.0029,0.0029,0.0029,0.0026,0.0027,0.0028,0.0000,0.0000,0.0000,0.0030,0.0031,0.0030,0.0029,0.0029,0.0030,0.0000,0.0000,0.0000,0.0030,0.0031,0.0031,0.0029,0.0028,0.0029,0.0000,0.0000,0.0000,0.0028,0.0029,0.0031,0.0028,0.0028,0.0029,0.0000,0.0000,0.0000,0.0030,0.0033,0.0029,0.0030,0.0027,0.0029,0.0000,0.0000,0.0000,0.0000,0.0030,0.0029,0.0029,0.0029,0.0027,0.0000,0.0000
[EITKit] Sending Frame Data...
FRAME_DATA,0.0000,0.0000,0.0028,0.0029,0.0030,0.0031,0.0030,0.0000,0.0000,0.0000,0.0000,0.0026,0.0028,0.0028,0.0029,0.0029,0.0028,0.0000,0.0000,0.0000,0.0027,0.0028,0.0029,0.0028,0.0031,0.0028,0.0000,0.0000,0.0000,0.0027,0.0028,0.0028,0.0031,0.0029,0.0030,0.0000,0.0000,0.0000,0.0028,0.0029,0.0033,0.0030,0.0029,0.0028,0.0000,0.0000,0.0000,0.0029,0.0032,0.0030,0.0031,0.0029,0.0030,0.0000,0.0000,0.0000,0.0000,0.0027,0.0029,0.0030,0.0031,0.0029,0.0000,0.0000
[EITKit] Sending Frame Data...
FRAME_DATA,0.0000,0.0000,0.0031,0.0029,0.0029,0.0028,0.0027,0.0000,0.0000,0.0000,0.0000,0.0026,0.0028,0.0027,0.0027,0.0026,0.0030,0.0000,0.0000,0.0000,0.0029,0.0031,0.0029,0.0027,0.0029,0.0031,0.0000,0.0000,0.0000,0.0032,0.0030,0.0030,0.0029,0.0029,0.0030,0.0000,0.0000,0.0000,0.0031,0.0031,0.0031,0.0028,0.0027,0.0027,0.0000,0.0000,0.0000,0.0030,0.0031,0.0028,0.0029,0.0026,0.0029,0.0000,0.0000,0.0000,0.0000,0.0027,0.0029,0.0028,0.0028,0.0026,0.0000,0.0000
[EITKit] Sending Frame Data...
FRAME_DATA,0.0000,0.0000,0.0032,0.0032,0.0031,0.0029,0.0029,0.0000,0.0000,0.0000,0.0000,0.0027,0.0030,0.0030,0.0030,0.0029,0.0029,0.0000,0.0000,0.0000,0.0029,0.0031,0.0030,0.0030,0.0027,0.0028,0.0000,0.0000,0.0000,0.0028,0.0030,0.0031,0.0029,0.0027,0.0028,0.0000,0.0000,0.0000,0.0030,0.0031,0.0031,0.0029,0.0027,0.0026,0.0000,0.0000,0.0000,0.0028,0.0033,0.0030,0.0030,0.0027,0.0029,0.0000,0.0000,0.0000,0.0000,0.0029,0.0030,0.0030,0.0029,0.0027,0.0000,0.0000
[EITKit] Sending Frame Data...
FRAME_DATA,0.0000,0.0000,0.0033,0.0031,0.0032,0.0032,0.0030,0.0000,0.0000,0.0000,0.0000,0.0025,0.0027,0.0028,0.0031,0.0030,0.0028,0.0000,0.0000,0.0000,0.0028,0.0027,0.0031,0.0031,0.0028,0.0027,0.0000,0.0000,0.0000,0.0025,0.0029,0.0030,0.0029,0.0028,0.0027,0.0000,0.0000,0.0000,0.0027,0.0027,0.0034,0.0030,0.0030,0.0029,0.0000,0.0000,0.0000,0.0029,0.0033,0.0032,0.0033,0.0031,0.0032,0.0000,0.0000,0.0000,0.0000,0.0029,0.0031,0.0030,0.0031,0.0029,0.0000,0.0000
[EITKit] Sending Frame Data...
FRAME_DATA,0.0000,0.0000,0.0030,0.0030,0.0033,0.0035,0.0031,0.0000,0.0000,0.0000,0.0000,0.0023,0.0026,0.0029,0.0029,0.0031,0.0028,0.0000,0.0000,0.0000,0.0026,0.0028,0.0029,0.0029,0.0029,0.0028,0.0000,0.0000,0.0000,0.0025,0.0028,0.0027,0.0033,0.0029,0.0030,0.0000,0.0000,0.0000,0.0028,0.0027,0.0032,0.0033,0.0031,0.0028,0.0000,0.0000,0.0000,0.0026,0.0032,0.0033,0.0034,0.0031,0.0031,0.0000,0.0000,0.0000,0.0000,0.0027,0.0030,0.0031,0.0033,0.0031,0.0000,0.0000
[EITKit] Sending Frame Data...
FRAME_DATA,0.0000,0.0000,0.0027,0.0028,0.0032,0.0033,0.0033,0.0000,0.0000,0.0000,0.0000,0.0023,0.0025,0.0027,0.0028,0.0029,0.0029,0.0000,0.0000,0.0000,0.0026,0.0026,0.0028,0.0028,0.0029,0.0029,0.0000,0.0000,0.0000,0.0027,0.0028,0.0027,0.0033,0.0032,0.0031,0.0000,0.0000,0.0000,0.0028,0.0026,0.0031,0.0033,0.0033,0.0030,0.0000,0.0000,0.0000,0.0027,0.0032,0.0033,0.0036,0.0031,0.0033,0.0000,0.0000,0.0000,0.0000,0.0025,0.0028,0.0030,0.0032,0.0031,0.0000,0.0000
[EITKit] Sending Frame Data...
FRAME_DATA,0.0000,0.0000,0.0028,0.0031,0.0033,0.0033,0.0033,0.0000,0.0000,0.0000,0.0000,0.0023,0.0026,0.0028,0.0030,0.0030,0.0027,0.0000,0.0000,0.0000,0.0025,0.0026,0.0027,0.0029,0.0028,0.0029,0.0000,0.0000,0.0000,0.0025,0.0027,0.0028,0.0033,0.0031,0.0030,0.0000,0.0000,0.0000,0.0027,0.0026,0.0034,0.0034,0.0033,0.0030,0.0000,0.0000,0.0000,0.0027,0.0033,0.0033,0.0036,0.0032,0.0030,0.0000,0.0000,0.0000,0.0000,0.0026,0.0031,0.0031,0.0033,0.0032,0.0000,0.0000
[EITKit] Sending Frame Data...
FRAME_DATA,0.0000,0.0000,0.0031,0.0034,0.0032,0.0032,0.0030,0.0000,0.0000,0.0000,0.0000,0.0026,0.0029,0.0031,0.0030,0.0028,0.0028,0.0000,0.0000,0.0000,0.0027,0.0029,0.0031,0.0031,0.0027,0.0027,0.0000,0.0000,0.0000,0.0026,0.0029,0.0030,0.0029,0.0029,0.0028,0.0000,0.0000,0.0000,0.0027,0.0028,0.0032,0.0032,0.0029,0.0028,0.0000,0.0000,0.0000,0.0028,0.0034,0.0031,0.0033,0.0030,0.0028,0.0000,0.0000,0.0000,0.0000,0.0031,0.0032,0.0030,0.0031,0.0030,0.0000,0.0000
[EITKit] Sending Frame Data...
FRAME_DATA,0.0000,0.0000,0.0032,0.0033,0.0031,0.0028,0.0027,0.0000,0.0000,0.0000,0.0000,0.0028,0.0029,0.0031,0.0027,0.0026,0.0032,0.0000,0.0000,0.0000,0.0029,0.0032,0.0031,0.0029,0.0027,0.0030,0.0000,0.0000,0.0000,0.0029,0.0031,0.0031,0.0027,0.0030,0.0029,0.0000,0.0000,0.0000,0.0030,0.0031,0.0030,0.0030,0.0028,0.0028,0.0000,0.0000,0.0000,0.0029,0.0030,0.0030,0.0032,0.0028,0.0029,0.0000,0.0000,0.0000,0.0000,0.0030,0.0029,0.0029,0.0029,0.0029,0.0000,0.0000
[EITKit] Sending Frame Data...
FRAME_DATA,0.0000,0.0000,0.0031,0.0029,0.0028,0.0028,0.0029,0.0000,0.0000,0.0000,0.0000,0.0026,0.0029,0.0028,0.0026,0.0025,0.0033,0.0000,0.0000,0.0000,0.0028,0.0031,0.0028,0.0027,0.0030,0.0032,0.0000,0.0000,0.0000,0.0030,0.0028,0.0027,0.0031,0.0032,0.0032,0.0000,0.0000,0.0000,0.0030,0.0031,0.0030,0.0032,0.0031,0.0028,0.0000,0.0000,0.0000,0.0029,0.0027,0.0029,0.0032,0.0031,0.0031,0.0000,0.0000,0.0000,0.0000,0.0028,0.0027,0.0027,0.0027,0.0028,0.0000,0.0000
[EITKit] Sending Frame Data...
FRAME_DATA,0.0000,0.0000,0.0029,0.0029,0.0030,0.0031,0.0030,0.0000,0.0000,0.0000,0.0000,0.0025,0.0027,0.0027,0.0027,0.0026,0.0030,0.0000,0.0000,0.0000,0.0027,0.0030,0.0029,0.0028,0.0030,0.0029,0.0000,0.0000,0.0000,0.0027,0.0026,0.0026,0.0032,0.0031,0.0030,0.0000,0.0000,0.0000,0.0030,0.0028,0.0032,0.0032,0.0032,0.0029,0.0000,0.0000,0.0000,0.0028,0.0030,0.0031,0.0033,0.0032,0.0031,0.0000,0.0000,0.0000,0.0000,0.0027,0.0028,0.0030,0.0031,0.0030,0.0000,0.0000
[EITKit] Sending Frame Data...
FRAME_DATA,0.0000,0.0000,0.0032,0.0030,0.0030,0.0030,0.0028,0.0000,0.0000,0.0000,0.0000,0.0028,0.0029,0.0028,0.0027,0.0025,0.0030,0.0000,0.0000,0.0000,0.0029,0.0030,0.0032,0.0028,0.0028,0.0029,0.0000,0.0000,0.0000,0.0027,0.0029,0.0027,0.0028,0.0028,0.0028,0.0000,0.0000,0.0000,0.0029,0.0030,0.0029,0.0029,0.0028,0.0028,0.0000,0.0000,0.0000,0.0029,0.0031,0.0030,0.0031,0.0030,0.0028,0.0000,0.0000,0.0000,0.0000,0.0028,0.0030,0.0027,0.0028,0.0026,0.0000,0.0000
[EITKit] Sending Frame Data...
FRAME_DATA,0.0000,0.0000,0.0030,0.0028,0.0028,0.0028,0.0030,0.0000,0.0000,0.0000,0.0000,0.0029,0.0027,0.0025,0.0023,0.0023,0.0031,0.0000,0.0000,0.0000,0.0030,0.0029,0.0029,0.0027,0.0031,0.0031,0.0000,0.0000,0.0000,0.0028,0.0029,0.0028,0.0030,0.0030,0.0030,0.0000,0.0000,0.0000,0.0032,0.0031,0.0028,0.0030,0.0030,0.0030,0.0000,0.0000,0.0000,0.0030,0.0031,0.0027,0.0030,0.0031,0.0031,0.0000,0.0000,0.0000,0.0000,0.0027,0.0028,0.0026,0.0028,0.0028,0.0000,0.0000
[EITKit] Sending Frame Data...
FRAME_DATA,0.0000,0.0000,0.0029,0.0030,0.0029,0.0030,0.0031,0.0000,0.0000,0.0000,0.0000,0.0025,0.0026,0.0026,0.0024,0.0026,0.0028,0.0000,0.0000,0.0000,0.0027,0.0027,0.0030,0.0030,0.0030,0.0029,0.0000,0.0000,0.0000,0.0028,0.0029,0.0027,0.0031,0.0031,0.0028,0.0000,0.0000,0.0000,0.0029,0.0027,0.0030,0.0031,0.0029,0.0029,0.0000,0.0000,0.0000,0.0029,0.0032,0.0030,0.0030,0.0031,0.0029,0.0000,0.0000,0.0000,0.0000,0.0027,0.0029,0.0029,0.0029,0.0028,0.0000,0.0000
[EITKit] Sending Frame Data...
FRAME_DATA,0.0000,0.0000,0.0030,0.0031,0.0029,0.0029,0.0028,0.0000,0.0000,0.0000,0.0000,0.0028,0.0029,0.0028,0.0026,0.0025,0.0027,0.0000,0.0000,0.0000,0.0028,0.0029,0.0031,0.0030,0.0028,0.0029,0.0000,0.0000,0.0000,0.0027,0.0031,0.0029,0.0030,0.0026,0.0028,0.0000,0.0000,0.0000,0.0028,0.0031,0.0030,0.0029,0.0028,0.0026,0.0000,0.0000,0.0000,0.0028,0.0032,0.0029,0.0030,0.0030,0.0027,0.0000,0.0000,0.0000,0.0000,0.0029,0.0030,0.0030,0.0030,0.0027,0.0000,0.0000
[EITKit] Sending Frame Data...
FRAME_DATA,0.0000,0.0000,0.0030,0.0030,0.0027,0.0027,0.0028,0.0000,0.0000,0.0000,0.0000,0.0028,0.0028,0.0025,0.0024,0.0024,0.0028,0.0000,0.0000,0.0000,0.0031,0.0029,0.0031,0.0027,0.0029,0.0030,0.0000,0.0000,0.0000,0.0031,0.0030,0.0028,0.0029,0.0027,0.0030,0.0000,0.0000,0.0000,0.0030,0.0031,0.0027,0.0028,0.0029,0.0029,0.0000,0.0000,0.0000,0.0030,0.0031,0.0027,0.0029,0.0029,0.0029,0.0000,0.0000,0.0000,0.0000,0.0028,0.0028,0.0027,0.0027,0.0027,0.0000,0.0000
[EITKit] Sending Frame Data...
FRAME_DATA,0.0000,0.0000,0.0028,0.0030,0.0030,0.0030,0.0030,0.0000,0.0000,0.0000,0.0000,0.0025,0.0027,0.0028,0.0029,0.0029,0.0028,0.0000,0.0000,0.0000,0.0028,0.0027,0.0030,0.0029,0.0028,0.0029,0.0000,0.0000,0.0000,0.0027,0.0027,0.0028,0.0031,0.0027,0.0028,0.0000,0.0000,0.0000,0.0029,0.0027,0.0030,0.0030,0.0029,0.0027,0.0000,0.0000,0.0000,0.0028,0.0031,0.0031,0.0031,0.0029,0.0028,0.0000,0.0000,0.0000,0.0000,0.0028,0.0029,0.0031,0.0029,0.0030,0.0000,0.0000
[EITKit] Sending Frame Data...
FRAME_DATA,0.0000,0.0000,0.0027,0.0028,0.0028,0.0027,0.0030,0.0000,0.0000,0.0000,0.0000,0.0026,0.0024,0.0025,0.0025,0.0025,0.0031,0.0000,0.0000,0.0000,0.0031,0.0028,0.0028,0.0025,0.0030,0.0031,0.0000,0.0000,0.0000,0.0031,0.0028,0.0028,0.0029,0.0028,0.0030,0.0000,0.0000,0.0000,0.0031,0.0028,0.0028,0.0029,0.0031,0.0029,0.0000,0.0000,0.0000,0.0031,0.0028,0.0026,0.0030,0.0029,0.0030,0.0000,0.0000,0.0000,0.0000,0.0025,0.0025,0.0026,0.0027,0.0029,0.0000,0.0000
[EITKit] Sending Frame Data...
FRAME_DATA,0.0000,0.0000,0.0029,0.0028,0.0030,0.0030,0.0032,0.0000,0.0000,0.0000,0.0000,0.0022,0.0024,0.0025,0.0026,0.0025,0.0029,0.0000,0.0000,0.0000,0.0028,0.0025,0.0027,0.0028,0.0029,0.0028,0.0000,0.0000,0.0000,0.0027,0.0025,0.0026,0.0031,0.0029,0.0029,0.0000,0.0000,0.0000,0.0028,0.0026,0.0031,0.0031,0.0031,0.0027,0.0000,0.0000,0.0000,0.0029,0.0030,0.0028,0.0031,0.0029,0.0028,0.0000,0.0000,0.0000,0.0000,0.0024,0.0027,0.0028,0.0029,0.0032,0.0000,0.0000
[EITKit] Sending Frame Data...
FRAME_DATA,0.0000,0.0000,0.0030,0.0029,0.0030,0.0029,0.0028,0.0000,0.0000,0.0000,0.0000,0.0023,0.0026,0.0026,0.0028,0.0025,0.0026,0.0000,0.0000,0.0000,0.0027,0.0026,0.0029,0.0029,0.0025,0.0026,0.0000,0.0000,0.0000,0.0026,0.0026,0.0028,0.0028,0.0025,0.0024,0.0000,0.0000,0.0000,0.0027,0.0027,0.0030,0.0027,0.0027,0.0026,0.0000,0.0000,0.0000,0.0028,0.0029,0.0026,0.0028,0.0026,0.0027,0.0000,0.0000,0.0000,0.0000,0.0027,0.0027,0.0029,0.0028,0.0026,0.0000,0.0000
[EITKit] Sending Frame Data...
FRAME_DATA,0.0000,0.0000,0.0030,0.0029,0.0029,0.0029,0.0026,0.0000,0.0000,0.0000,0.0000,0.0024,0.0026,0.0029,0.0029,0.0028,0.0024,0.0000,0.0000,0.0000,0.0026,0.0028,0.0028,0.0030,0.0023,0.0023,0.0000,0.0000,0.0000,0.0023,0.0025,0.0027,0.0027,0.0024,0.0023,0.0000,0.0000,0.0000,0.0025,0.0026,0.0029,0.0025,0.0026,0.0024,0.0000,0.0000,0.0000,0.0024,0.0030,0.0027,0.0028,0.0027,0.0024,0.0000,0.0000,0.0000,0.0000,0.0027,0.0028,0.0031,0.0029,0.0026,0.0000,0.0000
[EITKit] Sending Frame Data...
FRAME_DATA,0.0000,0.0000,0.0027,0.0027,0.0028,0.0029,0.0026,0.0000,0.0000,0.0000,0.0000,0.0021,0.0023,0.0029,0.0026,0.0027,0.0023,0.0000,0.0000,0.0000,0.0025,0.0025,0.0028,0.0029,0.0023,0.0024,0.0000,0.0000,0.0000,0.0023,0.0024,0.0026,0.0029,0.0025,0.0022,0.0000,0.0000,0.0000,0.0023,0.0023,0.0031,0.0027,0.0025,0.0022,0.0000,0.0000,0.0000,0.0023,0.0028,0.0029,0.0030,0.0028,0.0025,0.0000,0.0000,0.0000,0.0000,0.0026,0.0029,0.0031,0.0029,0.0027,0.0000,0.0000
[EITKit] Sending Frame Data...
FRAME_DATA,0.0000,0.0000,0.0025,0.0026,0.0027,0.0029,0.0027,0.0000,0.0000,0.0000,0.0000,0.0022,0.0023,0.0026,0.0027,0.0029,0.0022,0.0000,0.0000,0.0000,0.0025,0.0024,0.0025,0.0027,0.0024,0.0025,0.0000,0.0000,0.0000,0.0021,0.0022,0.0024,0.0031,0.0026,0.0025,0.0000,0.0000,0.0000,0.0024,0.0024,0.0031,0.0028,0.0027,0.0026,0.0000,0.0000,0.0000,0.0023,0.0027,0.0027,0.0029,0.0028,0.0026,0.0000,0.0000,0.0000,0.0000,0.0022,0.0027,0.0030,0.0029,0.0028,0.0000,0.0000
[EITKit] Sending Frame Data...
FRAME_DATA,0.0000,0.0000,0.0024,0.0024,0.0025,0.0027,0.0028,0.0000,0.0000,0.0000,0.0000,0.0022,0.0021,0.0025,0.0025,0.0028,0.0024,0.0000,0.0000,0.0000,0.0024,0.0024,0.0023,0.0024,0.0027,0.0028,0.0000,0.0000,0.0000,0.0024,0.0022,0.0022,0.0029,0.0027,0.0028,0.0000,0.0000,0.0000,0.0025,0.0025,0.0029,0.0029,0.0028,0.0029,0.0000,0.0000,0.0000,0.0026,0.0025,0.0026,0.0030,0.0029,0.0028,0.0000,0.0000,0.0000,0.0000,0.0022,0.0025,0.0028,0.0028,0.0027,0.0000,0.0000
[EITKit] Sending Frame Data...
FRAME_DATA,0.0000,0.0000,0.0023,0.0021,0.0024,0.0026,0.0027,0.0000,0.0000,0.0000,0.0000,0.0024,0.0021,0.0022,0.0022,0.0026,0.0026,0.0000,0.0000,0.0000,0.0026,0.0025,0.0022,0.0021,0.0027,0.0027,0.0000,0.0000,0.0000,0.0026,0.0024,0.0021,0.0029,0.0029,0.0029,0.0000,0.0000,0.0000,0.0028,0.0029,0.0025,0.0027,0.0030,0.0031,0.0000,0.0000,0.0000,0.0028,0.0023,0.0023,0.0027,0.0029,0.0027,0.0000,0.0000,0.0000,0.0000,0.0021,0.0023,0.0025,0.0027,0.0031,0.0000,0.0000
[EITKit] Sending Frame Data...
FRAME_DATA,0.0000,0.0000,0.0022,0.0022,0.0022,0.0025,0.0027,0.0000,0.0000,0.0000,0.0000,0.0022,0.0020,0.0020,0.0021,0.0025,0.0026,0.0000,0.0000,0.0000,0.0027,0.0024,0.0024,0.0022,0.0029,0.0031,0.0000,0.0000,0.0000,0.0028,0.0024,0.0023,0.0028,0.0030,0.0030,0.0000,0.0000,0.0000,0.0028,0.0026,0.0024,0.0027,0.0030,0.0029,0.0000,0.0000,0.0000,0.0028,0.0023,0.0024,0.0028,0.0029,0.0028,0.0000,0.0000,0.0000,0.0000,0.0021,0.0022,0.0025,0.0024,0.0030,0.0000,0.0000
[EITKit] Sending Frame Data...
FRAME_DATA,0.0000,0.0000,0.0021,0.0021,0.0024,0.0026,0.0026,0.0000,0.0000,0.0000,0.0000,0.0023,0.0020,0.0021,0.0024,0.0028,0.0024,0.0000,0.0000,0.0000,0.0026,0.0023,0.0024,0.0023,0.0028,0.0028,0.0000,0.0000,0.0000,0.0025,0.0022,0.0023,0.0029,0.0029,0.0028,0.0000,0.0000,0.0000,0.0027,0.0025,0.0027,0.0029,0.0031,0.0029,0.0000,0.0000,0.0000,0.0027,0.0025,0.0027,0.0029,0.0030,0.0029,0.0000,0.0000,0.0000,0.0000,0.0020,0.0025,0.0026,0.0025,0.0030,0.0000,0.0000
[EITKit] Sending Frame Data...
FRAME_DATA,0.0000,0.0000,0.0024,0.0026,0.0026,0.0028,0.0026,0.0000,0.0000,0.0000,0.0000,0.0024,0.0021,0.0026,0.0027,0.0028,0.0023,0.0000,0.0000,0.0000,0.0024,0.0025,0.0029,0.0026,0.0024,0.0025,0.0000,0.0000,0.0000,0.0023,0.0023,0.0025,0.0026,0.0026,0.0024,0.0000,0.0000,0.0000,0.0024,0.0023,0.0027,0.0027,0.0028,0.0025,0.0000,0.0000,0.0000,0.0024,0.0028,0.0028,0.0028,0.0028,0.0026,0.0000,0.0000,0.0000,0.0000,0.0027,0.0026,0.0029,0.0027,0.0028,0.0000,0.0000
[EITKit] Sending Frame Data...
FRAME_DATA,0.0000,0.0000,0.0027,0.0024,0.0024,0.0025,0.0024,0.0000,0.0000,0.0000,0.0000,0.0026,0.0024,0.0024,0.0024,0.0024,0.0025,0.0000,0.0000,0.0000,0.0027,0.0028,0.0028,0.0025,0.0024,0.0029,0.0000,0.0000,0.0000,0.0027,0.0026,0.0028,0.0025,0.0026,0.0026,0.0000,0.0000,0.0000,0.0027,0.0028,0.0024,0.0025,0.0026,0.0027,0.0000,0.0000,0.0000,0.0027,0.0025,0.0026,0.0025,0.0025,0.0026,0.0000,0.0000,0.0000,0.0000,0.0027,0.0025,0.0026,0.0024,0.0025,0.0000,0.0000
[EITKit] Sending Frame Data...
FRAME_DATA,0.0000,0.0000,0.0027,0.0025,0.0027,0.0025,0.0025,0.0000,0.0000,0.0000,0.0000,0.0024,0.0024,0.0026,0.0027,0.0026,0.0023,0.0000,0.0000,0.0000,0.0027,0.0027,0.0030,0.0033,0.0025,0.0026,0.0000,0.0000,0.0000,0.0024,0.0026,0.0029,0.0025,0.0025,0.0024,0.0000,0.0000,0.0000,0.0024,0.0026,0.0025,0.0026,0.0025,0.0025,0.0000,0.0000,0.0000,0.0024,0.0028,0.0028,0.0028,0.0024,0.0024,0.0000,0.0000,0.0000,0.0000,0.0029,0.0028,0.0028,0.0025,0.0025,0.0000,0.0000
[EITKit] Sending Frame Data...
FRAME_DATA,0.0000,0.0000,0.0024,0.0024,0.0027,0.0026,0.0027,0.0000,0.0000,0.0000,0.0000,0.0022,0.0022,0.0023,0.0026,0.0026,0.0024,0.0000,0.0000,0.0000,0.0024,0.0025,0.0026,0.0029,0.0027,0.0026,0.0000,0.0000,0.0000,0.0022,0.0024,0.0026,0.0028,0.0027,0.0028,0.0000,0.0000,0.0000,0.0025,0.0024,0.0027,0.0029,0.0025,0.0026,0.0000,0.0000,0.0000,0.0025,0.0026,0.0028,0.0029,0.0026,0.0027,0.0000,0.0000,0.0000,0.0000,0.0025,0.0028,0.0028,0.0026,0.0029,0.0000,0.0000
[EITKit] Sending Frame Data...
FRAME_DATA,0.0000,0.0000,0.0022,0.0023,0.0024,0.0025,0.0028,0.0000,0.0000,0.0000,0.0000,0.0022,0.0020,0.0021,0.0025,0.0026,0.0026,0.0000,0.0000,0.0000,0.0026,0.0025,0.0024,0.0025,0.0029,0.0028,0.0000,0.0000,0.0000,0.0024,0.0024,0.0024,0.0027,0.0027,0.0030,0.0000,0.0000,0.0000,0.0028,0.0024,0.0026,0.0027,0.0027,0.0028,0.0000,0.0000,0.0000,0.0028,0.0024,0.0027,0.0032,0.0028,0.0030,0.0000,0.0000,0.0000,0.0000,0.0023,0.0025,0.0027,0.0026,0.0028,0.0000,0.0000
[EITKit] Sending Frame Data...
FRAME_DATA,0.0000,0.0000,0.0021,0.0021,0.0025,0.0026,0.0028,0.0000,0.0000,0.0000,0.0000,0.0021,0.0020,0.0021,0.0026,0.0029,0.0026,0.0000,0.0000,0.0000,0.0024,0.0022,0.0023,0.0027,0.0028,0.0026,0.0000,0.0000,0.0000,0.0024,0.0021,0.0023,0.0027,0.0028,0.0029,0.0000,0.0000,0.0000,0.0028,0.0022,0.0026,0.0030,0.0029,0.0027,0.0000,0.0000,0.0000,0.0025,0.0023,0.0028,0.0030,0.0028,0.0029,0.0000,0.0000,0.0000,0.0000,0.0022,0.0025,0.0029,0.0029,0.0029,0.0000,0.0000
[EITKit] Sending Frame Data...
FRAME_DATA,0.0000,0.0000,0.0025,0.0023,0.0025,0.0025,0.0023,0.0000,0.0000,0.0000,0.0000,0.0027,0.0026,0.0027,0.0028,0.0029,0.0026,0.0000,0.0000,0.0000,0.0031,0.0028,0.0028,0.0033,0.0025,0.0028,0.0000,0.0000,0.0000,0.0030,0.0030,0.0036,0.0024,0.0025,0.0027,0.0000,0.0000,0.0000,0.0027,0.0028,0.0024,0.0027,0.0025,0.0025,0.0000,0.0000,0.0000,0.0027,0.0024,0.0028,0.0025,0.0024,0.0026,0.0000,0.0000,0.0000,0.0000,0.0028,0.0028,0.0026,0.0026,0.0025,0.0000,0.0000
[EITKit] Sending Frame Data...
FRAME_DATA,0.0000,0.0000,0.0023,0.0023,0.0025,0.0026,0.0025,0.0000,0.0000,0.0000,0.0000,0.0024,0.0025,0.0030,0.0032,0.0041,0.0024,0.0000,0.0000,0.0000,0.0026,0.0028,0.0027,0.0032,0.0025,0.0023,0.0000,0.0000,0.0000,0.0025,0.0026,0.0031,0.0028,0.0026,0.0026,0.0000,0.0000,0.0000,0.0025,0.0025,0.0027,0.0029,0.0027,0.0027,0.0000,0.0000,0.0000,0.0023,0.0027,0.0030,0.0025,0.0030,0.0024,0.0000,0.0000,0.0000,0.0000,0.0029,0.0030,0.0032,0.0032,0.0033,0.0000,0.0000
[EITKit] Sending Frame Data...
FRAME_DATA,0.0000,0.0000,0.0022,0.0021,0.0023,0.0024,0.0024,0.0000,0.0000,0.0000,0.0000,0.0025,0.0025,0.0025,0.0027,0.0036,0.0027,0.0000,0.0000,0.0000,0.0027,0.0025,0.0025,0.0026,0.0026,0.0026,0.0000,0.0000,0.0000,0.0026,0.0024,0.0027,0.0029,0.0028,0.0029,0.0000,0.0000,0.0000,0.0027,0.0025,0.0025,0.0029,0.0033,0.0031,0.0000,0.0000,0.0000,0.0027,0.0024,0.0030,0.0024,0.0032,0.0028,0.0000,0.0000,0.0000,0.0000,0.0025,0.0027,0.0027,0.0028,0.0034,0.0000,0.0000
[EITKit] Sending Frame Data...
FRAME_DATA,0.0000,0.0000,0.0025,0.0024,0.0025,0.0023,0.0023,0.0000,0.0000,0.0000,0.0000,0.0032,0.0030,0.0031,0.0030,0.0029,0.0028,0.0000,0.0000,0.0000,0.0034,0.0030,0.0028,0.0029,0.0024,0.0027,0.0000,0.0000,0.0000,0.0030,0.0027,0.0031,0.0026,0.0025,0.0027,0.0000,0.0000,0.0000,0.0030,0.0029,0.0024,0.0024,0.0027,0.0025,0.0000,0.0000,0.0000,0.0029,0.0024,0.0027,0.0023,0.0026,0.0025,0.0000,0.0000,0.0000,0.0000,0.0031,0.0029,0.0027,0.0025,0.0029,0.0000,0.0000
[EITKit] Sending Frame Data...
FRAME_DATA,0.0000,0.0000,0.0025,0.0026,0.0024,0.0025,0.0024,0.0000,0.0000,0.0000,0.0000,0.0033,0.0033,0.0035,0.0032,0.0037,0.0025,0.0000,0.0000,0.0000,0.0031,0.0032,0.0030,0.0033,0.0024,0.0024,0.0000,0.0000,0.0000,0.0029,0.0029,0.0031,0.0024,0.0024,0.0024,0.0000,0.0000,0.0000,0.0025,0.0025,0.0026,0.0024,0.0024,0.0023,0.0000,0.0000,0.0000,0.0026,0.0028,0.0033,0.0025,0.0024,0.0022,0.0000,0.0000,0.0000,0.0000,0.0035,0.0031,0.0031,0.0025,0.0027,0.0000,0.0000
[EITKit] Sending Frame Data...
FRAME_DATA,0.0000,0.0000,0.0023,0.0023,0.0022,0.0022,0.0026,0.0000,0.0000,0.0000,0.0000,0.0031,0.0026,0.0026,0.0026,0.0031,0.0027,0.0000,0.0000,0.0000,0.0027,0.0027,0.0025,0.0026,0.0025,0.0025,0.0000,0.0000,0.0000,0.0030,0.0025,0.0026,0.0026,0.0028,0.0028,0.0000,0.0000,0.0000,0.0026,0.0024,0.0024,0.0025,0.0026,0.0028,0.0000,0.0000,0.0000,0.0029,0.0024,0.0029,0.0025,0.0026,0.0026,0.0000,0.0000,0.0000,0.0000,0.0028,0.0026,0.0028,0.0026,0.0035,0.0000,0.0000
[EITKit] Sending Frame Data...
FRAME_DATA,0.0000,0.0000,0.0028,0.0027,0.0024,0.0024,0.0024,0.0000,0.0000,0.0000,0.0000,0.0027,0.0028,0.0027,0.0028,0.0031,0.0025,0.0000,0.0000,0.0000,0.0029,0.0029,0.0028,0.0030,0.0023,0.0022,0.0000,0.0000,0.0000,0.0028,0.0028,0.0029,0.0024,0.0024,0.0025,0.0000,0.0000,0.0000,0.0026,0.0023,0.0025,0.0025,0.0026,0.0023,0.0000,0.0000,0.0000,0.0024,0.0027,0.0031,0.0028,0.0025,0.0024,0.0000,0.0000,0.0000,0.0000,0.0028,0.0028,0.0035,0.0025,0.0029,0.0000,0.0000
[EITKit] Sending Frame Data...
FRAME_DATA,0.0000,0.0000,0.0027,0.0025,0.0023,0.0022,0.0024,0.0000,0.0000,0.0000,0.0000,0.0029,0.0027,0.0025,0.0024,0.0024,0.0027,0.0000,0.0000,0.0000,0.0029,0.0029,0.0026,0.0025,0.0025,0.0027,0.0000,0.0000,0.0000,0.0029,0.0029,0.0029,0.0023,0.0026,0.0028,0.0000,0.0000,0.0000,0.0031,0.0025,0.0024,0.0025,0.0028,0.0026,0.0000,0.0000,0.0000,0.0027,0.0025,0.0026,0.0027,0.0026,0.0026,0.0000,0.0000,0.0000,0.0000,0.0026,0.0026,0.0030,0.0024,0.0027,0.0000,0.0000
[EITKit] Sending Frame Data...
FRAME_DATA,0.0000,0.0000,0.0025,0.0026,0.0026,0.0024,0.0027,0.0000,0.0000,0.0000,0.0000,0.0024,0.0023,0.0024,0.0025,0.0027,0.0027,0.0000,0.0000,0.0000,0.0026,0.0027,0.0026,0.0027,0.0026,0.0026,0.0000,0.0000,0.0000,0.0025,0.0027,0.0026,0.0026,0.0027,0.0027,0.0000,0.0000,0.0000,0.0027,0.0023,0.0028,0.0028,0.0028,0.0027,0.0000,0.0000,0.0000,0.0024,0.0028,0.0029,0.0029,0.0027,0.0024,0.0000,0.0000,0.0000,0.0000,0.0028,0.0027,0.0029,0.0027,0.0027,0.0000,0.0000
[EITKit] Sending Frame Data...
FRAME_DATA,0.0000,0.0000,0.0027,0.0025,0.0026,0.0024,0.0023,0.0000,0.0000,0.0000,0.0000,0.0028,0.0028,0.0027,0.0025,0.0026,0.0027,0.0000,0.0000,0.0000,0.0029,0.0030,0.0028,0.0027,0.0027,0.0028,0.0000,0.0000,0.0000,0.0027,0.0028,0.0027,0.0025,0.0026,0.0029,0.0000,0.0000,0.0000,0.0028,0.0028,0.0027,0.0026,0.0028,0.0027,0.0000,0.0000,0.0000,0.0026,0.0028,0.0025,0.0028,0.0024,0.0026,0.0000,0.0000,0.0000,0.0000,0.0028,0.0027,0.0026,0.0025,0.0026,0.0000,0.0000
[EITKit] Sending Frame Data...
FRAME_DATA,0.0000,0.0000,0.0028,0.0027,0.0030,0.0029,0.0027,0.0000,0.0000,0.0000,0.0000,0.0024,0.0027,0.0027,0.0028,0.0027,0.0026,0.0000,0.0000,0.0000,0.0027,0.0028,0.0028,0.0028,0.0026,0.0026,0.0000,0.0000,0.0000,0.0024,0.0026,0.0026,0.0027,0.0026,0.0025,0.0000,0.0000,0.0000,0.0027,0.0025,0.0029,0.0029,0.0028,0.0027,0.0000,0.0000,0.0000,0.0024,0.0032,0.0030,0.0030,0.0027,0.0027,0.0000,0.0000,0.0000,0.0000,0.0027,0.0028,0.0027,0.0028,0.0027,0.0000,0.0000
[EITKit] Sending Frame Data...
FRAME_DATA,0.0000,0.0000,0.0030,0.0030,0.0033,0.0031,0.0030,0.0000,0.0000,0.0000,0.0000,0.0024,0.0027,0.0029,0.0030,0.0029,0.0026,0.0000,0.0000,0.0000,0.0025,0.0027,0.0028,0.0029,0.0026,0.0026,0.0000,0.0000,0.0000,0.0025,0.0027,0.0028,0.0030,0.0027,0.0026,0.0000,0.0000,0.0000,0.0025,0.0026,0.0031,0.0029,0.0028,0.0026,0.0000,0.0000,0.0000,0.0026,0.0034,0.0031,0.0031,0.0027,0.0026,0.0000,0.0000,0.0000,0.0000,0.0029,0.0031,0.0030,0.0031,0.0028,0.0000,0.0000
[EITKit] Sending Frame Data...
FRAME_DATA,0.0000,0.0000,0.0032,0.0031,0.0031,0.0031,0.0028,0.0000,0.0000,0.0000,0.0000,0.0024,0.0029,0.0029,0.0030,0.0027,0.0027,0.0000,0.0000,0.0000,0.0028,0.0029,0.0031,0.0032,0.0028,0.0025,0.0000,0.0000,0.0000,0.0025,0.0028,0.0029,0.0029,0.0026,0.0026,0.0000,0.0000,0.0000,0.0025,0.0027,0.0031,0.0028,0.0027,0.0025,0.0000,0.0000,0.0000,0.0025,0.0034,0.0030,0.0028,0.0026,0.0025,0.0000,0.0000,0.0000,0.0000,0.0029,0.0030,0.0029,0.0029,0.0027,0.0000,0.0000
[EITKit] Sending Frame Data...
FRAME_DATA,0.0000,0.0000,0.0033,0.0032,0.0032,0.0031,0.0028,0.0000,0.0000,0.0000,0.0000,0.0028,0.0030,0.0029,0.0031,0.0027,0.0026,0.0000,0.0000,0.0000,0.0027,0.0030,0.0031,0.0032,0.0025,0.0025,0.0000,0.0000,0.0000,0.0025,0.0029,0.0030,0.0028,0.0026,0.0027,0.0000,0.0000,0.0000,0.0026,0.0029,0.0031,0.0029,0.0026,0.0025,0.0000,0.0000,0.0000,0.0027,0.0032,0.0029,0.0028,0.0025,0.0025,0.0000,0.0000,0.0000,0.0000,0.0030,0.0031,0.0029,0.0028,0.0027,0.0000,0.0000
[EITKit] Sending Frame Data...
FRAME_DATA,0.0000,0.0000,0.0035,0.0032,0.0032,0.0030,0.0027,0.0000,0.0000,0.0000,0.0000,0.0027,0.0030,0.0030,0.0029,0.0026,0.0025,0.0000,0.0000,0.0000,0.0028,0.0031,0.0033,0.0032,0.0026,0.0025,0.0000,0.0000,0.0000,0.0028,0.0031,0.0031,0.0027,0.0025,0.0026,0.0000,0.0000,0.0000,0.0027,0.0029,0.0028,0.0028,0.0028,0.0026,0.0000,0.0000,0.0000,0.0027,0.0031,0.0028,0.0027,0.0025,0.0027,0.0000,0.0000,0.0000,0.0000,0.0033,0.0030,0.0028,0.0030,0.0024,0.0000,0.0000
[EITKit] Sending Frame Data...
FRAME_DATA,0.0000,0.0000,0.0034,0.0032,0.0030,0.0027,0.0026,0.0000,0.0000,0.0000,0.0000,0.0028,0.0031,0.0029,0.0027,0.0025,0.0027,0.0000,0.0000,0.0000,0.0030,0.0029,0.0032,0.0030,0.0026,0.0027,0.0000,0.0000,0.0000,0.0029,0.0034,0.0032,0.0026,0.0027,0.0029,0.0000,0.0000,0.0000,0.0028,0.0030,0.0026,0.0027,0.0025,0.0027,0.0000,0.0000,0.0000,0.0028,0.0031,0.0027,0.0026,0.0025,0.0026,0.0000,0.0000,0.0000,0.0000,0.0031,0.0029,0.0027,0.0029,0.0024,0.0000,0.0000
[EITKit] Sending Frame Data...
FRAME_DATA,0.0000,0.0000,0.0030,0.0029,0.0027,0.0025,0.0027,0.0000,0.0000,0.0000,0.0000,0.0028,0.0028,0.0025,0.0025,0.0024,0.0031,0.0000,0.0000,0.0000,0.0031,0.0028,0.0029,0.0027,0.0028,0.0030,0.0000,0.0000,0.0000,0.0031,0.0033,0.0030,0.0028,0.0029,0.0031,0.0000,0.0000,0.0000,0.0029,0.0029,0.0025,0.0027,0.0028,0.0030,0.0000,0.0000,0.0000,0.0030,0.0030,0.0025,0.0026,0.0028,0.0029,0.0000,0.0000,0.0000,0.0000,0.0028,0.0027,0.0025,0.0028,0.0026,0.0000,0.0000
[EITKit] Sending Frame Data...
FRAME_DATA,0.0000,0.0000,0.0028,0.0026,0.0026,0.0027,0.0027,0.0000,0.0000,0.0000,0.0000,0.0024,0.0024,0.0024,0.0024,0.0023,0.0030,0.0000,0.0000,0.0000,0.0030,0.0026,0.0027,0.0023,0.0030,0.0030,0.0000,0.0000,0.0000,0.0029,0.0029,0.0027,0.0031,0.0031,0.0031,0.0000,0.0000,0.0000,0.0028,0.0028,0.0028,0.0029,0.0030,0.0032,0.0000,0.0000,0.0000,0.0031,0.0028,0.0027,0.0029,0.0029,0.0031,0.0000,0.0000,0.0000,0.0000,0.0025,0.0026,0.0025,0.0027,0.0028,0.0000,0.0000
[EITKit] Sending Frame Data...
FRAME_DATA,0.0000,0.0000,0.0026,0.0026,0.0024,0.0027,0.0029,0.0000,0.0000,0.0000,0.0000,0.0024,0.0022,0.0021,0.0022,0.0024,0.0030,0.0000,0.0000,0.0000,0.0030,0.0025,0.0024,0.0023,0.0029,0.0030,0.0000,0.0000,0.0000,0.0028,0.0026,0.0024,0.0030,0.0032,0.0031,0.0000,0.0000,0.0000,0.0028,0.0026,0.0029,0.0030,0.0032,0.0032,0.0000,0.0000,0.0000,0.0032,0.0027,0.0026,0.0030,0.0030,0.0031,0.0000,0.0000,0.0000,0.0000,0.0023,0.0026,0.0026,0.0029,0.0030,0.0000,0.0000
[EITKit] Sending Frame Data...
FRAME_DATA,0.0000,0.0000,0.0026,0.0025,0.0024,0.0028,0.0030,0.0000,0.0000,0.0000,0.0000,0.0025,0.0024,0.0022,0.0023,0.0026,0.0029,0.0000,0.0000,0.0000,0.0027,0.0025,0.0024,0.0023,0.0030,0.0028,0.0000,0.0000,0.0000,0.0027,0.0026,0.0025,0.0031,0.0031,0.0030,0.0000,0.0000,0.0000,0.0029,0.0025,0.0029,0.0031,0.0033,0.0032,0.0000,0.0000,0.0000,0.0028,0.0027,0.0026,0.0032,0.0032,0.0031,0.0000,0.0000,0.0000,0.0000,0.0023,0.0025,0.0027,0.0029,0.0030,0.0000,0.0000
[EITKit] Sending Frame Data...
FRAME_DATA,0.0000,0.0000,0.0025,0.0025,0.0025,0.0029,0.0030,0.0000,0.0000,0.0000,0.0000,0.0022,0.0022,0.0022,0.0026,0.0027,0.0029,0.0000,0.0000,0.0000,0.0026,0.0025,0.0025,0.0024,0.0030,0.0028,0.0000,0.0000,0.0000,0.0026,0.0025,0.0024,0.0031,0.0031,0.0030,0.0000,0.0000,0.0000,0.0027,0.0024,0.0030,0.0031,0.0032,0.0032,0.0000,0.0000,0.0000,0.0026,0.0028,0.0026,0.0032,0.0032,0.0029,0.0000,0.0000,0.0000,0.0000,0.0022,0.0025,0.0027,0.0033,0.0030,0.0000,0.0000
[EITKit] Sending Frame Data...
FRAME_DATA,0.0000,0.0000,0.0024,0.0024,0.0023,0.0026,0.0028,0.0000,0.0000,0.0000,0.0000,0.0024,0.0022,0.0020,0.0022,0.0022,0.0029,0.0000,0.0000,0.0000,0.0027,0.0027,0.0023,0.0023,0.0029,0.0029,0.0000,0.0000,0.0000,0.0026,0.0027,0.0026,0.0029,0.0031,0.0030,0.0000,0.0000,0.0000,0.0029,0.0027,0.0026,0.0030,0.0030,0.0029,0.0000,0.0000,0.0000,0.0030,0.0025,0.0023,0.0028,0.0029,0.0028,0.0000,0.0000,0.0000,0.0000,0.0023,0.0023,0.0024,0.0029,0.0032,0.0000,0.0000
[EITKit] Sending Frame Data...
FRAME_DATA,0.0000,0.0000,0.0026,0.0023,0.0025,0.0023,0.0024,0.0000,0.0000,0.0000,0.0000,0.0026,0.0027,0.0022,0.0023,0.0021,0.0028,0.0000,0.0000,0.0000,0.0030,0.0032,0.0031,0.0030,0.0026,0.0029,0.0000,0.0000,0.0000,0.0030,0.0030,0.0032,0.0024,0.0027,0.0029,0.0000,0.0000,0.0000,0.0030,0.0028,0.0023,0.0027,0.0027,0.0028,0.0000,0.0000,0.0000,0.0030,0.0026,0.0024,0.0024,0.0024,0.0028,0.0000,0.0000,0.0000,0.0000,0.0028,0.0025,0.0023,0.0026,0.0026,0.0000,0.0000
[EITKit] Sending Frame Data...
FRAME_DATA,0.0000,0.0000,0.0027,0.0026,0.0025,0.0022,0.0023,0.0000,0.0000,0.0000,0.0000,0.0032,0.0031,0.0029,0.0032,0.0023,0.0027,0.0000,0.0000,0.0000,0.0030,0.0034,0.0035,0.0028,0.0024,0.0027,0.0000,0.0000,0.0000,0.0031,0.0028,0.0032,0.0023,0.0024,0.0026,0.0000,0.0000,0.0000,0.0029,0.0027,0.0022,0.0024,0.0024,0.0024,0.0000,0.0000,0.0000,0.0026,0.0026,0.0023,0.0023,0.0022,0.0024,0.0000,0.0000,0.0000,0.0000,0.0031,0.0030,0.0026,0.0026,0.0025,0.0000,0.0000
[EITKit] Sending Frame Data...
FRAME_DATA,0.0000,0.0000,0.0029,0.0027,0.0025,0.0022,0.0022,0.0000,0.0000,0.0000,0.0000,0.0031,0.0032,0.0027,0.0029,0.0028,0.0026,0.0000,0.0000,0.0000,0.0030,0.0033,0.0036,0.0032,0.0022,0.0025,0.0000,0.0000,0.0000,0.0029,0.0027,0.0033,0.0022,0.0022,0.0023,0.0000,0.0000,0.0000,0.0027,0.0028,0.0024,0.0023,0.0024,0.0025,0.0000,0.0000,0.0000,0.0024,0.0027,0.0025,0.0023,0.0023,0.0022,0.0000,0.0000,0.0000,0.0000,0.0031,0.0029,0.0028,0.0024,0.0023,0.0000,0.0000
[EITKit] Sending Frame Data...
FRAME_DATA,0.0000,0.0000,0.0028,0.0027,0.0025,0.0026,0.0025,0.0000,0.0000,0.0000,0.0000,0.0030,0.0029,0.0030,0.0032,0.0032,0.0024,0.0000,0.0000,0.0000,0.0026,0.0029,0.0032,0.0034,0.0022,0.0023,0.0000,0.0000,0.0000,0.0025,0.0027,0.0030,0.0023,0.0023,0.0022,0.0000,0.0000,0.0000,0.0025,0.0025,0.0026,0.0024,0.0025,0.0024,0.0000,0.0000,0.0000,0.0022,0.0028,0.0029,0.0025,0.0026,0.0022,0.0000,0.0000,0.0000,0.0000,0.0031,0.0033,0.0031,0.0027,0.0026,0.0000,0.0000
