,,,,,,,,,,,,,,,,,,,,,,,,,,,,,,,,,,,,,,,,,,,,,,,,,,,,,,,,,,,,,,,,,,,,,,,,,,,,,,,,,,,,,,,,,,,,,,,,,,,,,,,,,,,,,,,,,,,,,,,,,,,,,,,,,,,,,,,,,,,,,,,,,,,,,,,,,,,,,,,,,,,,,,,,,,,,,,,,,,,,,,,,,,,,,,,
,,,,,,,,,,,,,,,,,,,,,,,,,,,,,,,,,,,,,,,,,,,,,,,,,,,,,,,,,,,,,,,,,,,,,,,,,,,,,,,,,,,0.1050332979,0.1019690631,0.0984756502,0.0945956432,0.0904940360,0.0863135643,0.0821348325,0.0779743534,0.0738199014,0.0696429660,0.0654120100,0.0611036997,0.0567096315,0.0522370321,0.0477038977,0.0431307602,0.0385321156,0.0339103461,0.0292539121,0.0245402748,0.0197431331,0.0148439301,0.0098473434,0.0048342262,-0.0000250300,-0.0045053376,-0.0085253724,,,,,,,,,,,,,,,,,,,,,,,,,,,,,,,,,,,,,,,,,,,,,,,,,,,,,,,,,,,,,,,,,,,,,,,,,,,,,,,,,,
,,,,,,,,,,,,,,,,,,,,,,,,,,,,,,,,,,,,,,,,,,,,,,,,,,,,,,,,,,,,,,,,,,,,,,,,,,,,,0.1261611133,0.1238835005,0.1210227034,0.1176699517,0.1140021013,0.1101660858,0.1055098585,0.1020893082,0.0984049343,0.0944721676,0.0903905241,0.0862555702,0.0821238876,0.0780070357,0.0738923097,0.0697533051,0.0655615548,0.0612963735,0.0569505145,0.0525303863,0.0480514602,0.0435309767,0.0389806601,0.0344017916,0.0297839658,0.0251076974,0.0203503558,0.0154952198,0.0105433405,0.0055459812,0.0006099913,-0.0041323487,-0.0086464977,-0.0145519885,-0.0199793283,-0.0253702351,-0.0304753757,-0.0349983322,-0.0387945441,,,,,,,,,,,,,,,,,,,,,,,,,,,,,,,,,,,,,,,,,,,,,,,,,,,,,,,,,,,,,,,,,,,,,,,,,,,,
,,,,,,,,,,,,,,,,,,,,,,,,,,,,,,,,,,,,,,,,,,,,,,,,,,,,,,,,,,,,,,,,,,,,,,,,,0.1315837638,0.1313028535,0.1303256433,0.1286570615,0.1261616432,0.1236812965,0.1207019868,0.1173196204,0.1136756645,0.1098850809,0.1057392316,0.1020554326,0.0982379454,0.0942877827,0.0902532864,0.0861884982,0.0821269885,0.0780745448,0.0740183970,0.0699354824,0.0658019127,0.0616008624,0.0573267008,0.0529845370,0.0485860457,0.0441435676,0.0396647074,0.0351490932,0.0305879605,0.0259663292,0.0212671460,0.0164771054,0.0115939476,0.0066414868,0.0016698881,-0.0032651931,-0.0081612316,-0.0136042719,-0.0190056069,-0.0243981261,-0.0295915124,-0.0343616689,-0.0385778268,-0.0431488092,-0.0468929599,-0.0498424259,-0.0519185157,,,,,,,,,,,,,,,,,,,,,,,,,,,,,,,,,,,,,,,,,,,,,,,,,,,,,,,,,,,,,,,,,,,,,,,,
,,,,,,,,,,,,,,,,,,,,,,,,,,,,,,,,,,,,,,,,,,,,,,,,,,,,,,,,,,,,,,,,,,,,,0.1242141687,0.1262455337,0.1280658419,0.1294815230,0.1308964372,0.1307201458,0.1297904028,0.1281498504,0.1258605783,0.1232352437,0.1201801852,0.1167974565,0.1131999549,0.1094751236,0.1056131691,0.1018319204,0.0979842722,0.0940711112,0.0901142936,0.0861410081,0.0821680083,0.0781960070,0.0742130231,0.0702004123,0.0661399504,0.0620194472,0.0578351076,0.0535903250,0.0492920561,0.0449466233,0.0405565878,0.0361195330,0.0316286510,0.0270744481,0.0224468838,0.0177377355,0.0129433104,0.0080689117,0.0031277056,-0.0018691802,-0.0069318375,-0.0121871597,-0.0175421590,-0.0229136485,-0.0281634676,-0.0331271763,-0.0376806538,-0.0420124121,-0.0457997837,-0.0488438513,-0.0510547975,-0.0520871166,-0.0529867152,-0.0532751781,-0.0530344388,,,,,,,,,,,,,,,,,,,,,,,,,,,,,,,,,,,,,,,,,,,,,,,,,,,,,,,,,,,,,,,,,,,,
,,,,,,,,,,,,,,,,,,,,,,,,,,,,,,,,,,,,,,,,,,,,,,,,,,,,,,,,,,,,,,,,,,0.1126993774,0.1154980500,0.1185906431,0.1230253352,0.1253812741,0.1273681156,0.1288323810,0.1299468209,0.1298606027,0.1289892387,0.1273991777,0.1252091096,0.1225465746,0.1194922880,0.1161532808,0.1126268770,0.1089844722,0.1052620763,0.1015103478,0.0977147537,0.0938809738,0.0900212406,0.0861489112,0.0822708830,0.0783846443,0.0744798731,0.0705426908,0.0665605819,0.0625258640,0.0584364035,0.0542937590,0.0501001542,0.0458559637,0.0415587958,0.0372042262,0.0327873555,0.0283041085,0.0237515792,0.0191274342,0.0144289407,0.0096525203,0.0047929252,-0.0001584440,-0.0052148481,-0.0103933101,-0.0156779573,-0.0209957162,-0.0262406401,-0.0312817656,-0.0359944200,-0.0402911737,-0.0440936259,-0.0472021182,-0.0495250323,-0.0507701408,-0.0516818726,-0.0519332383,-0.0515824050,-0.0492000774,-0.0479100286,-0.0465960369,,,,,,,,,,,,,,,,,,,,,,,,,,,,,,,,,,,,,,,,,,,,,,,,,,,,,,,,,,,,,,,,,
,,,,,,,,,,,,,,,,,,,,,,,,,,,,,,,,,,,,,,,,,,,,,,,,,,,,,,,,,,,,,,,0.1010891408,0.1037036396,0.1068268054,0.1115775531,0.1146844463,0.1179087320,0.1216638386,0.1242603232,0.1263727667,0.1278780138,0.1287871753,0.1287700140,0.1279715639,0.1264618985,0.1243507824,0.1217448043,0.1187584172,0.1155003053,0.1120622792,0.1085105053,0.1048867195,0.1012141718,0.0975049618,0.0937672670,0.0900089273,0.0862359926,0.0824499676,0.0786468486,0.0748183608,0.0709549139,0.0670488048,0.0630959908,0.0590955619,0.0550474649,0.0509500374,0.0467988796,0.0425876920,0.0383105272,0.0339641009,0.0295487987,0.0250677034,0.0205238815,0.0159169128,0.0112401223,0.0064799988,0.0016188037,-0.0033592708,-0.0084575969,-0.0136537412,-0.0188896053,-0.0240720211,-0.0290821354,-0.0337928567,-0.0380746485,-0.0418371271,-0.0449433728,-0.0473110859,-0.0487882031,-0.0497098585,-0.0499455099,-0.0495420842,-0.0478405514,-0.0465396426,-0.0451003121,-0.0418739401,-0.0401783175,-0.0386977799,,,,,,,,,,,,,,,,,,,,,,,,,,,,,,,,,,,,,,,,,,,,,,,,,,,,,,,,,,,,,,
,,,,,,,,,,,,,,,,,,,,,,,,,,,,,,,,,,,,,,,,,,,,,,,,,,,,,,,,,,,,,0.0933321481,0.0960148025,0.1001258828,0.1030485134,0.1063076137,0.1103695505,0.1136885435,0.1169792723,0.1202862834,0.1229744409,0.1251404413,0.1266741190,0.1275186654,0.1275700902,0.1268659613,0.1254672100,0.1234658467,0.1209686245,0.1180882579,0.1149321800,0.1115909979,0.1081315605,0.1045975506,0.1010148953,0.0973982499,0.0937561087,0.0900934060,0.0864119999,0.0827104658,0.0789843082,0.0752270971,0.0714324883,0.0675961934,0.0637166116,0.0597935531,0.0558258093,0.0518091661,0.0477362340,0.0435984021,0.0393890011,0.0351060346,0.0307529864,0.0263370551,0.0218651978,0.0173392309,0.0127519474,0.0080865387,0.0033209838,-0.0015628442,-0.0065674098,-0.0116682763,-0.0168073330,-0.0218934550,-0.0268102574,-0.0314298398,-0.0356274477,-0.0392906646,-0.0423227443,-0.0446563312,-0.0462348151,-0.0471501660,-0.0473901327,-0.0470056901,-0.0458441613,-0.0445865327,-0.0431048995,-0.0406488053,-0.0389303896,-0.0372972592,-0.0341303341,-0.0324168718,,,,,,,,,,,,,,,,,,,,,,,,,,,,,,,,,,,,,,,,,,,,,,,,,,,,,,,,,,,,
,,,,,,,,,,,,,,,,,,,,,,,,,,,,,,,,,,,,,,,,,,,,,,,,,,,,,,,,,,0.0828589767,0.0852361708,0.0880975010,0.0924090314,0.0953859572,0.0990779849,0.1022621439,0.1056146413,0.1092400506,0.1126122786,0.1158769520,0.1189584658,0.1216281228,0.1237953940,0.1253523886,0.1262211704,0.1263600210,0.1257743057,0.1245123045,0.1226525010,0.1202923517,0.1175386601,0.1144959920,0.1112553076,0.1078867086,0.1044384151,0.1009404085,0.0974096234,0.0938543840,0.0902774479,0.0866779579,0.0830526884,0.0793969301,0.0757054930,0.0719740619,0.0682003547,0.0643840931,0.0605253987,0.0566224289,0.0526697874,0.0486589125,0.0445805467,0.0404282155,0.0362010203,0.0319042642,0.0275473082,0.0231390829,0.0186825976,0.0141705989,0.0095849875,0.0049019195,0.0001022758,-0.0048154543,-0.0098241326,-0.0148624320,-0.0198366122,-0.0246292287,-0.0291131540,-0.0331670748,-0.0366872867,-0.0395933017,-0.0418329137,-0.0433875986,-0.0442702708,-0.0445147194,-0.0441816209,-0.0433168884,-0.0421524128,-0.0407301673,-0.0388579032,-0.0371615198,-0.0354319223,-0.0328750948,-0.0310192239,-0.0275507627,-0.0256554951,-0.0240396990,,,,,,,,,,,,,,,,,,,,,,,,,,,,,,,,,,,,,,,,,,,,,,,,,,,,,,,,,
,,,,,,,,,,,,,,,,,,,,,,,,,,,,,,,,,,,,,,,,,,,,,,,,,,,,,,,,0.0761278384,0.0784414909,0.0820643817,0.0847248475,0.0877247309,0.0914650175,0.0946626491,0.0981174695,0.1014364440,0.1048068916,0.1082201961,0.1115313299,0.1147089400,0.1176617086,0.1202744600,0.1224257033,0.1240093065,0.1249457564,0.1251915041,0.1247440076,0.1236383298,0.1219394018,0.1197336761,0.1171200977,0.1141992537,0.1110623761,0.1077833492,0.1044158065,0.1009946842,0.0975399622,0.0940606946,0.0905586321,0.0870312782,0.0834741434,0.0798821409,0.0762505515,0.0725759780,0.0688570180,0.0650938984,0.0612868096,0.0574337409,0.0535292240,0.0495649985,0.0455325578,0.0414264828,0.0372469696,0.0330002091,0.0286960980,0.0243437164,0.0199458870,0.0154949627,0.0109724956,0.0063547635,0.0016238231,-0.0032191327,-0.0081428263,-0.0130812278,-0.0179367544,-0.0225906191,-0.0269179128,-0.0308034198,-0.0341536009,-0.0369021023,-0.0390108803,-0.0404700061,-0.0412965676,-0.0415321388,-0.0412433334,-0.0405215953,-0.0394638813,-0.0381513296,-0.0365971929,-0.0349691877,-0.0332357785,-0.0311383739,-0.0292153988,-0.0264807303,-0.0245351686,-0.0227429800,-0.0195475354,-0.0178136254,,,,,,,,,,,,,,,,,,,,,,,,,,,,,,,,,,,,,,,,,,,,,,,,,,,,,,,
,,,,,,,,,,,,,,,,,,,,,,,,,,,,,,,,,,,,,,,,,,,,,,,,,,,,,,0.0695720995,0.0718664771,0.0753883361,0.0779735715,0.0812428176,0.0841464264,0.0872503226,0.0906518207,0.0939376359,0.0972948687,0.1006288002,0.1039566243,0.1072485607,0.1104599917,0.1135329376,0.1163923152,0.1189421639,0.1210752971,0.1226899793,0.1237051341,0.1240715878,0.1237766492,0.1228422404,0.1213196902,0.1192833228,0.1168227522,0.1140332729,0.1110054525,0.1078165273,0.1045257495,0.1011738215,0.0977850184,0.0943705752,0.0909325731,0.0874677570,0.0839706014,0.0804352646,0.0768567445,0.0732317144,0.0695589385,0.0658387211,0.0620712633,0.0582547309,0.0543842899,0.0504529149,0.0464537867,0.0423832114,0.0382426391,0.0340386620,0.0297806249,0.0254763378,0.0211271474,0.0167243815,0.0122496490,0.0076808242,0.0030032968,-0.0017768185,-0.0066223520,-0.0114615876,-0.0161930572,-0.0206974802,-0.0248537695,-0.0285547695,-0.0317183952,-0.0342919230,-0.0362509066,-0.0375964070,-0.0383531804,-0.0385684574,-0.0383096450,-0.0376581029,-0.0366953333,-0.0354901518,-0.0340977449,-0.0325558526,-0.0308817930,-0.0290318088,-0.0271364926,-0.0249307595,-0.0229734245,-0.0210549105,-0.0184205590,-0.0165148628,-0.0131849728,-0.0113492449,,,,,,,,,,,,,,,,,,,,,,,,,,,,,,,,,,,,,,,,,,,,,,,,,,,,,
,,,,,,,,,,,,,,,,,,,,,,,,,,,,,,,,,,,,,,,,,,,,,,,,,,,,0.0630418643,0.0653492235,0.0688677323,0.0714466911,0.0746466367,0.0774686646,0.0805573178,0.0835905315,0.0867294146,0.0899832675,0.0932550661,0.0965485635,0.0998368599,0.1030948690,0.1062947515,0.1094021507,0.1123719055,0.1151426644,0.1176338034,0.1197510880,0.1213995264,0.1224982545,0.1229924477,0.1228591341,0.1221072363,0.1207742720,0.1189215417,0.1166279157,0.1139816958,0.1110711531,0.1079757479,0.1047600791,0.1014712761,0.0981392803,0.0947791557,0.0913947470,0.0879828848,0.0845371457,0.0810505280,0.0775171211,0.0739331202,0.0702971402,0.0666094854,0.0628704678,0.0590786452,0.0552301200,0.0513194795,0.0473420207,0.0432961804,0.0391849094,0.0350151211,0.0307950966,0.0265304953,0.0222202300,0.0178540189,0.0134137354,0.0088800195,0.0042435116,-0.0004826302,-0.0052536890,-0.0099916102,-0.0145915953,-0.0189353992,-0.0229077382,-0.0264113466,-0.0293767318,-0.0317649461,-0.0335649731,-0.0347893824,-0.0354710448,-0.0356607100,-0.0354231001,-0.0348296326,-0.0339482530,-0.0328351339,-0.0315329180,-0.0300713091,-0.0284705459,-0.0267485876,-0.0249291762,-0.0229926787,-0.0210708941,-0.0191184777,-0.0168838555,-0.0148558518,-0.0120965660,-0.0100764249,-0.0066496421,-0.0047769053,,,,,,,,,,,,,,,,,,,,,,,,,,,,,,,,,,,,,,,,,,,,,,,,,,,
,,,,,,,,,,,,,,,,,,,,,,,,,,,,,,,,,,,,,,,,,,,,,,,,,,0.0568835549,0.0590085720,0.0623996164,0.0649756650,0.0681833923,0.0710136422,0.0740634162,0.0770185949,0.0800489484,0.0831024141,0.0862158492,0.0893881171,0.0926023919,0.0958331191,0.0990523065,0.1022311582,0.1053408775,0.1083512177,0.1112255312,0.1139142337,0.1163505489,0.1184529600,0.1201347162,0.1213169619,0.1219405844,0.1219733143,0.1214116531,0.1202793285,0.1186239574,0.1165123050,0.1140237497,0.1112421516,0.1082474610,0.1051087783,0.1018799180,0.0985976743,0.0952825810,0.0919417669,0.0885731098,0.0851695538,0.0817226830,0.0782252504,0.0746726760,0.0710633824,0.0673978270,0.0636766344,0.0598988793,0.0560616079,0.0521609643,0.0481943525,0.0441624604,0.0400699668,0.0359242971,0.0317326397,0.0274981765,0.0232169031,0.0188766299,0.0144597609,0.0099507236,0.0053470369,0.0006706521,-0.0040249387,-0.0086551680,-0.0131129497,-0.0172830278,-0.0210581492,-0.0243527764,-0.0271110565,-0.0293080311,-0.0309458113,-0.0320479974,-0.0326547894,-0.0328188265,-0.0326001460,-0.0320593979,-0.0312507205,-0.0302173870,-0.0289923334,-0.0276017299,-0.0260694521,-0.0244198563,-0.0226783587,-0.0208702440,-0.0190100901,-0.0170932945,-0.0150574974,-0.0129964132,-0.0106359939,-0.0084875743,-0.0056542032,-0.0036322403,-0.0004455954,0.0011811387,,,,,,,,,,,,,,,,,,,,,,,,,,,,,,,,,,,,,,,,,,,,,,,,,
,,,,,,,,,,,,,,,,,,,,,,,,,,,,,,,,,,,,,,,,,,,,,,,,0.0523901559,0.0538656142,0.0564960737,0.0587960268,0.0618327024,0.0646274746,0.0676851365,0.0706576655,0.0736712041,0.0766585614,0.0796525462,0.0826698999,0.0857268058,0.0888294793,0.0919690903,0.0951241310,0.0982659147,0.1013633775,0.1043866569,0.1073072959,0.1100942240,0.1127072501,0.1150917657,0.1171785756,0.1188902188,0.1201517197,0.1209016852,0.1211002338,0.1207325675,0.1198090797,0.1183634134,0.1164491146,0.1141347385,0.1114973541,0.1086151085,0.1055600280,0.1023921639,0.0991558458,0.0958785008,0.0925721208,0.0892368457,0.0858655931,0.0824486064,0.0789771266,0.0754456664,0.0718525156,0.0681985074,0.0644848202,0.0607111504,0.0568753776,0.0529749235,0.0490089981,0.0449803898,0.0408955889,0.0367627919,0.0325883717,0.0283732045,0.0241104630,0.0197862607,0.0153840995,0.0108932148,0.0063193014,0.0016942427,-0.0029192366,-0.0074306392,-0.0117322078,-0.0157139168,-0.0192787719,-0.0223546044,-0.0248999747,-0.0269038541,-0.0283807981,-0.0293643223,-0.0299005091,-0.0300422200,-0.0298433255,-0.0293530399,-0.0286118747,-0.0276510834,-0.0264959371,-0.0251706643,-0.0237019805,-0.0221188597,-0.0204488100,-0.0187128917,-0.0169191791,-0.0150609215,-0.0131232420,-0.0110953316,-0.0089326493,-0.0067596382,-0.0043530105,-0.0022563826,0.0003132397,0.0019970670,0.0043208710,0.0053429440,,,,,,,,,,,,,,,,,,,,,,,,,,,,,,,,,,,,,,,,,,,,,,,
,,,,,,,,,,,,,,,,,,,,,,,,,,,,,,,,,,,,,,,,,,,,,,,0.0513891652,0.0524916918,0.0540126102,0.0562986865,0.0587036572,0.0615271885,0.0644096878,0.0674089056,0.0704091570,0.0733975129,0.0763631709,0.0793158685,0.0822762095,0.0852640740,0.0882893064,0.0913473204,0.0944198026,0.0974791728,0.1004941269,0.1034342825,0.1062717720,0.1089787607,0.1115219087,0.1138567659,0.1159256675,0.1176611192,0.1189938444,0.1198624873,0.1202217434,0.1200471839,0.1193368572,0.1181106610,0.1164082786,0.1142858506,0.1118112548,0.1090580954,0.1060989407,0.1029986803,0.0998090445,0.0965653048,0.0932858441,0.0899745868,0.0866255246,0.0832281121,0.0797722097,0.0762513817,0.0726637905,0.0690107838,0.0652943154,0.0615148680,0.0576711276,0.0537615318,0.0497866883,0.0457511067,0.0416629112,0.0375311776,0.0333618385,0.0291540419,0.0248988785,0.0205816765,0.0161881124,0.0117133540,0.0071721643,0.0026066372,-0.0019119135,-0.0062886732,-0.0104174943,-0.0141959790,-0.0175393383,-0.0203899057,-0.0227208944,-0.0245346663,-0.0258570613,-0.0267298711,-0.0272031360,-0.0273280833,-0.0271511314,-0.0267098099,-0.0260318819,-0.0251382824,-0.0240486476,-0.0227864760,-0.0213808766,-0.0198636197,-0.0182628733,-0.0165968182,-0.0148696811,-0.0130732589,-0.0111936951,-0.0092224235,-0.0071658872,-0.0050525991,-0.0028886443,-0.0008384182,0.0012614497,0.0029184674,0.0047044529,0.0056927680,0.0067240324,,,,,,,,,,,,,,,,,,,,,,,,,,,,,,,,,,,,,,,,,,,,,,
,,,,,,,,,,,,,,,,,,,,,,,,,,,,,,,,,,,,,,,,,,,,,0.0514343840,0.0516290202,0.0519046921,0.0529061621,0.0544217902,0.0564772394,0.0588522909,0.0615283516,0.0643613392,0.0672874143,0.0702427515,0.0731876091,0.0761074790,0.0790081735,0.0819071355,0.0848232741,0.0877679504,0.0907399064,0.0937246204,0.0966974153,0.0996284615,0.1024876030,0.1052469846,0.1078802222,0.1103584017,0.1126449706,0.1146925147,0.1164436775,0.1178364226,0.1188118078,0.1193216394,0.1193340358,0.1188362733,0.1178353642,0.1163571365,0.1144442791,0.1121533369,0.1095504157,0.1067055247,0.1036859532,0.1005496438,0.0973399077,0.0940827738,0.0907876830,0.0874513195,0.0840634614,0.0806130858,0.0770928454,0.0735006376,0.0698382768,0.0661086439,0.0623132873,0.0584519172,0.0545239597,0.0505310883,0.0464790011,0.0423769548,0.0382346998,0.0340580262,0.0298452347,0.0255867293,0.0212687527,0.0168808291,0.0124252931,0.0079263486,0.0034355120,-0.0009692765,-0.0051916581,-0.0091300225,-0.0126919915,-0.0158063898,-0.0184303981,-0.0205513430,-0.0221837782,-0.0233631181,-0.0241373323,-0.0245581940,-0.0246734220,-0.0245210255,-0.0241271725,-0.0235083914,-0.0226774436,-0.0216503203,-0.0204508439,-0.0191102818,-0.0176619004,-0.0161330420,-0.0145386363,-0.0128793192,-0.0111455987,-0.0093265580,-0.0074205178,-0.0054429034,-0.0034300105,-0.0014367520,0.0004698730,0.0022569827,0.0037738490,0.0051309633,0.0060192605,0.0067431855,0.0070544485,0.0070059515,,,,,,,,,,,,,,,,,,,,,,,,,,,,,,,,,,,,,,,,,,,,
,,,,,,,,,,,,,,,,,,,,,,,,,,,,,,,,,,,,,,,,,,,0.0542483444,0.0537625220,0.0525337530,0.0526237177,0.0528880199,0.0537990835,0.0552092234,0.0570641958,0.0592764212,0.0617707558,0.0644619534,0.0672726986,0.0701387699,0.0730147131,0.0758769186,0.0787218603,0.0815595745,0.0844048180,0.0872685246,0.0901520609,0.0930452209,0.0959276751,0.0987726631,0.1015512923,0.1042357065,0.1067997569,0.1092168257,0.1114558966,0.1134780681,0.1152356724,0.1166749414,0.1177415125,0.1183869756,0.1185745838,0.1182829899,0.1175078627,0.1162619371,0.1145741529,0.1124881236,0.1100596269,0.1073525904,0.1044333597,0.1013637730,0.0981943706,0.0949594896,0.0916757494,0.0883445005,0.0849574780,0.0815036869,0.0779750448,0.0743689336,0.0706873806,0.0669342438,0.0631125329,0.0592235093,0.0552679201,0.0512483918,0.0471712368,0.0430460629,0.0388827501,0.0346870928,0.0304576382,0.0261860619,0.0218619079,0.0174806932,0.0130531119,0.0086125137,0.0042178907,-0.0000494590,-0.0040954423,-0.0078263673,-0.0111620547,-0.0140456356,-0.0164485404,-0.0183707427,-0.0198370042,-0.0208899999,-0.0215814021,-0.0219624182,-0.0220756690,-0.0219503829,-0.0216023817,-0.0210390083,-0.0202671699,-0.0193009651,-0.0181651708,-0.0168926823,-0.0155170084,-0.0140634606,-0.0125433806,-0.0109543466,-0.0092866711,-0.0075337333,-0.0057023341,-0.0038188740,-0.0019297210,-0.0000953111,0.0016184709,0.0031486477,0.0044398540,0.0054738391,0.0061744268,0.0066061592,0.0066793886,0.0064734637,0.0055001822,0.0049059125,,,,,,,,,,,,,,,,,,,,,,,,,,,,,,,,,,,,,,,,,,
,,,,,,,,,,,,,,,,,,,,,,,,,,,,,,,,,,,,,,,,,,0.0579758152,0.0557835681,0.0551601829,0.0542269523,0.0541794065,0.0544189228,0.0551767714,0.0563747043,0.0579782189,0.0599401061,0.0622011220,0.0646929694,0.0673448995,0.0700910100,0.0728784200,0.0756726266,0.0784582787,0.0812351714,0.0840112446,0.0867949668,0.0895892911,0.0923883635,0.0951771339,0.0979332717,0.1006303433,0.1032409592,0.1057385923,0.1080972527,0.1102892061,0.1122820004,0.1140365680,0.1155077346,0.1166473869,0.1174094326,0.1177550661,0.1176569471,0.1171015956,0.1160901880,0.1146384637,0.1127762990,0.1105468403,0.1080044553,0.1052106738,0.1022279351,0.0991120696,0.0959054531,0.0926330570,0.0893028661,0.0859105321,0.0824463977,0.0789020761,0.0752742138,0.0715646836,0.0677782744,0.0639199131,0.0599931891,0.0560008488,0.0519466465,0.0478370291,0.0436810620,0.0394880154,0.0352637427,0.0310082742,0.0267168635,0.0223851005,0.0180167403,0.0136316745,0.0092712848,0.0049990118,0.0008952333,-0.0029526530,-0.0064623168,-0.0095674950,-0.0122255076,-0.0144204921,-0.0161626830,-0.0174842747,-0.0184323234,-0.0190594982,-0.0194143290,-0.0195333289,-0.0194373658,-0.0191336478,-0.0186227601,-0.0179079935,-0.0170028439,-0.0159330787,-0.0147322505,-0.0134327951,-0.0120571176,-0.0106131233,-0.0090965619,-0.0074994528,-0.0058212005,-0.0040779769,-0.0023067151,-0.0005625523,0.0010892313,0.0025832539,0.0038630666,0.0048860206,0.0056251700,0.0060677894,0.0062202408,0.0060573646,0.0056431421,0.0047071911,0.0039254431,0.0021160062,,,,,,,,,,,,,,,,,,,,,,,,,,,,,,,,,,,,,,,,,
,,,,,,,,,,,,,,,,,,,,,,,,,,,,,,,,,,,,,,,,,0.0625554955,0.0597426272,0.0580066512,0.0572270981,0.0564927097,0.0562792063,0.0563941769,0.0569185966,0.0578343671,0.0591362717,0.0608007695,0.0627886494,0.0650455653,0.0675073744,0.0701079589,0.0727881110,0.0755025565,0.0782231818,0.0809378250,0.0836455927,0.0863505867,0.0890559676,0.0917596473,0.0944521285,0.0971164413,0.0997297622,0.1022659787,0.1046981625,0.1069998794,0.1091447569,0.1111046281,0.1128473959,0.1143360157,0.1155295430,0.1163862760,0.1168680853,0.1169445439,0.1165957411,0.1158135347,0.1146018738,0.1129770564,0.1109681980,0.1086172106,0.1059769682,0.1031066323,0.1000643513,0.0968991155,0.0936444891,0.0903165660,0.0869168374,0.0834385583,0.0798738084,0.0762185130,0.0724740921,0.0686461860,0.0647420761,0.0607685434,0.0567312186,0.0526354179,0.0484874713,0.0442951547,0.0400664678,0.0358074423,0.0315208955,0.0272079787,0.0228729116,0.0185294846,0.0142068803,0.0099524954,0.0058303839,0.0019152661,-0.0017165625,-0.0049971120,-0.0078750108,-0.0103208083,-0.0123289785,-0.0139168726,-0.0151207216,-0.0159887162,-0.0165718362,-0.0169142825,-0.0170462340,-0.0169814606,-0.0167208819,-0.0162608900,-0.0156030672,-0.0147609763,-0.0137607846,-0.0126353698,-0.0114148334,-0.0101182325,-0.0087507921,-0.0073082291,-0.0057864839,-0.0041927340,-0.0025531086,-0.0009140935,0.0006626123,0.0021095832,0.0033639463,0.0043755597,0.0051111744,0.0055549300,0.0057052665,0.0055712268,0.0051590634,0.0045058369,0.0035301400,0.0025151104,0.0008876944,-0.0015664944,,,,,,,,,,,,,,,,,,,,,,,,,,,,,,,,,,,,,,,,
,,,,,,,,,,,,,,,,,,,,,,,,,,,,,,,,,,,,,,,0.0686931081,0.0674680943,0.0643427525,0.0621800732,0.0607746304,0.0598555803,0.0591345401,0.0587342218,0.0586409529,0.0588860860,0.0594931572,0.0604740300,0.0618238335,0.0635195748,0.0655198684,0.0677686540,0.0702019289,0.0727562877,0.0753770431,0.0780237416,0.0806717734,0.0833102172,0.0859372200,0.0885545722,0.0911627980,0.0937575192,0.0963274704,0.0988543243,0.1013142042,0.1036802594,0.1059251983,0.1080226336,0.1099466895,0.1116702895,0.1131633205,0.1143920282,0.1153204083,0.1159133162,0.1161401047,0.1159774333,0.1154106191,0.1144340110,0.1130515084,0.1112779628,0.1091410071,0.1066816754,0.1039519743,0.1010087232,0.0979049706,0.0946818872,0.0913641804,0.0879606018,0.0844688742,0.0808826161,0.0771974335,0.0734142679,0.0695396078,0.0655834520,0.0615565358,0.0574682561,0.0533260907,0.0491363226,0.0449050940,0.0406388441,0.0363441114,0.0320277431,0.0276987019,0.0233716684,0.0190712627,0.0148350029,0.0107134620,0.0067671243,0.0030605575,-0.0003447090,-0.0033970045,-0.0060598316,-0.0083151845,-0.0101648718,-0.0116297527,-0.0127464211,-0.0135609583,-0.0141203375,-0.0144634812,-0.0146148540,-0.0145830920,-0.0143654622,-0.0139565613,-0.0133576338,-0.0125823191,-0.0116560878,-0.0106096559,-0.0094697699,-0.0082522108,-0.0069608312,-0.0055934587,-0.0041521550,-0.0026532748,-0.0011329535,0.0003541721,0.0017422398,0.0029644422,0.0039627461,0.0046945390,0.0051353015,0.0052779067,0.0051293730,0.0047069385,0.0040334349,0.0031366802,0.0020228739,0.0007770179,-0.0007726881,-0.0028607196,-0.0057376863,-0.0070745924,,,,,,,,,,,,,,,,,,,,,,,,,,,,,,,,,,,,,,
,,,,,,,,,,,,,,,,,,,,,,,,,,,,,,,,,,,,,,0.0732186763,0.0703947443,0.0690639255,0.0667444063,0.0650730134,0.0637919163,0.0627638336,0.0619420077,0.0613455442,0.0610100867,0.0609760029,0.0612791021,0.0619445113,0.0629816223,0.0643813127,0.0661148006,0.0681354480,0.0703836387,0.0727943367,0.0753057192,0.0778665766,0.0804405148,0.0830062923,0.0855550066,0.0880855228,0.0905994282,0.0930963818,0.0955704979,0.0980083793,0.1003892665,0.1026871964,0.1048742285,0.1069232541,0.1088091303,0.1105078323,0.1119944594,0.1132415942,0.1142192859,0.1148969230,0.1152460846,0.1152429386,0.1148692982,0.1141126829,0.1129667046,0.1114329724,0.1095244089,0.1072682253,0.1047060535,0.1018896463,0.0988727601,0.0957019619,0.0924098189,0.0890128306,0.0855143326,0.0819106452,0.0781978358,0.0743767310,0.0704548454,0.0664451759,0.0623629381,0.0582219899,0.0540326159,0.0498014688,0.0455332662,0.0412331253,0.0369086515,0.0325716864,0.0282400834,0.0239395662,0.0197050203,0.0155802461,0.0116156497,0.0078642223,0.0043768396,0.0011979681,-0.0016376210,-0.0041071640,-0.0062015925,-0.0079266916,-0.0093031532,-0.0103644531,-0.0111517847,-0.0117065155,-0.0120621786,-0.0122388736,-0.0122424552,-0.0120691070,-0.0117135673,-0.0111774719,-0.0104739886,-0.0096265315,-0.0086622804,-0.0076040163,-0.0064648285,-0.0052488791,-0.0039583036,-0.0026031711,-0.0012098544,0.0001760638,0.0014936115,0.0026752789,0.0036574175,0.0043888008,0.0048354636,0.0049817239,0.0048284767,0.0043899672,0.0036902981,0.0027597591,0.0016318027,0.0003388230,-0.0010954081,-0.0026884742,-0.0045338602,-0.0068488387,-0.0083363147,-0.0109009646,,,,,,,,,,,,,,,,,,,,,,,,,,,,,,,,,,,,,
,,,,,,,,,,,,,,,,,,,,,,,,,,,,,,,,,,,,,0.0782582720,0.0750473842,0.0727784546,0.0713361023,0.0695762230,0.0681217564,0.0668504886,0.0657254341,0.0647574194,0.0639714999,0.0634087643,0.0631162449,0.0631378036,0.0635079769,0.0642471780,0.0653582833,0.0668244987,0.0686092855,0.0706592062,0.0729101298,0.0752958489,0.0777568183,0.0802465062,0.0827339603,0.0852027696,0.0876475686,0.0900692958,0.0924700716,0.0948484201,0.0971957379,0.0994949751,0.1017219696,0.1038488119,0.1058476400,0.1076931010,0.1093625461,0.1108343788,0.1120860118,0.1130929689,0.1138297606,0.1142718690,0.1143974436,0.1141877102,0.1136263853,0.1126995896,0.1113978432,0.1097203989,0.1076801976,0.1053065010,0.1026428439,0.0997401451,0.0966472939,0.0934027463,0.0900300746,0.0865385977,0.0829282517,0.0791965223,0.0753448140,0.0713820495,0.0673244378,0.0631919186,0.0590032182,0.0547720138,0.0505060240,0.0462092669,0.0418862423,0.0375462538,0.0332065532,0.0288938100,0.0246438936,0.0205000229,0.0165094196,0.0127190151,0.0091712948,0.0059014450,0.0029363303,0.0002947864,-0.0020119673,-0.0039808169,-0.0056181909,-0.0069413466,-0.0079778522,-0.0087621139,-0.0093292178,-0.0097079699,-0.0099158773,-0.0099583336,-0.0098325689,-0.0095347503,-0.0090670369,-0.0084412565,-0.0076774619,-0.0067982924,-0.0058224559,-0.0047613342,-0.0036211788,-0.0024103467,-0.0011482081,0.0001287121,0.0013665209,0.0024999934,0.0034623976,0.0041954025,0.0046560661,0.0048197581,0.0046796494,0.0042442349,0.0035341650,0.0025791230,0.0014147011,0.0000789814,-0.0013927433,-0.0029747113,-0.0046491109,-0.0064286878,-0.0083946571,-0.0100548337,-0.0122674558,-0.0151857874,,,,,,,,,,,,,,,,,,,,,,,,,,,,,,,,,,,,
,,,,,,,,,,,,,,,,,,,,,,,,,,,,,,,,,,,0.0849311923,0.0835139756,0.0800651819,0.0775304021,0.0756508081,0.0741218529,0.0725797862,0.0711666037,0.0698391039,0.0686128059,0.0675045525,0.0665458212,0.0657805594,0.0652584962,0.0650279511,0.0651299643,0.0655934556,0.0664313707,0.0676376788,0.0691857423,0.0710293125,0.0731072765,0.0753518406,0.0776980100,0.0800914875,0.0824930180,0.0848789121,0.0872386991,0.0895710403,0.0918786750,0.0941630526,0.0964196459,0.0986352655,0.1007883295,0.1028518763,0.1047978002,0.1066002522,0.1082368085,0.1096874419,0.1109326041,0.1119520184,0.1127249659,0.1132315373,0.1134535189,0.1133739294,0.1129755484,0.1122401013,0.1111499852,0.1096931116,0.1078692819,0.1056949446,0.1032034251,0.1004397573,0.0974518365,0.0942812164,0.0909568000,0.0874933178,0.0838946708,0.0801605677,0.0762937809,0.0723051190,0.0682141327,0.0640454578,0.0598227851,0.0555636211,0.0512775596,0.0469689303,0.0426425164,0.0383097488,0.0339929412,0.0297262758,0.0255535239,0.0215233098,0.0176831614,0.0140738870,0.0107258982,0.0076585674,0.0048824503,0.0024028072,0.0002222418,-0.0016590395,-0.0032452733,-0.0045479039,-0.0055868952,-0.0063890599,-0.0069834054,-0.0073951474,-0.0076409536,-0.0077276197,-0.0076548513,-0.0074208597,-0.0070280608,-0.0064860790,-0.0058106722,-0.0050194916,-0.0041275519,-0.0031457017,-0.0020838372,-0.0009578459,0.0002031149,0.0013529859,0.0024311655,0.0033703103,0.0041065553,0.0045884557,0.0047821747,0.0046725332,0.0042611766,0.0035635664,0.0026059266,0.0014223918,0.0000520212,-0.0014647288,-0.0030906830,-0.0047968066,-0.0065640416,-0.0083728148,-0.0102427554,-0.0120551914,-0.0140703275,-0.0165458574,-0.0197633987,-0.0212829786,,,,,,,,,,,,,,,,,,,,,,,,,,,,,,,,,,
,,,,,,,,,,,,,,,,,,,,,,,,,,,,,,,,,,0.0895250005,0.0866029053,0.0850747297,0.0824582088,0.0804284533,0.0787032357,0.0771193105,0.0755983262,0.0741308551,0.0727236461,0.0713897740,0.0701500690,0.0690372412,0.0680944808,0.0673714351,0.0669184957,0.0667810396,0.0669943409,0.0675793290,0.0685389436,0.0698554103,0.0714898059,0.0733854830,0.0754755563,0.0776925533,0.0799771895,0.0822839091,0.0845826113,0.0868573773,0.0891032620,0.0913217789,0.0935155231,0.0956828456,0.0978140749,0.0998906643,0.1018874938,0.1037770290,0.1055331870,0.1071332277,0.1085574139,0.1097875636,0.1108060188,0.1115957848,0.1121413231,0.1124287121,0.1124442782,0.1121721594,0.1115926287,0.1106832772,0.1094238800,0.1078035482,0.1058270177,0.1035168713,0.1009102614,0.0980512100,0.0949813813,0.0917326184,0.0883236860,0.0847621103,0.0810501975,0.0771926741,0.0732025956,0.0691028108,0.0649223446,0.0606896257,0.0564261703,0.0521441324,0.0478491145,0.0435469329,0.0392511421,0.0349879894,0.0307968839,0.0267263916,0.0228272386,0.0191445142,0.0157113960,0.0125463462,0.0096546430,0.0070334027,0.0046776545,0.0025845734,0.0007540754,-0.0008140028,-0.0021241597,-0.0031883311,-0.0040259660,-0.0046607794,-0.0051155645,-0.0054074369,-0.0055456914,-0.0055331554,-0.0053701685,-0.0050590271,-0.0046066096,-0.0040240459,-0.0033241709,-0.0025190559,-0.0016201288,-0.0006419677,0.0003915359,0.0014418508,0.0024546897,0.0033646229,0.0041041356,0.0046137575,0.0048497440,0.0047874270,0.0044205642,0.0037584418,0.0028225434,0.0016436473,0.0002591536,-0.0012899738,-0.0029629270,-0.0047232192,-0.0065421316,-0.0084003861,-0.0102850949,-0.0121871560,-0.0141080556,-0.0160987062,-0.0182802970,-0.0208912884,-0.0225677651,-0.0252748947,,,,,,,,,,,,,,,,,,,,,,,,,,,,,,,,,
,,,,,,,,,,,,,,,,,,,,,,,,,,,,,,,,,0.0943875601,0.0912801550,0.0889238715,0.0872838074,0.0852437189,0.0834452419,0.0817584146,0.0801290440,0.0785437679,0.0769968209,0.0754947033,0.0740514764,0.0726884812,0.0714365997,0.0703365329,0.0694364869,0.0687874490,0.0684374910,0.0684263684,0.0687808865,0.0695108263,0.0706056105,0.0720329895,0.0737414664,0.0756669988,0.0777423523,0.0799060910,0.0821086811,0.0843149671,0.0865037792,0.0886656940,0.0907994016,0.0929068358,0.0949877391,0.0970351784,0.0990336770,0.1009606105,0.1027898717,0.1044957387,0.1060551517,0.1074479630,0.1086561104,0.1096630735,0.1104542241,0.1110174663,0.1113428928,0.1114206680,0.1112377349,0.1107752984,0.1100093081,0.1089149340,0.1074738596,0.1056814139,0.1035502910,0.1011090549,0.0983959052,0.0954500562,0.0923038394,0.0889782761,0.0854836440,0.0818247157,0.0780083534,0.0740498929,0.0699751276,0.0658168194,0.0616075256,0.0573725638,0.0531269683,0.0488782253,0.0446335489,0.0404081442,0.0362305367,0.0321426162,0.0281944457,0.0244358225,0.0209074759,0.0176347441,0.0146257978,0.0118749825,0.0093698781,0.0070990464,0.0050571665,0.0032456431,0.0016690440,0.0003296089,-0.0007773141,-0.0016647840,-0.0023521875,-0.0028606893,-0.0032083842,-0.0034073014,-0.0034633526,-0.0033787892,-0.0031555641,-0.0027977834,-0.0023122805,-0.0017077890,-0.0009943716,-0.0001848649,0.0007011319,0.0016321583,0.0025615635,0.0034286562,0.0041651126,0.0047047931,0.0049934358,0.0049949850,0.0046932526,0.0040898468,0.0032004857,0.0020514959,0.0006770470,-0.0008834466,-0.0025885205,-0.0043985197,-0.0062793565,-0.0082049590,-0.0101578319,-0.0121276021,-0.0141104052,-0.0161111568,-0.0181377047,-0.0202225423,-0.0224545530,-0.0243041659,-0.0266247112,-0.0294742930,,,,,,,,,,,,,,,,,,,,,,,,,,,,,,,,
,,,,,,,,,,,,,,,,,,,,,,,,,,,,,,,,0.0993935493,0.0961728872,0.0936815763,0.0917038858,0.0899804361,0.0881768661,0.0864463932,0.0847395313,0.0830579758,0.0813975333,0.0797615128,0.0781601641,0.0766087644,0.0751281549,0.0737471468,0.0725039328,0.0714449683,0.0706210769,0.0700819000,0.0698701706,0.0700166535,0.0705357962,0.0714222177,0.0726490941,0.0741700295,0.0759250526,0.0778493520,0.0798819101,0.0819715605,0.0840797334,0.0861806754,0.0882601433,0.0903128508,0.0923384857,0.0943366420,0.0963020514,0.0982219349,0.1000764548,0.1018416128,0.1034927351,0.1050067978,0.1063630819,0.1075429567,0.1085299495,0.1093105120,0.1098747515,0.1102158544,0.1103275040,0.1101999948,0.1098170434,0.1091555437,0.1081893565,0.1068961937,0.1052649238,0.1033002036,0.1010224643,0.0984632283,0.0956575265,0.0926361843,0.0894207993,0.0860233497,0.0824506084,0.0787113574,0.0748228403,0.0708130322,0.0667173516,0.0625714060,0.0584036017,0.0542316613,0.0500650897,0.0459124715,0.0417899291,0.0377265297,0.0337640519,0.0299511914,0.0263345091,0.0229494153,0.0198142765,0.0169296416,0.0142828375,0.0118561454,0.0096352640,0.0076146741,0.0057980480,0.0041941661,0.0028106809,0.0016486572,0.0007000926,-0.0000508835,-0.0006240317,-0.0010381806,-0.0013075976,-0.0014407708,-0.0014415578,-0.0013116231,-0.0010527911,-0.0006684762,-0.0001643750,0.0004505329,0.0011615833,0.0019445271,0.0027615686,0.0035598265,0.0042743058,0.0048355606,0.0051798349,0.0052581349,0.0050413079,0.0045203215,0.0037031315,0.0026104741,0.0012722874,-0.0002749863,-0.0019910357,-0.0038350053,-0.0057693018,-0.0077627964,-0.0097923114,-0.0118421566,-0.0139025012,-0.0159684613,-0.0180403597,-0.0201220729,-0.0222075070,-0.0243196392,-0.0263150043,-0.0284212018,-0.0308394203,-0.0337580045,,,,,,,,,,,,,,,,,,,,,,,,,,,,,,,
,,,,,,,,,,,,,,,,,,,,,,,,,,,,,,,0.1045933458,0.1012230469,0.0986125012,0.0965187962,0.0946571283,0.0928800500,0.0911228213,0.0893751201,0.0876322730,0.0858920457,0.0841561146,0.0824325425,0.0807340475,0.0790770623,0.0774825486,0.0759783185,0.0746009511,0.0733955698,0.0724127261,0.0717030618,0.0713112541,0.0712704891,0.0715979215,0.0722913257,0.0733277078,0.0746651093,0.0762481136,0.0780158106,0.0799096479,0.0818789266,0.0838833698,0.0858936512,0.0878908896,0.0898652165,0.0918129011,0.0937320097,0.0956177556,0.0974593748,0.0992397304,0.1009373183,0.1025291052,0.1039926213,0.1053068118,0.1064523174,0.1074121300,0.1081728263,0.1087255321,0.1090653519,0.1091886385,0.1090888519,0.1087529602,0.1081605582,0.1072868151,0.1061085492,0.1046111396,0.1027935035,0.1006691703,0.0982630647,0.0956052053,0.0927236417,0.0896393295,0.0863650868,0.0829091827,0.0792819021,0.0755017219,0.0715976674,0.0676063070,0.0635647414,0.0595032406,0.0554415335,0.0513908931,0.0473610589,0.0433684162,0.0394412065,0.0356191328,0.0319474627,0.0284680755,0.0252108962,0.0221887859,0.0193976531,0.0168216990,0.0144418043,0.0122438039,0.0102234921,0.0083867203,0.0067451342,0.0053098127,0.0040855884,0.0030681404,0.0022445768,0.0015968059,0.0011060618,0.0007567918,0.0005386824,0.0004465624,0.0004787690,0.0006349289,0.0009138740,0.0013117701,0.0018199525,0.0024219256,0.0030897247,0.0037809914,0.0044388405,0.0049960911,0.0053836298,0.0055405236,0.0054224384,0.0050057298,0.0042867632,0.0032781281,0.0020041581,0.0004973143,-0.0012045518,-0.0030609816,-0.0050323329,-0.0070833321,-0.0091855123,-0.0113176796,-0.0134646909,-0.0156157498,-0.0177636084,-0.0199046996,-0.0220391918,-0.0241668965,-0.0262828388,-0.0283764737,-0.0304699943,-0.0326536330,-0.0351461353,-0.0381557788,,,,,,,,,,,,,,,,,,,,,,,,,,,,,,
,,,,,,,,,,,,,,,,,,,,,,,,,,,,,,0.1100576231,0.1064900134,0.1037246354,0.1014939927,0.0995063988,0.0976293553,0.0958033180,0.0940073570,0.0922202984,0.0904296842,0.0886304043,0.0868241570,0.0850191677,0.0832286783,0.0814699869,0.0797648349,0.0781411983,0.0766352331,0.0752916153,0.0741610574,0.0732951665,0.0727400430,0.0725302424,0.0726840734,0.0732006311,0.0740590525,0.0752207173,0.0766345634,0.0782442917,0.0799951869,0.0818386783,0.0837343631,0.0856505488,0.0875643416,0.0894612415,0.0913334326,0.0931763931,0.0949846986,0.0967487438,0.0984536934,0.1000806044,0.1016084834,0.1030159498,0.1042820883,0.1053870576,0.1063132057,0.1070467110,0.1075788238,0.1079054700,0.1080246472,0.1079323456,0.1076188264,0.1070672688,0.1062558607,0.1051628350,0.1037725858,0.1020805137,0.1000947889,0.0978344120,0.0953242850,0.0925891142,0.0896485640,0.0865158144,0.0832003216,0.0797134989,0.0760743063,0.0723115207,0.0684611055,0.0645597843,0.0606381267,0.0567168896,0.0528087078,0.0489243330,0.0450801145,0.0413027278,0.0376286454,0.0340984986,0.0307487735,0.0276042023,0.0246736906,0.0219511707,0.0194209699,0.0170656460,0.0148733398,0.0128419571,0.0109789094,0.0092970233,0.0078086600,0.0065204665,0.0054305411,0.0045286216,0.0037987690,0.0032232883,0.0027864602,0.0024769897,0.0022886882,0.0022195416,0.0022697162,0.0024390914,0.0027246108,0.0031173800,0.0035993848,0.0041402035,0.0046949095,0.0052048734,0.0056026531,0.0058205336,0.0058003519,0.0055013417,0.0049036016,0.0040069409,0.0028268601,0.0013900230,-0.0002693898,-0.0021125823,-0.0040991850,-0.0061907658,-0.0083540064,-0.0105622930,-0.0127952492,-0.0150370567,-0.0172750843,-0.0194998650,-0.0217060926,-0.0238934982,-0.0260658586,-0.0282292806,-0.0303905855,-0.0325482635,-0.0347232867,-0.0369967126,-0.0395929670,-0.0427471346,,,,,,,,,,,,,,,,,,,,,,,,,,,,,
,,,,,,,,,,,,,,,,,,,,,,,,,,,,,0.1157795621,0.1120184053,0.1090742718,0.1066784746,0.1045310470,0.1025073572,0.1005590180,0.0986705323,0.0968167668,0.0949757682,0.0931317470,0.0912755242,0.0894052390,0.0875263953,0.0856509162,0.0837961191,0.0819845529,0.0802450961,0.0786145789,0.0771383045,0.0758679366,0.0748564420,0.0741512956,0.0737878811,0.0737846047,0.0741404144,0.0748349807,0.0758316833,0.0770830694,0.0785374439,0.0801445883,0.0818591771,0.0836419982,0.0854602488,0.0872879704,0.0891064713,0.0909037001,0.0926718906,0.0944040569,0.0960908606,0.0977191558,0.0992723525,0.1007316853,0.1020773388,0.1032891320,0.1043472616,0.1052336917,0.1059340792,0.1064392734,0.1067451902,0.1068505282,0.1067529980,0.1064457217,0.1059156018,0.1051446416,0.1041138812,0.1028084942,0.1012221614,0.0993591707,0.0972335219,0.0948653427,0.0922759344,0.0894834729,0.0865013658,0.0833401869,0.0800122745,0.0765364612,0.0729400933,0.0692568557,0.0655212558,0.0617625864,0.0580016446,0.0542520845,0.0505257485,0.0468390736,0.0432170380,0.0396924406,0.0363007455,0.0330728166,0.0300286326,0.0271744148,0.0245040959,0.0220044171,0.0196616781,0.0174676587,0.0154226653,0.0135348878,0.0118167484,0.0102799700,0.0089312772,0.0077700458,0.0067882978,0.0059726564,0.0053074190,0.0047777818,0.0043723393,0.0040842612,0.0039109369,0.0038522895,0.0039082069,0.0040755212,0.0043447734,0.0046969229,0.0051004374,0.0055097708,0.0058666135,0.0061048721,0.0061589250,0.0059729760,0.0055084774,0.0047473824,0.0036910077,0.0023561821,0.0007708762,-0.0010294753,-0.0030051608,-0.0051156101,-0.0073230364,-0.0095952418,-0.0119064442,-0.0142361140,-0.0165671682,-0.0188852054,-0.0211794850,-0.0234448653,-0.0256831298,-0.0279024245,-0.0301151211,-0.0323353546,-0.0345745197,-0.0368295071,-0.0391155233,-0.0415091235,-0.0442440313,-0.0475658073,,,,,,,,,,,,,,,,,,,,,,,,,,,,
,,,,,,,,,,,,,,,,,,,,,,,,,,,,0.1216875506,0.1177792387,0.1146719789,0.1121084103,0.1097857488,0.1075856028,0.1054721112,0.1034409604,0.1014732632,0.0995474317,0.0976427197,0.0957409788,0.0938288048,0.0918995204,0.0899542356,0.0880018098,0.0860582159,0.0841461582,0.0822955707,0.0805447127,0.0789405133,0.0775365086,0.0763876824,0.0755431966,0.0750391678,0.0748935335,0.0751040597,0.0756495941,0.0764941261,0.0775927087,0.0788976644,0.0803632826,0.0819480417,0.0836148906,0.0853310969,0.0870687708,0.0888058501,0.0905263640,0.0922190767,0.0938748011,0.0954836558,0.0970334686,0.0985095926,0.0998954861,0.1011732799,0.1023241570,0.1033290249,0.1041699683,0.1048323051,0.1053062882,0.1055872953,0.1056739834,0.1055649846,0.1052556038,0.1047360819,0.1039922858,0.1030086050,0.1017719673,0.1002755514,0.0985209595,0.0965181261,0.0942829650,0.0918336043,0.0891867908,0.0863561942,0.0833535477,0.0801920440,0.0768900061,0.0734725139,0.0699697260,0.0664125168,0.0628276715,0.0592352775,0.0556498332,0.0520845252,0.0485562703,0.0450886078,0.0417106908,0.0384527266,0.0353399996,0.0323881435,0.0296015549,0.0269753757,0.0245000728,0.0221667993,0.0199716159,0.0179172257,0.0160119169,0.0142664807,0.0126904994,0.0112893363,0.0100625822,0.0090040622,0.0081031119,0.0073466925,0.0067218519,0.0062179450,0.0058279924,0.0055487289,0.0053792686,0.0053186931,0.0053630422,0.0055021189,0.0057164132,0.0059745624,0.0062321427,0.0064329196,0.0065134140,0.0064104944,0.0060701404,0.0054546230,0.0045459351,0.0033451286,0.0018689972,0.0001460533,-0.0017871718,-0.0038897078,-0.0061200741,-0.0084401677,-0.0108178328,-0.0132271430,-0.0156468510,-0.0180587435,-0.0204475761,-0.0228028896,-0.0251214574,-0.0274085445,-0.0296768587,-0.0319434976,-0.0342262773,-0.0365405375,-0.0388946488,-0.0412789442,-0.0437003333,-0.0462312347,-0.0491110526,-0.0525809176,,,,,,,,,,,,,,,,,,,,,,,,,,,
,,,,,,,,,,,,,,,,,,,,,,,,,,,0.1277124297,0.1237017113,0.1204679299,0.1177602702,0.1152758576,0.1128992879,0.1106041074,0.1083978543,0.1062721366,0.1042132429,0.1022044223,0.1002268072,0.0982613620,0.0962915094,0.0943058052,0.0923000792,0.0902786386,0.0882545514,0.0862495469,0.0842942038,0.0824284932,0.0807016819,0.0791700049,0.0778911823,0.0769165666,0.0762832220,0.0760084523,0.0760882237,0.0764995227,0.0772056631,0.0781629420,0.0793267243,0.0806553048,0.0821110218,0.0836595821,0.0852693332,0.0869116434,0.0885621568,0.0902016890,0.0918157280,0.0933925875,0.0949212143,0.0963897006,0.0977848099,0.0990920555,0.1002957609,0.1013790457,0.1023242327,0.1031141487,0.1037341461,0.1041739301,0.1044280747,0.1044946768,0.1043726103,0.1040586264,0.1035456390,0.1028229252,0.1018781118,0.1007001709,0.0992824232,0.0976246261,0.0957334818,0.0936213421,0.0913035576,0.0887956187,0.0861114989,0.0832640746,0.0802673182,0.0771388380,0.0739010337,0.0705799076,0.0672019630,0.0637908197,0.0603654607,0.0569411838,0.0535327741,0.0501580277,0.0468394228,0.0436027312,0.0404730871,0.0374704104,0.0346063378,0.0318839380,0.0293001285,0.0268496187,0.0245287807,0.0223380976,0.0202825306,0.0183700046,0.0166088957,0.0150056173,0.0135630606,0.0122800533,0.0111515917,0.0101695852,0.0093240282,0.0086045503,0.0080020685,0.0075100056,0.0071245298,0.0068435740,0.0066648062,0.0065829825,0.0065871189,0.0066578073,0.0067650050,0.0068668897,0.0069107203,0.0068365816,0.0065840213,0.0061001537,0.0053467694,0.0043042901,0.0029719738,0.0013654567,-0.0004867461,-0.0025469433,-0.0047723303,-0.0071195775,-0.0095491405,-0.0120278249,-0.0145288174,-0.0170300520,-0.0195129037,-0.0219627419,-0.0243712170,-0.0267386452,-0.0290746187,-0.0313960224,-0.0337231178,-0.0360752828,-0.0384678776,-0.0409105540,-0.0434042362,-0.0459307194,-0.0484894342,-0.0511504833,-0.0541554405,-0.0577390162,,,,,,,,,,,,,,,,,,,,,,,,,,
,,,,,,,,,,,,,,,,,,,,,,,,,,0.1338560960,0.1297414185,0.1264023558,0.1235750627,0.1209545961,0.1184247016,0.1159616123,0.1135795257,0.1112783299,0.1090534466,0.1068968700,0.1047965904,0.1027369867,0.1007001495,0.0986680397,0.0966253401,0.0945625212,0.0924784166,0.0903818236,0.0882922002,0.0862399527,0.0842665665,0.0824239413,0.0807715467,0.0793704056,0.0782745441,0.0775223069,0.0771304532,0.0770928783,0.0773840144,0.0779654467,0.0787934888,0.0798253951,0.0810226296,0.0823510517,0.0837793683,0.0852777834,0.0868180522,0.0883747308,0.0899264175,0.0914558987,0.0929490605,0.0943933170,0.0957764296,0.0970860031,0.0983092928,0.0994328728,0.1004421959,0.1013215906,0.1020552224,0.1026289238,0.1030320589,0.1032583417,0.1033050146,0.1031706979,0.1028529420,0.1023466041,0.1016436728,0.1007344887,0.0996098586,0.0982634140,0.0966935707,0.0949044880,0.0929056354,0.0907100865,0.0883323098,0.0857865706,0.0830867288,0.0802473480,0.0772851823,0.0742198746,0.0710732236,0.0678673063,0.0646225014,0.0613566154,0.0580857248,0.0548262922,0.0515971893,0.0484201281,0.0453178511,0.0423107937,0.0394138858,0.0366351136,0.0339764830,0.0314368118,0.0290150163,0.0267125360,0.0245340831,0.0224866813,0.0205776584,0.0188126183,0.0171942543,0.0157222503,0.0143938659,0.0132045870,0.0121485376,0.0112188188,0.0104080913,0.0097094382,0.0091171534,0.0086269602,0.0082353666,0.0079382065,0.0077286504,0.0075950092,0.0075185573,0.0074715779,0.0074160509,0.0073038112,0.0070791754,0.0066844279,0.0060672305,0.0051878024,0.0040236708,0.0025710626,0.0008435766,-0.0011306381,-0.0033125640,-0.0056569433,-0.0081176685,-0.0106527211,-0.0132269948,-0.0158123810,-0.0183862930,-0.0209307442,-0.0234332945,-0.0258893488,-0.0283039476,-0.0306912903,-0.0330715911,-0.0354664198,-0.0378943981,-0.0403686713,-0.0428964235,-0.0454794250,-0.0481120573,-0.0507707130,-0.0534519568,-0.0562262664,-0.0593371318,-0.0630252994,,,,,,,,,,,,,,,,,,,,,,,,,
,,,,,,,,,,,,,,,,,,,,,,,,,0.1402010259,0.1359297466,0.1324671738,0.1295188537,0.1267723994,0.1241092956,0.1215031706,0.1189675465,0.1165037953,0.1141115034,0.1117892332,0.1095331176,0.1073359312,0.1051865609,0.1030700619,0.1009688350,0.0988652044,0.0967450463,0.0946016091,0.0924386096,0.0902721333,0.0881314528,0.0860590052,0.0841091697,0.0823447569,0.0808302994,0.0796227269,0.0787618889,0.0782641567,0.0781213235,0.0783049161,0.0787740705,0.0794841038,0.0803930462,0.0814645651,0.0826674564,0.0839733781,0.0853549060,0.0867851515,0.0882387862,0.0896933572,0.0911298288,0.0925320926,0.0938859944,0.0951785807,0.0963977791,0.0975321609,0.0985703695,0.0995002928,0.1003085869,0.1009811789,0.1015047812,0.1018687002,0.1020659074,0.1020927226,0.1019472530,0.1016273942,0.1011293178,0.1004469921,0.0995727738,0.0984988097,0.0972188906,0.0957303242,0.0940352616,0.0921409425,0.0900587121,0.0878022935,0.0853861999,0.0828250057,0.0801335600,0.0773276113,0.0744241479,0.0714410924,0.0683965085,0.0653078604,0.0621919011,0.0590654044,0.0559463406,0.0528545697,0.0498111586,0.0468361782,0.0439458816,0.0411507492,0.0384555312,0.0358613407,0.0333687675,0.0309805556,0.0287027215,0.0265437828,0.0245125895,0.0226158245,0.0208563416,0.0192330401,0.0177421083,0.0163787364,0.0151383133,0.0140167009,0.0130098985,0.0121136855,0.0113235742,0.0106349659,0.0100431906,0.0095431812,0.0091287187,0.0087913129,0.0085188046,0.0082937365,0.0080915507,0.0078789136,0.0076129635,0.0072426497,0.0067129746,0.0059717012,0.0049766916,0.0037016286,0.0021388179,0.0002991869,-0.0017897421,-0.0040875012,-0.0065459292,-0.0091154771,-0.0117509429,-0.0144147924,-0.0170775559,-0.0197166670,-0.0223158574,-0.0248661784,-0.0273678579,-0.0298310901,-0.0322742701,-0.0347197274,-0.0371885460,-0.0396965898,-0.0422530780,-0.0448615898,-0.0475222099,-0.0502330439,-0.0529876375,-0.0557627750,-0.0585564315,-0.0614403113,-0.0646624869,-0.0684827873,,,,,,,,,,,,,,,,,,,,,,,,
,,,,,,,,,,,,,,,,,,,,,,,,0.1468172107,0.1423522637,0.1387256900,0.1356258789,0.1327330098,0.1299298960,0.1271885001,0.1245179832,0.1219150686,0.1193764498,0.1169005528,0.1144864902,0.1121330228,0.1098372492,0.1075929624,0.1053893465,0.1032109566,0.1010395964,0.0988580223,0.0966546634,0.0944281480,0.0921906165,0.0899694202,0.0878072357,0.0857603977,0.0838946775,0.0822778090,0.0809693842,0.0800106374,0.0794175740,0.0791799621,0.0792663857,0.0796332204,0.0802341520,0.0810271275,0.0819771412,0.0830552724,0.0842358905,0.0854942042,0.0868054154,0.0881453796,0.0894917789,0.0908248137,0.0921271079,0.0933832320,0.0945794027,0.0957034817,0.0967448682,0.0976938509,0.0985404970,0.0992737397,0.0998813986,0.1003513149,0.1006730241,0.1008390066,0.1008448112,0.1006880264,0.1003666816,0.0998778272,0.0992167945,0.0983772795,0.0973522058,0.0961352361,0.0947226407,0.0931149519,0.0913177322,0.0893411018,0.0871983037,0.0849040487,0.0824733331,0.0799209526,0.0772614891,0.0745094352,0.0716792993,0.0687857272,0.0658437547,0.0628692608,0.0598795489,0.0568937216,0.0539322920,0.0510156196,0.0481614094,0.0453823283,0.0426850878,0.0400717273,0.0375426463,0.0350999707,0.0327496941,0.0305016907,0.0283676743,0.0263580243,0.0244788531,0.0227306040,0.0211087670,0.0196062409,0.0182160513,0.0169331202,0.0157545478,0.0146787732,0.0137043856,0.0128291699,0.0120495630,0.0113604454,0.0107551257,0.0102253550,0.0097611646,0.0093503105,0.0089771460,0.0086208544,0.0082532828,0.0078371981,0.0073263194,0.0066683248,0.0058108669,0.0047090852,0.0033323523,0.0016685784,-0.0002743619,-0.0024698071,-0.0048759145,-0.0074415509,-0.0101135431,-0.0128432881,-0.0155907275,-0.0183252335,-0.0210248370,-0.0236758020,-0.0262733903,-0.0288229033,-0.0313392484,-0.0338439278,-0.0363599333,-0.0389064183,-0.0414953365,-0.0441312758,-0.0468140468,-0.0495422703,-0.0523159914,-0.0551368820,-0.0580033393,-0.0608955996,-0.0638121431,-0.0668221356,-0.0701760655,-0.0741399393,,,,,,,,,,,,,,,,,,,,,,,
,,,,,,,,,,,,,,,,,,,,,,,0.1535573643,0.1490284562,0.1452536250,0.1419822834,0.1389075688,0.1359302736,0.1330301082,0.1302160918,0.1274798955,0.1248117100,0.1222040635,0.1196520996,0.1171535527,0.1147081463,0.1123159703,0.1099750585,0.1076790001,0.1054156940,0.1031682017,0.1009180371,0.0986503169,0.0963594303,0.0940537431,0.0917583550,0.0895155810,0.0873829820,0.0854284697,0.0837220879,0.0823252295,0.0812798606,0.0806013221,0.0802774085,0.0802739852,0.0805448117,0.0810418223,0.0817224691,0.0825524994,0.0835047407,0.0845559652,0.0856840611,0.0868667694,0.0880819398,0.0893084273,0.0905267354,0.0917191054,0.0928693816,0.0939631039,0.0949878550,0.0959333859,0.0967910301,0.0975524588,0.0982084583,0.0987485412,0.0991617126,0.0994379603,0.0995695990,0.0995517285,0.0993816293,0.0990574754,0.0985769678,0.0979363688,0.0971301920,0.0961516846,0.0949941397,0.0936528272,0.0921269412,0.0904207645,0.0885435406,0.0865081902,0.0843295354,0.0820227283,0.0796022266,0.0770813321,0.0744722227,0.0717864539,0.0690358372,0.0662334474,0.0633944385,0.0605364094,0.0576790998,0.0548431799,0.0520480791,0.0493093433,0.0466366518,0.0440337187,0.0415005157,0.0390369849,0.0366465384,0.0343377328,0.0321234076,0.0300176886,0.0280320854,0.0261722582,0.0244368042,0.0228185736,0.0213078458,0.0198958146,0.0185768461,0.0173488385,0.0162120408,0.0151672064,0.0142138604,0.0133491282,0.0125673073,0.0118601647,0.0112176975,0.0106288766,0.0100818426,0.0095631602,0.0090559807,0.0085373549,0.0079755678,0.0073289980,0.0065479987,0.0055802369,0.0043783060,0.0029073948,0.0011510243,-0.0008861291,-0.0031785644,-0.0056834883,-0.0083472703,-0.0111135418,-0.0139306356,-0.0167562616,-0.0195589760,-0.0223178159,-0.0250219054,-0.0276706909,-0.0302739356,-0.0328500409,-0.0354220459,-0.0380121305,-0.0406365896,-0.0433033238,-0.0460128244,-0.0487620013,-0.0515488692,-0.0543758406,-0.0572502067,-0.0601813732,-0.0631728760,-0.0662042377,-0.0692655660,-0.0724071899,-0.0758619464,-0.0798316585,,,,,,,,,,,,,,,,,,,,,,
,,,,,,,,,,,,,,,,,,,,,,0.1600467154,0.1557654685,0.1520124417,0.1486377168,0.1453864286,0.1422028912,0.1391033897,0.1361093828,0.1332148807,0.1304066976,0.1276712478,0.1249965892,0.1223738297,0.1197980073,0.1172679237,0.1147846575,0.1123489527,0.1099581800,0.1076040203,0.1052721514,0.1029447390,0.1006055247,0.0982462144,0.0958723334,0.0935070136,0.0911919316,0.0889851359,0.0869555461,0.0851740870,0.0837024435,0.0825820478,0.0818268528,0.0814226056,0.0813328804,0.0815094272,0.0819029016,0.0824704359,0.0831784223,0.0840011723,0.0849175996,0.0859081577,0.0869532706,0.0880332380,0.0891288231,0.0902217210,0.0912946567,0.0923314201,0.0933172252,0.0942393471,0.0950874992,0.0958534064,0.0965295864,0.0971079914,0.0975793577,0.0979336783,0.0981615064,0.0982553122,0.0982101456,0.0980233113,0.0976932790,0.0972183273,0.0965953966,0.0958195028,0.0948839755,0.0937816684,0.0925069693,0.0910579709,0.0894379178,0.0876553105,0.0857227116,0.0836548600,0.0814667942,0.0791724252,0.0767837580,0.0743109017,0.0717629269,0.0691493511,0.0664816913,0.0637744674,0.0610452929,0.0583139910,0.0556007990,0.0529238696,0.0502966869,0.0477264967,0.0452148332,0.0427603494,0.0403628855,0.0380269222,0.0357628303,0.0335853813,0.0315101570,0.0295492585,0.0277079687,0.0259836993,0.0243676718,0.0228485584,0.0214164142,0.0200652421,0.0187934265,0.0176023484,0.0164940934,0.0154691674,0.0145248830,0.0136548178,0.0128494235,0.0120974294,0.0113873109,0.0107080328,0.0100485194,0.0093956832,0.0087312981,0.0080286340,0.0072504185,0.0063497869,0.0052749580,0.0039767729,0.0024170151,0.0005753196,-0.0015467808,-0.0039253913,-0.0065176305,-0.0092684494,-0.0121193344,-0.0150163947,-0.0179156844,-0.0207852823,-0.0236053276,-0.0263675516,-0.0290748261,-0.0317400460,-0.0343833656,-0.0370276070,-0.0396928863,-0.0423923166,-0.0451304873,-0.0479053482,-0.0507126662,-0.0535511223,-0.0564258457,-0.0593488857,-0.0623363124,-0.0654022787,-0.0685478723,-0.0717395972,-0.0749316328,-0.0781316087,-0.0815197488,-0.0852029701,,,,,,,,,,,,,,,,,,,,,
,,,,,,,,,,,,,,,,,,,,,,0.1624657008,0.1588618792,0.1555270839,0.1521867488,0.1488220610,0.1455012596,0.1422886965,0.1391933134,0.1362076208,0.1333179416,0.1305085552,0.1277642782,0.1250725508,0.1224249095,0.1198174769,0.1172501418,0.1147243420,0.1122398792,0.1097918600,0.1073692807,0.1049565096,0.1025379004,0.1001044245,0.0976602888,0.0952275263,0.0928473099,0.0905775728,0.0884869517,0.0866454257,0.0851129280,0.0839285566,0.0831037617,0.0826220352,0.0824452526,0.0825241904,0.0828092881,0.0832581535,0.0838382440,0.0845254361,0.0853006380,0.0861466390,0.0870463929,0.0879827058,0.0889385746,0.0898974465,0.0908432094,0.0917602390,0.0926338671,0.0934511871,0.0942016310,0.0948767483,0.0954691431,0.0959711639,0.0963741650,0.0966688047,0.0968461941,0.0968992061,0.0968232100,0.0966158697,0.0962761320,0.0958028457,0.0951934953,0.0944434576,0.0935461147,0.0924940150,0.0912809192,0.0899040835,0.0883658621,0.0866739642,0.0848403515,0.0828793213,0.0808054557,0.0786319339,0.0763695454,0.0740266973,0.0716105404,0.0691288782,0.0665920591,0.0640140131,0.0614120347,0.0588054277,0.0562133503,0.0536522646,0.0511336250,0.0486627703,0.0462399011,0.0438631747,0.0415327601,0.0392540188,0.0370383453,0.0349013054,0.0328588359,0.0309229443,0.0290984980,0.0273823464,0.0257651540,0.0242351586,0.0227821924,0.0214003128,0.0200882426,0.0188478875,0.0176818242,0.0165907413,0.0155716346,0.0146172974,0.0137172277,0.0128595003,0.0120326895,0.0112268849,0.0104332014,0.0096416656,0.0088378377,0.0079990893,0.0070920473,0.0060728730,0.0048912824,0.0034977503,0.0018520488,-0.0000691125,-0.0022671271,-0.0047203171,-0.0073869983,-0.0102123235,-0.0131371982,-0.0161067180,-0.0190760033,-0.0220128771,-0.0248983123,-0.0277258599,-0.0305004918,-0.0332364652,-0.0359537617,-0.0386733590,-0.0414124672,-0.0441812799,-0.0469824441,-0.0498134696,-0.0526711497,-0.0555562814,-0.0584768481,-0.0614483537,-0.0644909057,-0.0676234297,-0.0708550880,-0.0741713991,-0.0774961392,-0.0807331235,-0.0838539612,-0.0870545804,,,,,,,,,,,,,,,,,,,,,
,,,,,,,,,,,,,,,,,,,,,0.1725133616,0.1659608907,0.1626274920,0.1592551947,0.1557750579,0.1522654070,0.1488270225,0.1455023303,0.1422991488,0.1392123537,0.1362300020,0.1333367944,0.1305164438,0.1277537931,0.1250367296,0.1223575242,0.1197130351,0.1171033452,0.1145289345,0.1119873194,0.1094707923,0.1069668877,0.1044622546,0.1019491013,0.0994321195,0.0969335050,0.0944944029,0.0921722018,0.0900339279,0.0881465751,0.0865659755,0.0853267927,0.0844366621,0.0838765849,0.0836075054,0.0835806230,0.0837477111,0.0840681705,0.0845113969,0.0850552147,0.0856824841,0.0863780051,0.0871268397,0.0879139696,0.0887245192,0.0895438520,0.0903574048,0.0911506286,0.0919094085,0.0926208868,0.0932741453,0.0938601810,0.0943710847,0.0947989262,0.0951350903,0.0953705315,0.0954968215,0.0955073725,0.0953981301,0.0951673536,0.0948145794,0.0943391956,0.0937391284,0.0930100633,0.0921455361,0.0911380665,0.0899811654,0.0886715849,0.0872109323,0.0856060004,0.0838677762,0.0820096091,0.0800451652,0.0779866666,0.0758438219,0.0736238368,0.0713326657,0.0689771010,0.0665667549,0.0641149793,0.0616383480,0.0591549862,0.0566823093,0.0542346895,0.0518216132,0.0494470667,0.0471107867,0.0448112764,0.0425494741,0.0403314288,0.0381687461,0.0360766038,0.0340701246,0.0321604357,0.0303518222,0.0286410578,0.0270192220,0.0254752604,0.0239997507,0.0225873348,0.0212370640,0.0199508918,0.0187311597,0.0175780527,0.0164878688,0.0154526853,0.0144615233,0.0135024689,0.0125647316,0.0116396391,0.0107200287,0.0097980395,0.0088617447,0.0078914883,0.0068572530,0.0057185663,0.0044278788,0.0029371226,0.0012059276,-0.0007905906,-0.0030563773,-0.0055726766,-0.0083005733,-0.0111874097,-0.0141754043,-0.0172100492,-0.0202462696,-0.0232516793,-0.0262074890,-0.0291079025,-0.0319583640,-0.0347726202,-0.0375687078,-0.0403645143,-0.0431740001,-0.0460051674,-0.0488603791,-0.0517388534,-0.0546404246,-0.0575692402,-0.0605360787,-0.0635583692,-0.0666575699,-0.0698540485,-0.0731595589,-0.0765671021,-0.0800269398,-0.0834251206,-0.0866526398,-0.0897273210,-0.0952288634,,,,,,,,,,,,,,,,,,,,
,,,,,,,,,,,,,,,,,,,,0.1802176150,0.1749973086,0.1700915303,0.1666095079,0.1630118326,0.1593531926,0.1557238639,0.1521797196,0.1487472507,0.1454345666,0.1422397463,0.1391547321,0.1361672486,0.1332621738,0.1304232878,0.1276354720,0.1248868662,0.1221702044,0.1194825804,0.1168233921,0.1141911544,0.1115807946,0.1089832934,0.1063887312,0.1037922210,0.1012006857,0.0986378544,0.0961454777,0.0937800780,0.0916057724,0.0896845102,0.0880656607,0.0867773969,0.0858223359,0.0851789194,0.0848081410,0.0846632767,0.0846992756,0.0848789430,0.0851747330,0.0855669484,0.0860403810,0.0865814094,0.0871765603,0.0878123478,0.0884755548,0.0891532623,0.0898325379,0.0905001941,0.0911430283,0.0917485170,0.0923054874,0.0928042437,0.0932360187,0.0935921482,0.0938636085,0.0940413368,0.0941172335,0.0940852790,0.0939420995,0.0936866249,0.0933189566,0.0928389021,0.0922446877,0.0915322587,0.0906954349,0.0897270295,0.0886207349,0.0873731920,0.0859854587,0.0844633173,0.0828163941,0.0810565278,0.0791959315,0.0772455885,0.0752142685,0.0731085551,0.0709340493,0.0686973369,0.0664077628,0.0640780799,0.0617236802,0.0593608292,0.0570045878,0.0546669533,0.0523556251,0.0500738593,0.0478217900,0.0455990432,0.0434076936,0.0412542469,0.0391497240,0.0371077904,0.0351416410,0.0332607376,0.0314685318,0.0297620439,0.0281335347,0.0265736144,0.0250744535,0.0236317741,0.0222449899,0.0209157326,0.0196455368,0.0184335821,0.0172752788,0.0161622202,0.0150835278,0.0140279772,0.0129858684,0.0119497235,0.0109134346,0.0098700488,0.0088087034,0.0077114522,0.0065510110,0.0052906019,0.0038867263,0.0022947752,0.0004763549,-0.0015934266,-0.0039205135,-0.0064897198,-0.0092665299,-0.0122025850,-0.0152434205,-0.0183363685,-0.0214368188,-0.0245120383,-0.0275426512,-0.0305221718,-0.0334548766,-0.0363523455,-0.0392293310,-0.0420999316,-0.0449750082,-0.0478613708,-0.0507626974,-0.0536816773,-0.0566226177,-0.0595937051,-0.0626081985,-0.0656840541,-0.0688417822,-0.0721005329,-0.0754723007,-0.0789541055,-0.0825162852,-0.0860904700,-0.0895666420,-0.0928579104,-0.0971538196,-0.1016409017,,,,,,,,,,,,,,,,,,,
,,,,,,,,,,,,,,,,,,,0.1872659913,0.1825590806,0.1782679207,0.1742332606,0.1705029693,0.1666946183,0.1629075925,0.1591830191,0.1555477298,0.1520171475,0.1485987078,0.1452941066,0.1421005229,0.1390104821,0.1360119233,0.1330893259,0.1302259128,0.1274063808,0.1246192294,0.1218576872,0.1191186749,0.1164002188,0.1136987814,0.1110084342,0.1083231767,0.1056421712,0.1029759777,0.1003510537,0.0978103202,0.0954091114,0.0932074061,0.0912602241,0.0896084193,0.0882720304,0.0872478877,0.0865121625,0.0860271035,0.0857498172,0.0856402920,0.0856663329,0.0858045336,0.0860381405,0.0863537618,0.0867387983,0.0871804452,0.0876659206,0.0881829780,0.0887199794,0.0892654725,0.0898077299,0.0903347140,0.0908345240,0.0912959509,0.0917086877,0.0920630411,0.0923494369,0.0925582296,0.0926801607,0.0927073501,0.0926342915,0.0924582365,0.0921786735,0.0917960782,0.0913104375,0.0907200699,0.0900210952,0.0892077220,0.0882733524,0.0872122731,0.0860214133,0.0847015259,0.0832573634,0.0816968898,0.0800299350,0.0782667544,0.0764168162,0.0744880824,0.0724870775,0.0704198702,0.0682936096,0.0661177946,0.0639045142,0.0616675143,0.0594205923,0.0571759983,0.0549432624,0.0527286303,0.0505352896,0.0483645441,0.0462177562,0.0440983616,0.0420130545,0.0399715703,0.0379851274,0.0360640838,0.0342155869,0.0324420103,0.0307408073,0.0291059414,0.0275303534,0.0260083909,0.0245371673,0.0231164160,0.0217471118,0.0204295411,0.0191615675,0.0179377249,0.0167495131,0.0155868114,0.0144397588,0.0133001409,0.0121615521,0.0110182140,0.0098628543,0.0086842225,0.0074648033,0.0061793490,0.0047949667,0.0032733535,0.0015752279,-0.0003337381,-0.0024767603,-0.0048610341,-0.0074753618,-0.0102910526,-0.0132659972,-0.0163509299,-0.0194963451,-0.0226586148,-0.0258043700,-0.0289127216,-0.0319751859,-0.0349934743,-0.0379758100,-0.0409329391,-0.0438750839,-0.0468105693,-0.0497460653,-0.0526878044,-0.0556430236,-0.0586211316,-0.0616343823,-0.0646979370,-0.0678291843,-0.0710461869,-0.0743651539,-0.0777967152,-0.0813407216,-0.0849807323,-0.0886790115,-0.0923738247,-0.0959464884,-0.0996556605,-0.1034654176,-0.1075209397,,,,,,,,,,,,,,,,,,
,,,,,,,,,,,,,,,,,,,0.1898188139,0.1858268631,0.1820256518,0.1781617333,0.1742323846,0.1702987736,0.1664249222,0.1626276580,0.1589173650,0.1553014283,0.1517860070,0.1483759842,0.1450737244,0.1418771037,0.1387783081,0.1357641450,0.1328179261,0.1299223899,0.1270626713,0.1242281709,0.1214125687,0.1186121442,0.1158236244,0.1130433475,0.1102691080,0.1075046461,0.1047650364,0.1020802585,0.0994947132,0.0970621418,0.0948372923,0.0928667645,0.0911814661,0.0897923945,0.0886904965,0.0878504079,0.0872369824,0.0868127874,0.0865444237,0.0864059467,0.0863788463,0.0864495150,0.0866060750,0.0868362834,0.0871271579,0.0874657712,0.0878401301,0.0882393741,0.0886532701,0.0890715142,0.0894833713,0.0898778044,0.0902438419,0.0905708081,0.0908482594,0.0910658109,0.0912132335,0.0912810660,0.0912615977,0.0911497201,0.0909431073,0.0906415116,0.0902454297,0.0897546855,0.0891674376,0.0884798862,0.0876867194,0.0867821811,0.0857614965,0.0846222182,0.0833650133,0.0819936305,0.0805141836,0.0789341571,0.0772615065,0.0755040148,0.0736689726,0.0717632975,0.0697941508,0.0677697988,0.0657001554,0.0635965335,0.0614706526,0.0593334295,0.0571940959,0.0550598409,0.0529358935,0.0508259744,0.0487331284,0.0466608184,0.0446138957,0.0425989756,0.0406239980,0.0386971179,0.0368252899,0.0350129579,0.0332612786,0.0315682469,0.0299298103,0.0283415676,0.0268002717,0.0253044495,0.0238539442,0.0224487136,0.0210874514,0.0197665630,0.0184798872,0.0172193330,0.0159762238,0.0147427006,0.0135123792,0.0122797994,0.0110388615,0.0097808948,0.0084929844,0.0071568819,0.0057486498,0.0042392463,0.0025963250,0.0007873672,-0.0012161312,-0.0034341366,-0.0058742008,-0.0085291811,-0.0113771851,-0.0143838635,-0.0175066676,-0.0207003108,-0.0239224849,-0.0271388067,-0.0303259836,-0.0334724417,-0.0365763576,-0.0396420173,-0.0426761189,-0.0456854939,-0.0486767714,-0.0516573919,-0.0546368284,-0.0576271331,-0.0606426245,-0.0636990723,-0.0668128057,-0.0699999046,-0.0732753386,-0.0766517580,-0.0801376208,-0.0837343651,-0.0874335112,-0.0912141249,-0.0950405030,-0.0988287705,-0.1024894120,-0.1059947235,-0.1095509925,,,,,,,,,,,,,,,,,,
,,,,,,,,,,,,,,,,,,0.2005568091,0.1935294074,0.1898042983,0.1859522734,0.1819406015,0.1778717378,0.1738494763,0.1699086701,0.1660524580,0.1622797608,0.1585910772,0.1549904832,0.1514844758,0.1480791679,0.1447770899,0.1415749174,0.1384628965,0.1354261406,0.1324473298,0.1295098277,0.1266000767,0.1237084806,0.1208287721,0.1179567815,0.1150900695,0.1122296373,0.1093837401,0.1065722324,0.1038288733,0.1011994883,0.0987357296,0.0964862855,0.0944884746,0.0927627220,0.0913110223,0.0901190938,0.0891611449,0.0884059310,0.0878227094,0.0873856756,0.0870757620,0.0868795751,0.0867864740,0.0867855907,0.0868643377,0.0870088024,0.0872052240,0.0874413062,0.0877065639,0.0879917311,0.0882878139,0.0885853981,0.0888744532,0.0891444929,0.0893847928,0.0895845037,0.0897327531,0.0898189869,0.0898336961,0.0897693500,0.0896210796,0.0893866577,0.0890656610,0.0886581426,0.0881633755,0.0875791296,0.0869016470,0.0861262209,0.0852481635,0.0842638877,0.0831717724,0.0819725088,0.0806688408,0.0792649375,0.0777658050,0.0761770035,0.0745046483,0.0727555236,0.0709372230,0.0690583071,0.0671283705,0.0651577714,0.0631568997,0.0611352325,0.0591006746,0.0570595162,0.0550169084,0.0529775009,0.0509459690,0.0489273731,0.0469273504,0.0449520620,0.0430078298,0.0411005512,0.0392351027,0.0374148924,0.0356416129,0.0339152434,0.0322344079,0.0305971109,0.0290015964,0.0274468740,0.0259325890,0.0244583004,0.0230225613,0.0216222245,0.0202522430,0.0189060597,0.0175765253,0.0162570264,0.0149422288,0.0136278375,0.0123092305,0.0109795009,0.0096277968,0.0082386089,0.0067920655,0.0052648801,0.0036316006,0.0018660873,-0.0000566459,-0.0021581368,-0.0044538915,-0.0069509107,-0.0096457938,-0.0125237962,-0.0155591513,-0.0187169551,-0.0219567943,-0.0252378249,-0.0285242701,-0.0317897201,-0.0350187729,-0.0382056201,-0.0413506559,-0.0444570990,-0.0475293110,-0.0505731759,-0.0535975363,-0.0566151880,-0.0596425132,-0.0626978786,-0.0657996253,-0.0689644977,-0.0722068854,-0.0755386969,-0.0789693263,-0.0825051683,-0.0861484239,-0.0898955811,-0.0937355568,-0.0976468804,-0.1015763606,-0.1054110136,-0.1090438736,-0.1124951132,-0.1186395113,,,,,,,,,,,,,,,,,
,,,,,,,,,,,,,,,,,0.2086554896,0.2032485894,0.1979761376,0.1940592996,0.1899224974,0.1856892031,0.1814916897,0.1773841767,0.1733778608,0.1694650065,0.1656353160,0.1618830134,0.1582088439,0.1546185946,0.1511197898,0.1477179139,0.1444133969,0.1412002487,0.1380666375,0.1349970053,0.1319748163,0.1289849598,0.1260151647,0.1230563838,0.1201027387,0.1171520219,0.1142076101,0.1112817368,0.1083987102,0.1055957592,0.1029197018,0.1004195767,0.0981376015,0.0961017816,0.0943225767,0.0927940072,0.0914978691,0.0904092122,0.0895016683,0.0887517496,0.0881414100,0.0876582947,0.0872937187,0.0870394429,0.0868849804,0.0868168027,0.0868195751,0.0868783444,0.0869802639,0.0871150393,0.0872742063,0.0874499283,0.0876340061,0.0878174159,0.0879903067,0.0881422094,0.0882622852,0.0883396269,0.0883637570,0.0883253782,0.0882171911,0.0880343805,0.0877744276,0.0874362321,0.0870189207,0.0865208758,0.0859393501,0.0852706974,0.0845110051,0.0836568546,0.0827059764,0.0816576031,0.0805123967,0.0792720200,0.0779386660,0.0765149232,0.0750041186,0.0734109178,0.0717417973,0.0700051303,0.0682108484,0.0663697298,0.0644923823,0.0625881198,0.0606641531,0.0587255305,0.0567759193,0.0548188276,0.0528586639,0.0509012226,0.0489535301,0.0470231923,0.0451174457,0.0432421805,0.0414012768,0.0395965154,0.0378280438,0.0360951122,0.0343967696,0.0327323750,0.0311018964,0.0295059160,0.0279452232,0.0264200249,0.0249290807,0.0234691812,0.0220352235,0.0206208556,0.0192194829,0.0178253557,0.0164343518,0.0150439515,0.0136520411,0.0122547257,0.0108440151,0.0094064943,0.0079236248,0.0063734549,0.0047328881,0.0029796420,0.0010935009,-0.0009430086,-0.0031441407,-0.0055203300,-0.0080772974,-0.0108147664,-0.0137248058,-0.0167902098,-0.0199838918,-0.0232704708,-0.0266105333,-0.0299666266,-0.0333088097,-0.0366175459,-0.0398830971,-0.0431025213,-0.0462765461,-0.0494082032,-0.0525035241,-0.0555730483,-0.0586324507,-0.0617014040,-0.0648010361,-0.0679511289,-0.0711681716,-0.0744647870,-0.0778503093,-0.0813317318,-0.0849141722,-0.0886004975,-0.0923904400,-0.0962793282,-0.1002553798,-0.1042900625,-0.1083212439,-0.1122394605,-0.1159480273,-0.1207561126,-0.1257558543,,,,,,,,,,,,,,,,
,,,,,,,,,,,,,,,,,0.2114872512,0.2069655383,0.2025714968,0.1983262738,0.1938970801,0.1894734267,0.1851469861,0.1809439503,0.1768614485,0.1728838609,0.1689943578,0.1651816171,0.1614418900,0.1577779586,0.1541961871,0.1507027668,0.1473003806,0.1439862897,0.1407522163,0.1375856501,0.1344718075,0.1313955492,0.1283429334,0.1253024421,0.1222661767,0.1192314652,0.1162032298,0.1131968610,0.1102403225,0.1073735151,0.1046435166,0.1020963004,0.0997677282,0.0976773562,0.0958272167,0.0942052188,0.0927909443,0.0915614363,0.0904956190,0.0895769967,0.0887945452,0.0881416556,0.0876133694,0.0872030084,0.0868998666,0.0866891493,0.0865540206,0.0864784162,0.0864490673,0.0864559353,0.0864912931,0.0865482737,0.0866196594,0.0866972682,0.0867718872,0.0868335125,0.0868716994,0.0868759756,0.0868363753,0.0867441025,0.0865921512,0.0863755771,0.0860911952,0.0857367799,0.0853101516,0.0848086048,0.0842288961,0.0835676732,0.0828220385,0.0819899770,0.0810705163,0.0800635830,0.0789695981,0.0777889984,0.0765220223,0.0751690622,0.0737315736,0.0722131385,0.0706201367,0.0689616771,0.0672487745,0.0654929851,0.0637048202,0.0618923835,0.0600607587,0.0582125070,0.0563491429,0.0544729388,0.0525882602,0.0507019368,0.0488226329,0.0469594933,0.0451204906,0.0433109952,0.0415330984,0.0397859830,0.0380671747,0.0363740977,0.0347053068,0.0330610321,0.0314429904,0.0298535802,0.0282946690,0.0267663275,0.0252659943,0.0237884633,0.0223267432,0.0208734638,0.0194223537,0.0179693514,0.0165129477,0.0150533845,0.0135905696,0.0121211766,0.0106360699,0.0091193430,0.0075495765,0.0059028222,0.0041560241,0.0022895937,0.0002884944,-0.0018580368,-0.0041575476,-0.0066155351,-0.0092360647,-0.0120212067,-0.0149688946,-0.0180696151,-0.0213034798,-0.0246397974,-0.0280404222,-0.0314661340,-0.0348834227,-0.0382687409,-0.0416088668,-0.0448983652,-0.0481366012,-0.0513263804,-0.0544745658,-0.0575933561,-0.0607005001,-0.0638176244,-0.0669671704,-0.0701692262,-0.0734394881,-0.0767889570,-0.0802251247,-0.0837536652,-0.0873794551,-0.0911063805,-0.0949364206,-0.0988686673,-0.1028976065,-0.1070092223,-0.1111721216,-0.1153244906,-0.1193268551,-0.1234391693,-0.1275861741,-0.1317793086,,,,,,,,,,,,,,,
,,,,,,,,,,,,,,,,0.2230896539,0.2155173806,0.2114073396,0.2070901919,0.2025430930,0.1979056938,0.1933264281,0.1888734206,0.1845635262,0.1803894146,0.1763328127,0.1723739321,0.1684973024,0.1646942905,0.1609631145,0.1573068314,0.1537301107,0.1502360161,0.1468238751,0.1434886241,0.1402212623,0.1370097871,0.1338402832,0.1306982599,0.1275704614,0.1244472035,0.1213251162,0.1182100632,0.1151197148,0.1120846240,0.1091462478,0.1063510281,0.1037415749,0.1013480223,0.0991830969,0.0972426946,0.0955109667,0.0939670572,0.0925907917,0.0913661294,0.0902824871,0.0893343306,0.0885191931,0.0878344778,0.0872741492,0.0868268889,0.0864767199,0.0862057137,0.0859972291,0.0858380389,0.0857186136,0.0856319481,0.0855718976,0.0855318648,0.0855041873,0.0854801360,0.0854502455,0.0854047419,0.0853339743,0.0852288643,0.0850813679,0.0848848303,0.0846340388,0.0843248729,0.0839536962,0.0835168443,0.0830105244,0.0824311648,0.0817759468,0.0810431632,0.0802322064,0.0793432060,0.0783764582,0.0773318264,0.0762083598,0.0750044318,0.0737185781,0.0723508613,0.0709042090,0.0693850964,0.0678032247,0.0661702633,0.0644980117,0.0627964779,0.0610724500,0.0593291247,0.0575670621,0.0557861664,0.0539878650,0.0521765713,0.0503598992,0.0485476386,0.0467498842,0.0449749058,0.0432274543,0.0415081489,0.0398142512,0.0381415289,0.0364864013,0.0348474860,0.0332260298,0.0316251991,0.0300485623,0.0284982749,0.0269735790,0.0254701948,0.0239808978,0.0224970937,0.0210108058,0.0195164040,0.0180115712,0.0164971665,0.0149757450,0.0134487833,0.0119132843,0.0103590964,0.0087683273,0.0071173989,0.0053810001,0.0035363263,0.0015660464,-0.0005407698,-0.0027896150,-0.0051827063,-0.0077214693,-0.0104083769,-0.0132470695,-0.0162399683,-0.0193837061,-0.0226643179,-0.0260550614,-0.0295188599,-0.0330148963,-0.0365064492,-0.0399664423,-0.0433788160,-0.0467364903,-0.0500384217,-0.0532879982,-0.0564932600,-0.0596677349,-0.0628302572,-0.0660030259,-0.0692084238,-0.0724658600,-0.0757898745,-0.0791901453,-0.0826731421,-0.0862442811,-0.0899091275,-0.0936729215,-0.0975390793,-0.1015079966,-0.1055762584,-0.1097350295,-0.1139644497,-0.1182221582,-0.1223956018,-0.1263421683,-0.1299761751,-0.1334126677,,,,,,,,,,,,,,,
,,,,,,,,,,,,,,,0.2309084630,0.2256497953,0.2201730026,0.2160091323,0.2114809489,0.2067342515,0.2019558052,0.1972544077,0.1926840457,0.1882617228,0.1839830084,0.1798326145,0.1757916377,0.1718425962,0.1679727047,0.1641752232,0.1604486886,0.1567945669,0.1532145176,0.1497083801,0.1462732379,0.1429031623,0.1395891359,0.1363191899,0.1330792937,0.1298554646,0.1266369882,0.1234201164,0.1202114584,0.1170302611,0.1139085739,0.1108881912,0.1080140001,0.1053251130,0.1028469135,0.1005873289,0.0985387065,0.0966838328,0.0950029283,0.0934788908,0.0920998341,0.0908593904,0.0897554739,0.0887878308,0.0879547728,0.0872501436,0.0866619716,0.0861736352,0.0857669666,0.0854256226,0.0851370768,0.0848926161,0.0846858959,0.0845111483,0.0843619179,0.0842306199,0.0841087345,0.0839872850,0.0838573172,0.0837102640,0.0835382026,0.0833340245,0.0830914809,0.0828050304,0.0824695080,0.0820798018,0.0816308149,0.0811178530,0.0805372742,0.0798870070,0.0791665866,0.0783766423,0.0775180457,0.0765910306,0.0755945586,0.0745261754,0.0733825643,0.0721608254,0.0708601470,0.0694832199,0.0680367583,0.0665308538,0.0649773534,0.0633877418,0.0617711187,0.0601328804,0.0584746267,0.0567954607,0.0550942612,0.0533720129,0.0516332393,0.0498860223,0.0481406736,0.0464075427,0.0446946567,0.0430059749,0.0413409451,0.0396956278,0.0380649753,0.0364452901,0.0348358275,0.0332389541,0.0316589190,0.0300997744,0.0285632141,0.0270471049,0.0255452857,0.0240487580,0.0225478312,0.0210344294,0.0195038038,0.0179551951,0.0163912326,0.0148159717,0.0132317364,0.0116355393,0.0100164846,0.0083555457,0.0066281660,0.0048087579,0.0028753015,0.0008123894,-0.0013880318,-0.0037280249,-0.0062064021,-0.0088219412,-0.0115759848,-0.0144730826,-0.0175185809,-0.0207133308,-0.0240476355,-0.0274977735,-0.0310276311,-0.0345952813,-0.0381615252,-0.0416964833,-0.0451818986,-0.0486096163,-0.0519786703,-0.0552933116,-0.0585626584,-0.0618009792,-0.0650271752,-0.0682628008,-0.0715290814,-0.0748440547,-0.0782209764,-0.0816686277,-0.0851932538,-0.0888008790,-0.0924983515,-0.0962922837,-0.1001867023,-0.1041812692,-0.1082709977,-0.1124461200,-0.1166883062,-0.1209602199,-0.1251711430,-0.1291312691,-0.1326426975,-0.1356516694,-0.1401383622,,,,,,,,,,,,,,
,,,,,,,,,,,,,,,0.2332200464,0.2290136046,0.2247012071,0.2203881431,0.2157058470,0.2108672325,0.2060140929,0.2012296717,0.1965619867,0.1920326984,0.1876453140,0.1833918866,0.1792578138,0.1752262189,0.1712819402,0.1674141520,0.1636168654,0.1598875857,0.1562252670,0.1526286790,0.1490954945,0.1456216367,0.1422004554,0.1388220405,0.1354735977,0.1321416013,0.1288155336,0.1254921794,0.1221792284,0.1188971639,0.1156786211,0.1125645872,0.1095975306,0.1068130089,0.1042326932,0.1018617015,0.0996912079,0.0977046413,0.0958843235,0.0942160176,0.0926906973,0.0913042335,0.0900558307,0.0889455788,0.0879714684,0.0871268071,0.0863993331,0.0857726924,0.0852296028,0.0847550237,0.0843377786,0.0839701726,0.0836463187,0.0833603546,0.0831054047,0.0828734683,0.0826559193,0.0824441624,0.0822301280,0.0820064929,0.0817666607,0.0815045825,0.0812144759,0.0808904978,0.0805264893,0.0801159949,0.0796527188,0.0791313596,0.0785484654,0.0779028247,0.0771951053,0.0764268412,0.0755991779,0.0747118289,0.0737625628,0.0727474030,0.0716616122,0.0705013233,0.0692653532,0.0679565098,0.0665818141,0.0651514953,0.0636770905,0.0621692327,0.0606357444,0.0590805945,0.0575041209,0.0559045674,0.0542804333,0.0526327181,0.0509661528,0.0492889734,0.0476113774,0.0459432118,0.0442916388,0.0426595713,0.0410455169,0.0394450024,0.0378530540,0.0362666714,0.0346862169,0.0331151716,0.0315584318,0.0300198735,0.0285001215,0.0269953642,0.0254976906,0.0239968454,0.0224827303,0.0209477244,0.0193881045,0.0178042712,0.0161997568,0.0145790464,0.0129444122,0.0112925047,0.0096120448,0.0078839251,0.0060840555,0.0041879237,0.0021750417,0.0000317162,-0.0022484550,-0.0046660624,-0.0072186610,-0.0099040748,-0.0127232216,-0.0156810499,-0.0187842966,-0.0220360480,-0.0254291713,-0.0289421048,-0.0325398312,-0.0361801666,-0.0398225136,-0.0434350662,-0.0469978428,-0.0505017011,-0.0539455531,-0.0573340969,-0.0606769052,-0.0639881682,-0.0672859168,-0.0705901640,-0.0739203149,-0.0772927621,-0.0807196512,-0.0842094040,-0.0877687251,-0.0914047852,-0.0951258525,-0.0989395315,-0.1028495815,-0.1068535397,-0.1109426366,-0.1151029125,-0.1193136687,-0.1235390407,-0.1277072066,-0.1316705469,-0.1352044464,-0.1381386312,-0.1413927889,,,,,,,,,,,,,,
,,,,,,,,,,,,,,0.2424245600,0.2363888512,0.2327807198,0.2288004395,0.2244050545,0.2197092286,0.2148753730,0.2100128298,0.2051916029,0.2004583889,0.1958414785,0.1913545163,0.1869991421,0.1827674708,0.1786457912,0.1746189763,0.1706740462,0.1668016886,0.1629957806,0.1592520186,0.1555667998,0.1519366327,0.1483575321,0.1448239356,0.1413275645,0.1378573960,0.1344016647,0.1309516966,0.1275063000,0.1240751560,0.1206800972,0.1173537256,0.1141352247,0.1110638133,0.1081713482,0.1054765700,0.1029833256,0.1006833836,0.0985621751,0.0966046008,0.0947987373,0.0931370149,0.0916156746,0.0902333352,0.0889889600,0.0878794401,0.0868975580,0.0860314500,0.0852661182,0.0845863053,0.0839791536,0.0834352749,0.0829479629,0.0825113956,0.0821190402,0.0817630231,0.0814344835,0.0811244368,0.0808245997,0.0805278444,0.0802282026,0.0799205125,0.0795998655,0.0792610110,0.0788978927,0.0785035167,0.0780703337,0.0775911640,0.0770603986,0.0764749518,0.0758344406,0.0751404018,0.0743948383,0.0735986845,0.0727507490,0.0718474459,0.0708833967,0.0698528086,0.0687513352,0.0675778656,0.0663355682,0.0650317239,0.0636763689,0.0622802234,0.0608525652,0.0593996394,0.0579240321,0.0564252365,0.0549013110,0.0533510898,0.0517760980,0.0501814042,0.0485750984,0.0469666261,0.0453645654,0.0437745794,0.0421982544,0.0406333362,0.0390753855,0.0375202380,0.0359662036,0.0344150107,0.0328710802,0.0313394548,0.0298232454,0.0283216046,0.0268290265,0.0253362719,0.0238325659,0.0223081937,0.0207565262,0.0191749038,0.0175643409,0.0159282648,0.0142704198,0.0125920843,0.0108891843,0.0091504595,0.0073578207,0.0054891253,0.0035223213,0.0014392540,-0.0007721736,-0.0031178077,-0.0055985861,-0.0082128414,-0.0109590827,-0.0138385293,-0.0168561136,-0.0200185850,-0.0233294770,-0.0267827500,-0.0303584277,-0.0340230801,-0.0377355133,-0.0414551379,-0.0451492072,-0.0487962710,-0.0523857372,-0.0559154440,-0.0593893709,-0.0628163851,-0.0662095839,-0.0695853483,-0.0729616717,-0.0763560059,-0.0797833126,-0.0832551166,-0.0867800805,-0.0903658404,-0.0940208271,-0.0977543798,-0.1015743748,-0.1054834688,-0.1094763634,-0.1135398582,-0.1176549684,-0.1217975926,-0.1259332841,-0.1300044499,-0.1339025682,-0.1374515966,-0.1404402262,-0.1430590381,-0.1465756020,,,,,,,,,,,,,
,,,,,,,,,,,,,0.2478697895,0.2441295442,0.2398619256,0.2363915307,0.2324273077,0.2280568605,0.2234363830,0.2186782973,0.2138646428,0.2090557993,0.2042979016,0.1996254944,0.1950617641,0.1906179026,0.1862937046,0.1820805193,0.1779657106,0.1739366846,0.1699829510,0.1660961088,0.1622688958,0.1584945487,0.1547667788,0.1510797207,0.1474272331,0.1438018737,0.1401947416,0.1365972137,0.1330044319,0.1294191894,0.1258545583,0.1223342366,0.1188904372,0.1155596524,0.1123769640,0.1093701230,0.1065552324,0.1039357152,0.1015049312,0.0992509986,0.0971614554,0.0952260526,0.0934374965,0.0917909803,0.0902832345,0.0889112175,0.0876704527,0.0865535506,0.0855498602,0.0846467396,0.0838318416,0.0830950334,0.0824288131,0.0818271607,0.0812837729,0.0807908516,0.0803390466,0.0799183594,0.0795193661,0.0791341491,0.0787566279,0.0783822835,0.0780074459,0.0776283766,0.0772404006,0.0768373554,0.0764116133,0.0759548164,0.0754592042,0.0749190786,0.0743317574,0.0736974950,0.0730183144,0.0722962201,0.0715315269,0.0707219177,0.0698624963,0.0689467822,0.0679683931,0.0669229857,0.0658098604,0.0646326251,0.0633986052,0.0621171962,0.0607977623,0.0594477824,0.0580717464,0.0566710464,0.0552448664,0.0537918210,0.0523118031,0.0508073433,0.0492839357,0.0477492041,0.0462112325,0.0446766461,0.0431490825,0.0416286096,0.0401123971,0.0385964994,0.0370780753,0.0355570699,0.0340365564,0.0325215299,0.0310166321,0.0295237311,0.0280403353,0.0265595003,0.0250713053,0.0235653069,0.0220329554,0.0204690554,0.0188719328,0.0172425983,0.0155833699,0.0138961588,0.0121804226,0.0104310958,0.0086373544,0.0067831343,0.0048495375,0.0028181515,0.0006738230,-0.0015940497,-0.0039916603,-0.0065217796,-0.0091851606,-0.0119822889,-0.0149152033,-0.0179883959,-0.0212074393,-0.0245748573,-0.0280846238,-0.0317181713,-0.0354445308,-0.0392251065,-0.0430210095,-0.0467996576,-0.0505382441,-0.0542238407,-0.0578516472,-0.0614231387,-0.0649448827,-0.0684277452,-0.0718858762,-0.0753351995,-0.0787915899,-0.0822692237,-0.0857797210,-0.0893325358,-0.0929363965,-0.0966006442,-0.1003349022,-0.1041463875,-0.1080359844,-0.1119954833,-0.1160078083,-0.1200497640,-0.1240943377,-0.1281085402,-0.1320451063,-0.1358262994,-0.1393210751,-0.1423587283,-0.1448338270,-0.1474368495,,,,,,,,,,,,,
,,,,,,,,,,,,,0.2492500242,0.2462971542,0.2430159717,0.2395491142,0.2356028183,0.2313292637,0.2268365390,0.2222000990,0.2174806667,0.2127292739,0.2079903743,0.2033022790,0.1986948486,0.1941867771,0.1897848760,0.1854863291,0.1812829100,0.1771649729,0.1731234567,0.1691497510,0.1652347118,0.1613682923,0.1575402132,0.1537409415,0.1499620677,0.1461960626,0.1424363812,0.1386789071,0.1349246748,0.1311826175,0.1274708203,0.1238155551,0.1202484148,0.1168023391,0.1135072602,0.1103860919,0.1074520476,0.1047082805,0.1021500497,0.0997683477,0.0975532401,0.0954957095,0.0935880529,0.0918236637,0.0901967742,0.0887020491,0.0873337606,0.0860848244,0.0849464778,0.0839090900,0.0829636590,0.0821028682,0.0813208417,0.0806117379,0.0799681923,0.0793806730,0.0788381122,0.0783293739,0.0778447594,0.0773769262,0.0769209966,0.0764739560,0.0760335934,0.0755972784,0.0751608923,0.0747182496,0.0742612891,0.0737811171,0.0732696373,0.0727211657,0.0721333047,0.0715066091,0.0708431231,0.0701444087,0.0694098933,0.0686361443,0.0678172559,0.0669461572,0.0660164452,0.0650242303,0.0639694131,0.0628559051,0.0616906555,0.0604818424,0.0592369308,0.0579612731,0.0566576193,0.0553265444,0.0539675673,0.0525805857,0.0511671501,0.0497310996,0.0482782925,0.0468155140,0.0453489592,0.0438828136,0.0424184150,0.0409543265,0.0394874020,0.0380145464,0.0365344986,0.0350488360,0.0335616638,0.0320780205,0.0306016015,0.0291327059,0.0276672557,0.0261973382,0.0247131112,0.0232052886,0.0216671294,0.0200951364,0.0184884227,0.0168473787,0.0151723542,0.0134625831,0.0117151442,0.0099238973,0.0080788842,0.0061668749,0.0041731488,0.0020836985,-0.0001132730,-0.0024270558,-0.0048648906,-0.0074324137,-0.0101338565,-0.0129724147,-0.0159510891,-0.0190734067,-0.0223427518,-0.0257595476,-0.0293171228,-0.0329985063,-0.0367763375,-0.0406164317,-0.0444834633,-0.0483462411,-0.0521807348,-0.0559706709,-0.0597067993,-0.0633860273,-0.0670108431,-0.0705887402,-0.0741312487,-0.0776524930,-0.0811674776,-0.0846904619,-0.0882339007,-0.0918083874,-0.0954235272,-0.0990887977,-0.1028130149,-0.1066017540,-0.1104537186,-0.1143582635,-0.1182957944,-0.1222407410,-0.1261646554,-0.1300361720,-0.1338159215,-0.1374472094,-0.1408381936,-0.1438629838,-0.1463809873,-0.1485526445,-0.1512860466,,,,,,,,,,,,
,,,,,,,,,,,,0.2548408559,0.2511571128,0.2486581476,0.2456850196,0.2422234202,0.2383607620,0.2342197262,0.2298763543,0.2253834109,0.2207860816,0.2161265284,0.2114456400,0.2067818575,0.2021675931,0.1976256204,0.1931677073,0.1887964010,0.1845088650,0.1803004189,0.1761659097,0.1720988365,0.1680897910,0.1641260258,0.1601928053,0.1562757514,0.1523628922,0.1484458360,0.1445205589,0.1405886011,0.1366586883,0.1327477769,0.1288803708,0.1250858974,0.1213950589,0.1178363731,0.1144335452,0.1112037067,0.1081565432,0.1052946044,0.1026149178,0.1001113097,0.0977763482,0.0956022052,0.0935807097,0.0917034090,0.0899620570,0.0883491615,0.0868580081,0.0854821529,0.0842150202,0.0830501335,0.0819817414,0.0810050007,0.0801151395,0.0793059316,0.0785685141,0.0778914399,0.0772620386,0.0766683744,0.0761008855,0.0755531323,0.0750215824,0.0745046710,0.0740014612,0.0735102247,0.0730272821,0.0725464621,0.0720594576,0.0715570933,0.0710311274,0.0704758905,0.0698890246,0.0692709383,0.0686231889,0.0679465122,0.0672393466,0.0664973975,0.0657143099,0.0648831316,0.0639980853,0.0630561209,0.0620577504,0.0610068304,0.0599093278,0.0587715546,0.0575986017,0.0563935581,0.0551576800,0.0538912723,0.0525948538,0.0512701788,0.0499207707,0.0485517702,0.0471691179,0.0457783431,0.0443833756,0.0429857775,0.0415846614,0.0401773754,0.0387608215,0.0373330117,0.0358942657,0.0344474830,0.0329972474,0.0315480181,0.0301020709,0.0286579973,0.0272103993,0.0257509956,0.0242707679,0.0227622477,0.0212208900,0.0196449207,0.0180339219,0.0163871191,0.0147022955,0.0129755474,0.0112013994,0.0093728002,0.0074810918,0.0055164165,0.0034686814,0.0013284968,-0.0009126592,-0.0032631088,-0.0057316462,-0.0083272989,-0.0110581581,-0.0139302192,-0.0169471569,-0.0201108955,-0.0234218056,-0.0268774797,-0.0304702991,-0.0341852875,-0.0379998664,-0.0418859922,-0.0458137024,-0.0497544800,-0.0536833965,-0.0575800939,-0.0614293311,-0.0652216095,-0.0689537387,-0.0726288537,-0.0762556142,-0.0798467140,-0.0834170135,-0.0869816190,-0.0905543191,-0.0941468506,-0.0977691129,-0.1014296702,-0.1051353488,-0.1088892361,-0.1126877784,-0.1165188069,-0.1203620239,-0.1241917803,-0.1279801872,-0.1316980391,-0.1353119783,-0.1387787523,-0.1420355653,-0.1449965801,-0.1475535878,-0.1496454089,-0.1517295333,-0.1533101749,,,,,,,,,,,
,,,,,,,,,,,,0.2560369062,0.2533384385,0.2509169474,0.2479522929,0.2445197508,0.2407529607,0.2367439931,0.2325457702,0.2281966281,0.2237307387,0.2191825107,0.2145875505,0.2099808268,0.2053930344,0.2008471044,0.1963568837,0.1919287982,0.1875653239,0.1832678212,0.1790368532,0.1748700776,0.1707596344,0.1666912847,0.1626462830,0.1586052002,0.1545519907,0.1504770243,0.1463789012,0.1422654890,0.1381542517,0.1340712251,0.1300480313,0.1261173883,0.1223086905,0.1186452455,0.1151436104,0.1118142720,0.1086626894,0.1056903136,0.1028956629,0.1002753539,0.0978246482,0.0955372957,0.0934051604,0.0914184627,0.0895669301,0.0878412462,0.0862338901,0.0847390607,0.0833521690,0.0820694882,0.0808879450,0.0798045130,0.0788149106,0.0779120995,0.0770855961,0.0763222652,0.0756083477,0.0749317523,0.0742836272,0.0736587734,0.0730550339,0.0724720554,0.0719097939,0.0713670571,0.0708403878,0.0703236271,0.0698084046,0.0692855133,0.0687467268,0.0681863328,0.0676016997,0.0669925997,0.0663596086,0.0657023393,0.0650182981,0.0643027788,0.0635497187,0.0627531051,0.0619084346,0.0610137780,0.0600701025,0.0590806925,0.0580498493,0.0569814168,0.0558778070,0.0547399400,0.0535680243,0.0523627105,0.0511260641,0.0498619752,0.0485758718,0.0472738364,0.0459614060,0.0446424448,0.0433184537,0.0419885287,0.0406499862,0.0392995010,0.0379344643,0.0365541494,0.0351602393,0.0337564177,0.0323470581,0.0309354285,0.0295220582,0.0281038975,0.0266746614,0.0252263371,0.0237513433,0.0222444161,0.0207032653,0.0191275981,0.0175170518,0.0158692711,0.0141792138,0.0124398305,0.0106433411,0.0087821968,0.0068494482,0.0048388344,0.0027448130,0.0005622422,-0.0017146615,-0.0040937643,-0.0065857278,-0.0092029930,-0.0119572384,-0.0148567579,-0.0179052688,-0.0211024364,-0.0244450455,-0.0279274827,-0.0315411323,-0.0352734029,-0.0391073789,-0.0430224377,-0.0469953987,-0.0510016036,-0.0550158335,-0.0590135176,-0.0629726579,-0.0668762584,-0.0707144187,-0.0744852474,-0.0781943428,-0.0818531757,-0.0854768550,-0.0890816565,-0.0926827293,-0.0962925459,-0.0999204649,-0.1035730541,-0.1072541604,-0.1109638846,-0.1146967206,-0.1184401856,-0.1221752243,-0.1258783852,-0.1295243102,-0.1330866973,-0.1365367683,-0.1398398484,-0.1429510402,-0.1458123427,-0.1483443949,-0.1504521195,-0.1522131393,-0.1535674441,,,,,,,,,,,
,,,,,,,,,,,0.2610435574,0.2577339472,0.2554975926,0.2529681000,0.2499347551,0.2465224699,0.2428342306,0.2389334507,0.2348574374,0.2306350398,0.2262931378,0.2218596715,0.2173638549,0.2128344588,0.2082969404,0.2037708334,0.1992690802,0.1947999443,0.1903702252,0.1859873117,0.1816582698,0.1773862697,0.1731666471,0.1689853132,0.1648208815,0.1606498084,0.1564524703,0.1522181744,0.1479481599,0.1436565809,0.1393695464,0.1351219633,0.1309522011,0.1268957605,0.1229801695,0.1192230066,0.1156332358,0.1122143066,0.1089670832,0.1058915923,0.1029876457,0.1002546925,0.0976910398,0.0952926559,0.0930522516,0.0909595282,0.0890028188,0.0871713166,0.0854566742,0.0838533650,0.0823581284,0.0809691397,0.0796851039,0.0785040220,0.0774215827,0.0764298064,0.0755168890,0.0746686690,0.0738711525,0.0731129120,0.0723863810,0.0716878030,0.0710162162,0.0703720207,0.0697555016,0.0691655178,0.0685985646,0.0680484870,0.0675070462,0.0669652628,0.0664150814,0.0658506807,0.0652688477,0.0646682675,0.0640481213,0.0634067184,0.0627408136,0.0620458350,0.0613167885,0.0605493760,0.0597409023,0.0588906974,0.0579999123,0.0570707116,0.0561051351,0.0551041535,0.0540674444,0.0529940711,0.0518837374,0.0507379752,0.0495606891,0.0483578176,0.0471362498,0.0459023756,0.0446607420,0.0434132295,0.0421589820,0.0408950798,0.0396177262,0.0383236059,0.0370110422,0.0356806152,0.0343350033,0.0329780280,0.0316131606,0.0302419834,0.0288631486,0.0274722288,0.0260625889,0.0246270731,0.0231599399,0.0216581950,0.0201215257,0.0185506400,0.0169447644,0.0152997210,0.0136077423,0.0118590658,0.0100442326,0.0081557907,0.0061888264,0.0041405686,0.0020094659,-0.0002062391,-0.0025104769,-0.0049112563,-0.0074212065,-0.0100557561,-0.0128293762,-0.0157517565,-0.0188258897,-0.0220486897,-0.0254131440,-0.0289104210,-0.0325310014,-0.0362648486,-0.0401010012,-0.0440267517,-0.0480264256,-0.0520800994,-0.0561631170,-0.0602473361,-0.0643043202,-0.0683095874,-0.0722463490,-0.0761074611,-0.0798952760,-0.0836198920,-0.0872964751,-0.0909421352,-0.0945728321,-0.0982010107,-0.1018346031,-0.1054773633,-0.1091296512,-0.1127886148,-0.1164474936,-0.1200948135,-0.1237144995,-0.1272871161,-0.1307913135,-0.1342042666,-0.1375006947,-0.1406511146,-0.1436203629,-0.1463665409,-0.1488333885,-0.1509428711,-0.1526333630,-0.1538975028,-0.1551172809,,,,,,,,,,
,,,,,,,,,,,0.2622827758,0.2597621391,0.2575298261,0.2548274694,0.2517154475,0.2483009314,0.2446584510,0.2408294653,0.2368412755,0.2327168405,0.2284784539,0.2241487588,0.2197502504,0.2153040238,0.2108280553,0.2063359093,0.2018371360,0.1973397152,0.1928531656,0.1883898987,0.1839631580,0.1795820604,0.1752463311,0.1709438313,0.1666526244,0.1623470241,0.1580053029,0.1536164307,0.1491841906,0.1447281972,0.1402818521,0.1358873346,0.1315882338,0.1274216719,0.1234127035,0.1195731267,0.1159046317,0.1124040455,0.1090679229,0.1058949558,0.1028862386,0.1000441184,0.0973702408,0.0948633550,0.0925177700,0.0903234363,0.0882678802,0.0863390475,0.0845275779,0.0828276125,0.0812362919,0.0797526152,0.0783760497,0.0771048872,0.0759345030,0.0748562216,0.0738576354,0.0729245613,0.0720438008,0.0712053897,0.0704034397,0.0696355730,0.0689015798,0.0682019556,0.0675366429,0.0669040412,0.0663003559,0.0657194725,0.0651535152,0.0645940096,0.0640332412,0.0634652441,0.0628859865,0.0622927314,0.0616829950,0.0610537336,0.0604012008,0.0597214732,0.0590112597,0.0582685318,0.0574927039,0.0566843344,0.0558444468,0.0549736527,0.0540713817,0.0531356366,0.0521635839,0.0511528948,0.0501032804,0.0490174810,0.0479012064,0.0467620139,0.0456075476,0.0444437553,0.0432736531,0.0420969847,0.0409108249,0.0397108730,0.0384929979,0.0372545657,0.0359951823,0.0347166625,0.0334222366,0.0321152305,0.0307976370,0.0294690524,0.0281263331,0.0267640921,0.0253759157,0.0239559797,0.0225005444,0.0210086476,0.0194814011,0.0179198700,0.0163224155,0.0146829880,0.0129915185,0.0112363107,0.0094071013,0.0074971897,0.0055038726,0.0034274530,0.0012694454,-0.0009696895,-0.0032930608,-0.0057093587,-0.0082330319,-0.0108817211,-0.0136715863,-0.0166126813,-0.0197066400,-0.0229474997,-0.0263247041,-0.0298265513,-0.0334427672,-0.0371656689,-0.0409897708,-0.0449097901,-0.0489173862,-0.0529977474,-0.0571277315,-0.0612769588,-0.0654119613,-0.0695019489,-0.0735239981,-0.0774659809,-0.0813268241,-0.0851147082,-0.0888440383,-0.0925317689,-0.0961936321,-0.0998411033,-0.1034800011,-0.1071109687,-0.1107310537,-0.1143350894,-0.1179160662,-0.1214647198,-0.1249691560,-0.1284149696,-0.1317854934,-0.1350615311,-0.1382205710,-0.1412362779,-0.1440789546,-0.1467162401,-0.1491096297,-0.1512026138,-0.1529222306,-0.1542254046,-0.1552957624,,,,,,,,,,
,,,,,,,,,,0.2675844014,0.2640976289,0.2618987494,0.2594525576,0.2565688147,0.2533604518,0.2499136385,0.2462774420,0.2424789939,0.2385390915,0.2344773564,0.2303132559,0.2260651512,0.2217491972,0.2173785718,0.2129629339,0.2085085553,0.2040199354,0.1995029230,0.1949678594,0.1904304325,0.1859087646,0.1814174189,0.1769610728,0.1725311870,0.1681077070,0.1636654486,0.1591827598,0.1546494214,0.1500715851,0.1454728732,0.1408916022,0.1363744801,0.1319678404,0.1277087680,0.1236193016,0.1197059824,0.1159644431,0.1123862708,0.1089648093,0.1056980173,0.1025884296,0.0996412228,0.0968613293,0.0942504047,0.0918046902,0.0895148387,0.0873679734,0.0853509621,0.0834532303,0.0816679816,0.0799918367,0.0784235755,0.0769625164,0.0756067091,0.0743512272,0.0731872742,0.0721028342,0.0710848441,0.0701218811,0.0692060210,0.0683331239,0.0675018026,0.0667119128,0.0659632709,0.0652548079,0.0645840373,0.0639467445,0.0633369875,0.0627475432,0.0621707473,0.0615994215,0.0610274775,0.0604499391,0.0598624719,0.0592608295,0.0586406859,0.0579980480,0.0573300060,0.0566353194,0.0559144326,0.0551688604,0.0544001887,0.0536090287,0.0527942217,0.0519525751,0.0510793783,0.0501697593,0.0492205312,0.0482318004,0.0472075772,0.0461550380,0.0450826895,0.0439981248,0.0429061549,0.0418078922,0.0407010016,0.0395809445,0.0384427413,0.0372826510,0.0360992462,0.0348935934,0.0336685460,0.0324274207,0.0311725120,0.0299039480,0.0286192611,0.0273137812,0.0259816708,0.0246172739,0.0232164198,0.0217773089,0.0203005434,0.0187879388,0.0172402201,0.0156545075,0.0140230229,0.0123340587,0.0105749641,0.0087356232,0.0068106610,0.0047995513,0.0027050001,0.0005304620,-0.0017226207,-0.0040574781,-0.0064838004,-0.0090174323,-0.0116772267,-0.0144798558,-0.0174348544,-0.0205422346,-0.0237935471,-0.0271754604,-0.0306740829,-0.0342785317,-0.0379828608,-0.0417857961,-0.0456880044,-0.0496873826,-0.0537740117,-0.0579271207,-0.0621158556,-0.0663039282,-0.0704563427,-0.0745455734,-0.0785552225,-0.0824806655,-0.0863273505,-0.0901076657,-0.0938370047,-0.0975296101,-0.1011951320,-0.1048370015,-0.1084531000,-0.1120380222,-0.1155854136,-0.1190891138,-0.1225428916,-0.1259394598,-0.1292695004,-0.1325208472,-0.1356776471,-0.1387197338,-0.1416230312,-0.1443614546,-0.1469092049,-0.1492403810,-0.1513193727,-0.1530914087,-0.1544949664,-0.1555620525,-0.1566256517,,,,,,,,,
,,,,,,,,,,0.2690670897,0.2663590223,0.2640574919,0.2613326393,0.2582554049,0.2549282311,0.2514143090,0.2477432952,0.2439332832,0.2400008667,0.2359637914,0.2318396358,0.2276433343,0.2233855730,0.2190723520,0.2147054036,0.2102835756,0.2058055674,0.2012737189,0.1966972929,0.1920930862,0.1874820956,0.1828830224,0.1783053474,0.1737453301,0.1691871197,0.1646088568,0.1599914598,0.1553269230,0.1506236195,0.1459074558,0.1412187594,0.1366053888,0.1321134040,0.1277779353,0.1236176054,0.1196347615,0.1158210122,0.1121649795,0.1086586445,0.1053002780,0.1020940718,0.0990476579,0.0961686330,0.0934610013,0.0909226368,0.0885448960,0.0863146940,0.0842180068,0.0822430200,0.0803816490,0.0786293528,0.0769839341,0.0754439407,0.0740069346,0.0726679520,0.0714188207,0.0702489429,0.0691473820,0.0681051858,0.0671166736,0.0661791539,0.0652915631,0.0644530034,0.0636618549,0.0629154981,0.0622103140,0.0615417054,0.0609041521,0.0602914300,0.0596970104,0.0591144689,0.0585376806,0.0579607228,0.0573776593,0.0567825493,0.0561699461,0.0555358109,0.0548783893,0.0541984810,0.0534988070,0.0527826500,0.0520522750,0.0513076601,0.0505459051,0.0497615166,0.0489476323,0.0480979914,0.0472090826,0.0462816361,0.0453207545,0.0443345284,0.0433316438,0.0423188856,0.0412994085,0.0402722866,0.0392333759,0.0381770945,0.0370984621,0.0359947006,0.0348658897,0.0337145198,0.0325441619,0.0313577622,0.0301561836,0.0289375130,0.0276973501,0.0264299001,0.0251294022,0.0237913974,0.0224135191,0.0209956629,0.0195393973,0.0180464821,0.0165166705,0.0149456119,0.0133241154,0.0116396334,0.0098795738,0.0080348247,0.0061017088,0.0040816060,0.0019787776,-0.0002025401,-0.0024610160,-0.0048006561,-0.0072321303,-0.0097719827,-0.0124391749,-0.0152498388,-0.0182124516,-0.0213256417,-0.0245794158,-0.0279589109,-0.0314490030,-0.0350383286,-0.0387217164,-0.0425002117,-0.0463781694,-0.0503578599,-0.0544334661,-0.0585871913,-0.0627895591,-0.0670040283,-0.0711939824,-0.0753292771,-0.0793902604,-0.0833687399,-0.0872665719,-0.0910927714,-0.0948597310,-0.0985790787,-0.1022581329,-0.1058981889,-0.1094952999,-0.1130429367,-0.1165348671,-0.1199666708,-0.1233353865,-0.1266379328,-0.1298692860,-0.1330209620,-0.1360799247,-0.1390282198,-0.1418440309,-0.1445044920,-0.1469890510,-0.1492806004,-0.1513597133,-0.1531902445,-0.1547166309,-0.1558972621,-0.1569047831,,,,,,,,,
,,,,,,,,,0.2753337929,0.2712616322,0.2688549046,0.2662442729,0.2632324418,0.2599467186,0.2564741437,0.2528561610,0.2491098924,0.2452473069,0.2412822393,0.2372311629,0.2331101496,0.2289313926,0.2247012133,0.2204197823,0.2160821705,0.2116806215,0.2072081167,0.2026626785,0.1980508245,0.1933881860,0.1886962222,0.1839958349,0.1793004360,0.1746116066,0.1699195160,0.1652081823,0.1604635477,0.1556813427,0.1508721948,0.1460627130,0.1412923722,0.1366067434,0.1320485083,0.1276489202,0.1234229581,0.1193702257,0.1154808882,0.1117434634,0.1081508913,0.1047030221,0.1014058200,0.0982685811,0.0953003045,0.0925060703,0.0898844620,0.0874271356,0.0851208645,0.0829510539,0.0809049489,0.0789732562,0.0771500955,0.0754319799,0.0738164498,0.0723006131,0.0708798605,0.0695473291,0.0682946159,0.0671135218,0.0659977957,0.0649437725,0.0639495993,0.0630137342,0.0621337540,0.0613060328,0.0605261179,0.0597892574,0.0590906871,0.0584256428,0.0577892532,0.0571764194,0.0565816703,0.0559989688,0.0554215540,0.0548420420,0.0542530148,0.0536481304,0.0530234272,0.0523782139,0.0517149758,0.0510381535,0.0503521928,0.0496595807,0.0489595185,0.0482476057,0.0475166328,0.0467583583,0.0459658700,0.0451358130,0.0442696176,0.0433731324,0.0424547102,0.0415224718,0.0405817913,0.0396338861,0.0386759044,0.0377023418,0.0367071988,0.0356860870,0.0346375640,0.0335632699,0.0324668697,0.0313522250,0.0302214883,0.0290738413,0.0279053543,0.0267099923,0.0254813052,0.0242140779,0.0229053328,0.0215544744,0.0201627114,0.0187319462,0.0172632097,0.0157548268,0.0142009473,0.0125914321,0.0109137217,0.0091561804,0.0073113214,0.0053772534,0.0033567579,0.0012547156,-0.0009249063,-0.0031816870,-0.0055206630,-0.0079530823,-0.0104952594,-0.0131651598,-0.0159775587,-0.0189397472,-0.0220496899,-0.0252972450,-0.0286676078,-0.0321455700,-0.0357194277,-0.0393836527,-0.0431393914,-0.0469919916,-0.0509457621,-0.0549977618,-0.0591334302,-0.0633262992,-0.0675420415,-0.0717450007,-0.0759044616,-0.0799986393,-0.0840158931,-0.0879538014,-0.0918168916,-0.0956134559,-0.0993518278,-0.1030370015,-0.1066688826,-0.1102429886,-0.1137531057,-0.1171942345,-0.1205640979,-0.1238625751,-0.1270897148,-0.1302434840,-0.1333180216,-0.1363026312,-0.1391817316,-0.1419362726,-0.1445468496,-0.1469974535,-0.1492772594,-0.1513772202,-0.1532771948,-0.1549323095,-0.1562813316,-0.1573464794,-0.1586350355,,,,,,,,
,,,,,,,,,0.2771338396,0.2740281842,0.2714826661,0.2685094507,0.2652066291,0.2616976110,0.2580513241,0.2542931893,0.2504328803,0.2464784660,0.2424419999,0.2383388121,0.2341835064,0.2299859976,0.2257493146,0.2214693746,0.2171363371,0.2127373229,0.2082603833,0.2036990331,0.1990558034,0.1943430454,0.1895801243,0.1847877690,0.1799817865,0.1751688355,0.1703461949,0.1655057653,0.1606406905,0.1557519847,0.1508528460,0.1459694417,0.1411380016,0.1363987842,0.1317883068,0.1273322632,0.1230419582,0.1189158790,0.1149454887,0.1111221824,0.1074422132,0.1039081785,0.1005276628,0.0973104138,0.0942650565,0.0913959710,0.0887011400,0.0861719212,0.0837950426,0.0815558884,0.0794414435,0.0774417564,0.0755499273,0.0737613268,0.0720726039,0.0704806236,0.0689814758,0.0675700103,0.0662403288,0.0649870228,0.0638062503,0.0626957543,0.0616537443,0.0606774618,0.0597624347,0.0589028141,0.0580923882,0.0573255468,0.0565977167,0.0559052289,0.0552448207,0.0546129816,0.0540052901,0.0534158999,0.0528373958,0.0522612393,0.0516788899,0.0510833980,0.0504709428,0.0498416207,0.0491989903,0.0485483990,0.0478946753,0.0472400222,0.0465827959,0.0459174942,0.0452359378,0.0445293754,0.0437909756,0.0430179218,0.0422122842,0.0413802090,0.0405296554,0.0396675509,0.0387974711,0.0379186698,0.0370267000,0.0361152666,0.0351785643,0.0342132482,0.0332193602,0.0321999171,0.0311593374,0.0301012937,0.0290268004,0.0279332802,0.0268150021,0.0256647175,0.0244757892,0.0232438868,0.0219675921,0.0206478509,0.0192867038,0.0178858007,0.0164449539,0.0149608611,0.0134263770,0.0118309935,0.0101629069,0.0084121081,0.0065730336,0.0046453545,0.0026325587,0.0005392093,-0.0016318397,-0.0038815139,-0.0062157237,-0.0086455618,-0.0111860385,-0.0138530976,-0.0166596018,-0.0196118702,-0.0227082447,-0.0259400634,-0.0292943106,-0.0327569232,-0.0363160627,-0.0399647850,-0.0437021786,-0.0475318933,-0.0514578412,-0.0554784993,-0.0595824491,-0.0637474224,-0.0679433169,-0.0721376259,-0.0763008566,-0.0804101440,-0.0844506482,-0.0884152973,-0.0923034776,-0.0961188363,-0.0998663088,-0.1035490732,-0.1071667133,-0.1107155559,-0.1141908941,-0.1175895707,-0.1209112311,-0.1241575940,-0.1273303971,-0.1304292102,-0.1334499010,-0.1363839236,-0.1392184953,-0.1419380036,-0.1445268602,-0.1469730096,-0.1492699024,-0.1514142277,-0.1533966494,-0.1551843475,-0.1567158982,-0.1579359700,-0.1590940171,,,,,,,,
,,,,,,,,0.2843657098,0.2797652285,0.2771082106,0.2742266446,0.2709024032,0.2673073477,0.2635597393,0.2597112885,0.2557785999,0.2517673405,0.2476837409,0.2435388303,0.2393467280,0.2351203587,0.2308675190,0.2265887658,0.2222772610,0.2179201687,0.2135013704,0.2090053404,0.2044215087,0.1997477168,0.1949912750,0.1901669867,0.1852928218,0.1803849591,0.1754542107,0.1705053194,0.1655394341,0.1605586712,0.1555707864,0.1505921024,0.1456477077,0.1407688641,0.1359882075,0.1313339517,0.1268250311,0.1224692902,0.1182657064,0.1142095276,0.1102975988,0.1065313789,0.1029169350,0.0994629344,0.0961780529,0.0930685463,0.0901362071,0.0873771104,0.0847818294,0.0823373401,0.0800298227,0.0778470031,0.0757791823,0.0738191267,0.0719615267,0.0702024491,0.0685387332,0.0669672966,0.0654846882,0.0640872811,0.0627719615,0.0615365702,0.0603794272,0.0592980553,0.0582879925,0.0573425993,0.0564540391,0.0556148088,0.0548189661,0.0540625567,0.0533432425,0.0526594048,0.0520090245,0.0513886197,0.0507925425,0.0502129323,0.0496405001,0.0490660630,0.0484824285,0.0478859685,0.0472772022,0.0466600224,0.0460397628,0.0454208068,0.0448045955,0.0441886587,0.0435668897,0.0429309481,0.0422724286,0.0415852174,0.0408672753,0.0401211192,0.0393526868,0.0385689403,0.0377751512,0.0369729446,0.0361598220,0.0353302401,0.0344777270,0.0335971928,0.0326865899,0.0317473537,0.0307834909,0.0297996495,0.0287988646,0.0277808151,0.0267412952,0.0256731706,0.0245684831,0.0234208160,0.0222268769,0.0209866453,0.0197021828,0.0183758149,0.0170084549,0.0155984464,0.0141409507,0.0126279570,0.0110492310,0.0093943598,0.0076553439,0.0058284985,0.0039145600,0.0019169137,-0.0001610429,-0.0023181521,-0.0045567710,-0.0068831995,-0.0093074460,-0.0118421308,-0.0145003022,-0.0172925791,-0.0202247087,-0.0232965163,-0.0265023894,-0.0298327171,-0.0332757599,-0.0368198664,-0.0404559290,-0.0441792670,-0.0479895812,-0.0518882224,-0.0558736172,-0.0599370750,-0.0640611616,-0.0682213480,-0.0723898565,-0.0765397854,-0.0806480837,-0.0846970835,-0.0886750473,-0.0925760711,-0.0963991577,-0.1001462143,-0.1038194122,-0.1074191307,-0.1109436162,-0.1143903833,-0.1177581296,-0.1210476617,-0.1242612193,-0.1274007808,-0.1304664004,-0.1334551885,-0.1363609232,-0.1391742097,-0.1418834710,-0.1444770937,-0.1469462904,-0.1492870115,-0.1514985130,-0.1535766982,-0.1554992170,-0.1572082102,-0.1586227759,-0.1597756915,-0.1613489503,,,,,,,
,,,,,,,,0.2864088581,0.2830774304,0.2803743689,0.2771222176,0.2734630548,0.2695771147,0.2655759294,0.2614992035,0.2573600754,0.2531633800,0.2489155547,0.2446273311,0.2403114941,0.2359788775,0.2316349926,0.2272784015,0.2229007718,0.2184881461,0.2140232308,0.2094886530,0.2048706838,0.2001623076,0.1953645052,0.1904853696,0.1855376204,0.1805356149,0.1754929782,0.1704216856,0.1653328737,0.1602388812,0.1551553726,0.1501023704,0.1451036060,0.1401843168,0.1353680737,0.1306735463,0.1261124169,0.1216895988,0.1174059910,0.1132624977,0.1092631171,0.1054155171,0.1017292502,0.0982131143,0.0948730884,0.0917112292,0.0887251978,0.0859082725,0.0832501475,0.0807386477,0.0783617814,0.0761091728,0.0739724165,0.0719447424,0.0700206862,0.0681960064,0.0664675584,0.0648328962,0.0632898282,0.0618363161,0.0604706697,0.0591914759,0.0579968053,0.0568829636,0.0558436815,0.0548704938,0.0539542497,0.0530869491,0.0522630015,0.0514794658,0.0507353712,0.0500304730,0.0493638196,0.0487324941,0.0481309059,0.0475509340,0.0469830054,0.0464178689,0.0458485253,0.0452716262,0.0446877598,0.0441004341,0.0435141022,0.0429319700,0.0423543573,0.0417780903,0.0411970100,0.0406033957,0.0399899318,0.0393516890,0.0386874662,0.0379999074,0.0372942027,0.0365757956,0.0358480122,0.0351105902,0.0343596781,0.0335892294,0.0327931730,0.0319674947,0.0311114642,0.0302275906,0.0293203371,0.0283940426,0.0274507733,0.0264888865,0.0255029054,0.0244848558,0.0234266131,0.0223222883,0.0211695757,0.0199694601,0.0187245325,0.0174368335,0.0161061879,0.0147294624,0.0133006269,0.0118113949,0.0102524411,0.0086151970,0.0068937656,0.0050860118,0.0031930652,0.0012174013,-0.0008394251,-0.0029782597,-0.0052027029,-0.0075187940,-0.0099345301,-0.0124592152,-0.0151023555,-0.0178721640,-0.0207742130,-0.0238107053,-0.0269802819,-0.0302779811,-0.0336953669,-0.0372214182,-0.0408446014,-0.0445554981,-0.0483483933,-0.0522204885,-0.0561688755,-0.0601869280,-0.0642620939,-0.0683760356,-0.0725066148,-0.0766304429,-0.0807250285,-0.0847703831,-0.0887504251,-0.0926542234,-0.0964764969,-0.1002166967,-0.1038767783,-0.1074587806,-0.1109635407,-0.1143909825,-0.1177412045,-0.1210151540,-0.1242143047,-0.1273397272,-0.1303912863,-0.1333672623,-0.1362641644,-0.1390765661,-0.1417973134,-0.1444186664,-0.1469343281,-0.1493411956,-0.1516387818,-0.1538243604,-0.1558823008,-0.1577598757,-0.1593702590,-0.1606389454,-0.1619157405,,,,,,,
,,,,,,,,0.2896266829,0.2868577589,0.2838232211,0.2802027013,0.2762168280,0.2720412815,0.2677733176,0.2634462891,0.2590730202,0.2546603931,0.2502169003,0.2457536796,0.2412820572,0.2368102705,0.2323411857,0.2278716063,0.2233927419,0.2188912352,0.2143506455,0.2097535892,0.2050843660,0.2003313502,0.1954884380,0.1905554392,0.1855378247,0.1804462061,0.1752956273,0.1701046810,0.1648946131,0.1596885431,0.1545106333,0.1493848860,0.1443335131,0.1393752357,0.1345240455,0.1297888800,0.1251745309,0.1206838665,0.1163208534,0.1120930740,0.1080122300,0.1040920800,0.1003448752,0.0967782659,0.0933940694,0.0901888483,0.0871553147,0.0842837755,0.0815634941,0.0789840415,0.0765363544,0.0742130306,0.0720078483,0.0699151234,0.0679295656,0.0660466613,0.0642630383,0.0625763779,0.0609850046,0.0594875566,0.0580827983,0.0567691962,0.0555439832,0.0544020841,0.0533357436,0.0523354111,0.0513915941,0.0504967445,0.0496462998,0.0488385746,0.0480737429,0.0473523546,0.0466738048,0.0460351372,0.0454305390,0.0448517619,0.0442894188,0.0437347878,0.0431815307,0.0426267131,0.0420707251,0.0415161145,0.0409657848,0.0404212514,0.0398815472,0.0393430382,0.0388000746,0.0382462346,0.0376758500,0.0370854265,0.0364744789,0.0358453562,0.0352019633,0.0345477971,0.0338841012,0.0332089457,0.0325176270,0.0318041922,0.0310634391,0.0302925919,0.0294920363,0.0286648636,0.0278153977,0.0269471974,0.0260612039,0.0251546887,0.0242214596,0.0232533767,0.0222426878,0.0211842267,0.0200764515,0.0189208009,0.0177197251,0.0164744409,0.0151834696,0.0138423793,0.0124444491,0.0109817550,0.0094464236,0.0078319802,0.0061344890,0.0043528670,0.0024879398,0.0005405964,-0.0014898882,-0.0036064205,-0.0058135060,-0.0081163036,-0.0105200933,-0.0130302686,-0.0156524503,-0.0183924032,-0.0212557616,-0.0242475589,-0.0273712831,-0.0306272799,-0.0340110583,-0.0375127479,-0.0411186629,-0.0448145567,-0.0485887999,-0.0524336183,-0.0563438206,-0.0603140281,-0.0643360831,-0.0683977612,-0.0724828497,-0.0765720119,-0.0806439762,-0.0846771081,-0.0886516023,-0.0925520463,-0.0963693668,-0.1001010316,-0.1037492333,-0.1073180292,-0.1108109672,-0.1142301294,-0.1175763686,-0.1208498666,-0.1240504234,-0.1271775523,-0.1302306851,-0.1332094173,-0.1361133596,-0.1389414093,-0.1416909529,-0.1443578629,-0.1469376490,-0.1494270362,-0.1518242634,-0.1541259896,-0.1563196719,-0.1583606176,-0.1601641423,-0.1616266054,-0.1628277341,,,,,,,
,,,,,,,0.3005466281,0.2938743846,0.2909762952,0.2874773183,0.2834720858,0.2791621922,0.2746982389,0.2701548201,0.2655616360,0.2609332857,0.2562808014,0.2516160134,0.2469509443,0.2422953283,0.2376543965,0.2330281139,0.2284117931,0.2237971332,0.2191728904,0.2145252366,0.2098383887,0.2050958085,0.2002817401,0.1953828103,0.1903898151,0.1852998929,0.1801187044,0.1748616087,0.1695529710,0.1642235944,0.1589070331,0.1536356678,0.1484371916,0.1433320564,0.1383324535,0.1334432000,0.1286643872,0.1239951275,0.1194374395,0.1149991418,0.1106945926,0.1065425552,0.1025616690,0.0987654072,0.0951588645,0.0917386472,0.0884953240,0.0854167662,0.0824909371,0.0797076205,0.0770591774,0.0745404203,0.0721476605,0.0698773470,0.0677251060,0.0656857864,0.0637543196,0.0619265958,0.0601997229,0.0585717093,0.0570409954,0.0556060102,0.0542645396,0.0530127869,0.0518445525,0.0507512809,0.0497233166,0.0487518765,0.0478307341,0.0469568349,0.0461297318,0.0453502536,0.0446189347,0.0439346302,0.0432936391,0.0426895962,0.0421142226,0.0415587411,0.0410155008,0.0404792543,0.0399476368,0.0394206878,0.0388996317,0.0383854323,0.0378776877,0.0373742025,0.0368712301,0.0363641557,0.0358483762,0.0353202040,0.0347776123,0.0342205601,0.0336506308,0.0330699554,0.0324797653,0.0318792037,0.0312649721,0.0306320184,0.0299749935,0.0292898728,0.0285750969,0.0278318095,0.0270631192,0.0262726451,0.0254628179,0.0246334688,0.0237811823,0.0228997135,0.0219814576,0.0210195246,0.0200095762,0.0189505254,0.0178436701,0.0166906746,0.0154914813,0.0142432113,0.0129404100,0.0115761889,0.0101435435,0.0086364270,0.0070505092,0.0053835272,0.0036349295,0.0018046663,-0.0001083901,-0.0021074029,-0.0041971981,-0.0063828321,-0.0086681746,-0.0110554803,-0.0135461018,-0.0161417887,-0.0188459117,-0.0216641573,-0.0246042793,-0.0276744658,-0.0308803243,-0.0342215086,-0.0376898099,-0.0412701295,-0.0449441356,-0.0486947481,-0.0525092011,-0.0563794993,-0.0603006551,-0.0642679968,-0.0682747341,-0.0723103244,-0.0763597034,-0.0804034441,-0.0844191263,-0.0883841140,-0.0922792577,-0.0960921718,-0.0998185239,-0.1034606616,-0.1070243656,-0.1105154417,-0.1139375791,-0.1172918224,-0.1205771225,-0.1237913231,-0.1269322977,-0.1299991030,-0.1329927479,-0.1359159921,-0.1387720029,-0.1415625385,-0.1442868142,-0.1469417900,-0.1495235413,-0.1520283360,-0.1544513482,-0.1567813220,-0.1589845579,-0.1609878978,-0.1626903600,-0.1640339906,-0.1663817772,,,,,,
,,,,,,,0.3032472042,0.2986088775,0.2952570899,0.2912835170,0.2868950207,0.2822681839,0.2775171670,0.2726945430,0.2678268298,0.2629314527,0.2580243367,0.2531208852,0.2482339207,0.2433713654,0.2385353073,0.2337229709,0.2289287658,0.2241458788,0.2193664296,0.2145804740,0.2097749177,0.2049331992,0.2000360070,0.1950631262,0.1899966592,0.1848255544,0.1795503424,0.1741860914,0.1687619154,0.1633168602,0.1578934960,0.1525311118,0.1472601294,0.1420988802,0.1370534654,0.1321207833,0.1272938958,0.1225681118,0.1179459425,0.1134394185,0.1090689204,0.1048586382,0.1008300597,0.0969960055,0.0933577426,0.0899062292,0.0866264302,0.0835023812,0.0805209897,0.0776737927,0.0749568797,0.0723694933,0.0699118590,0.0675830266,0.0653796689,0.0632963627,0.0613269569,0.0594659874,0.0577093187,0.0560539719,0.0544975911,0.0530378442,0.0516716934,0.0503945344,0.0491996437,0.0480785566,0.0470225166,0.0460243453,0.0450797188,0.0441872285,0.0433473360,0.0425608146,0.0418272755,0.0411441599,0.0405063977,0.0399068213,0.0393372421,0.0387898614,0.0382585339,0.0377394325,0.0372308935,0.0367325472,0.0362441401,0.0357645819,0.0352915953,0.0348219990,0.0343523310,0.0338794452,0.0334008837,0.0329150464,0.0324212250,0.0319194653,0.0314101411,0.0308932271,0.0303675048,0.0298300984,0.0292766588,0.0287022160,0.0281023895,0.0274744710,0.0268179553,0.0261343227,0.0254261592,0.0246959143,0.0239446715,0.0231712768,0.0223720782,0.0215414223,0.0206728712,0.0197608077,0.0188017796,0.0177948616,0.0167407014,0.0156396641,0.0144901037,0.0132877392,0.0120263782,0.0106993926,0.0093010714,0.0078273496,0.0062759156,0.0046458303,0.0029366476,0.0011471104,-0.0007260413,-0.0026882825,-0.0047460771,-0.0069047607,-0.0091668237,-0.0115316709,-0.0139969930,-0.0165610557,-0.0192249882,-0.0219942761,-0.0248787354,-0.0278903845,-0.0310393444,-0.0343291363,-0.0377536174,-0.0412973234,-0.0449392232,-0.0486580505,-0.0524367577,-0.0562644782,-0.0601358324,-0.0640484500,-0.0679998247,-0.0719843606,-0.0759911957,-0.0800033257,-0.0839985690,-0.0879526061,-0.0918434826,-0.0956559628,-0.0993837986,-0.1030288606,-0.1065977104,-0.1100974404,-0.1135326187,-0.1169041716,-0.1202099441,-0.1234462297,-0.1266096935,-0.1296992269,-0.1327171184,-0.1356688517,-0.1385613294,-0.1414002513,-0.1441879963,-0.1469230691,-0.1496011421,-0.1522166601,-0.1547631762,-0.1572302598,-0.1595942275,-0.1617984760,-0.1637499668,-0.1653434533,-0.1671479045,,,,,,
,,,,,,0.3136272418,0.3071039359,0.3034249787,0.2995750700,0.2951645294,0.2904135051,0.2854793346,0.2804421563,0.2753397908,0.2701959817,0.2650309027,0.2598645009,0.2547146302,0.2495940018,0.2445083043,0.2394566500,0.2344342072,0.2294354771,0.2244561835,0.2194927003,0.2145395989,0.2095868983,0.2046184246,0.1996119716,0.1945415705,0.1893820764,0.1841156817,0.1787386721,0.1732657135,0.1677294330,0.1621749982,0.1566514939,0.1512028343,0.1458606526,0.1406407988,0.1355442035,0.1305618246,0.1256821670,0.1208989445,0.1162164037,0.1116506662,0.1072266985,0.1029718294,0.0989079619,0.0950453824,0.0913806698,0.0878994163,0.0845821859,0.0814108495,0.0783728853,0.0754627644,0.0726808600,0.0700308152,0.0675163334,0.0651384254,0.0628941212,0.0607770764,0.0587794866,0.0568940538,0.0551150110,0.0534380974,0.0518599857,0.0503775778,0.0489872438,0.0476840760,0.0464615694,0.0453122120,0.0442289461,0.0432067499,0.0422433782,0.0413388265,0.0404938635,0.0397083843,0.0389802251,0.0383047257,0.0376750620,0.0370832166,0.0365213082,0.0359828587,0.0354635487,0.0349611762,0.0344748491,0.0340037758,0.0335462200,0.0330991247,0.0326585578,0.0322206818,0.0317826769,0.0313431426,0.0309018739,0.0304592586,0.0300156304,0.0295707559,0.0291234558,0.0286713372,0.0282107194,0.0277368966,0.0272447915,0.0267298496,0.0261888684,0.0256204480,0.0250248932,0.0244036090,0.0237582085,0.0230896263,0.0223974745,0.0216797595,0.0209329757,0.0201525728,0.0193337640,0.0184725133,0.0175663031,0.0166141740,0.0156157921,0.0145699185,0.0134731796,0.0123199734,0.0111036148,0.0098180058,0.0084588685,0.0070240394,0.0055129457,0.0039256128,0.0022614273,0.0005178725,-0.0013102347,-0.0032302932,-0.0052500228,-0.0073748840,-0.0096062197,-0.0119412110,-0.0143747262,-0.0169022758,-0.0195230183,-0.0222418326,-0.0250695313,-0.0280205270,-0.0311081254,-0.0343389965,-0.0377092835,-0.0412043197,-0.0448021407,-0.0484790980,-0.0522151275,-0.0559968360,-0.0598178257,-0.0636767164,-0.0675737994,-0.0715073075,-0.0754702086,-0.0794483898,-0.0834210224,-0.0873634648,-0.0912521016,-0.0950693811,-0.0988068657,-0.1024649352,-0.1060495090,-0.1095676177,-0.1130238914,-0.1164190898,-0.1197505835,-0.1230140635,-0.1262057749,-0.1293247070,-0.1323740608,-0.1353612240,-0.1382959239,-0.1411871784,-0.1440404363,-0.1468562055,-0.1496305718,-0.1523569559,-0.1550276229,-0.1576326980,-0.1601547408,-0.1625527856,-0.1647417922,-0.1666033135,-0.1682158080,-0.1705088201,,,,,
,,,,,,0.3163836157,0.3118024076,0.3081877492,0.3038847832,0.2990684461,0.2939687910,0.2887278417,0.2834016962,0.2780191088,0.2726016061,0.2671709706,0.2617489598,0.2563535880,0.2509957915,0.2456783546,0.2403977318,0.2351480128,0.2299249366,0.2247276383,0.2195571330,0.2144124689,0.2092866182,0.2041639481,0.1990202301,0.1938255132,0.1885498567,0.1831711937,0.1776832571,0.1721005068,0.1664575699,0.1608028886,0.1551886832,0.1496605202,0.1442494663,0.1389687365,0.1338155249,0.1287773698,0.1238410065,0.1190007181,0.1142633609,0.1096484935,0.1051837376,0.1008969951,0.0968081951,0.0929235911,0.0892348520,0.0857232112,0.0823666396,0.0791468230,0.0760533734,0.0730844823,0.0702447582,0.0675415525,0.0649810155,0.0625650432,0.0602901060,0.0581482850,0.0561297571,0.0542252789,0.0524275288,0.0507311599,0.0491321447,0.0476269666,0.0462118501,0.0448821414,0.0436321770,0.0424559780,0.0413485882,0.0403072527,0.0393315742,0.0384224171,0.0375801245,0.0368029438,0.0360862982,0.0354230551,0.0348045818,0.0342222207,0.0336687438,0.0331393293,0.0326317076,0.0321453890,0.0316802502,0.0312350720,0.0308067105,0.0303903356,0.0299806486,0.0295734594,0.0291668078,0.0287610912,0.0283582189,0.0279602766,0.0275682857,0.0271814226,0.0267967828,0.0264096248,0.0260140105,0.0256037323,0.0251733328,0.0247189304,0.0242385856,0.0237320915,0.0232002827,0.0226441258,0.0220639151,0.0214588305,0.0208269353,0.0201654914,0.0194713744,0.0187414394,0.0179728321,0.0171632794,0.0163112422,0.0154156539,0.0144750862,0.0134866358,0.0124452624,0.0113442188,0.0101765349,0.0089367520,0.0076219356,0.0062315222,0.0047662609,0.0032267828,0.0016121790,-0.0000811286,-0.0018597580,-0.0037324248,-0.0057076391,-0.0077909148,-0.0099829116,-0.0122795331,-0.0146739944,-0.0171600468,-0.0197352961,-0.0224035947,-0.0251755081,-0.0280660932,-0.0310901378,-0.0342563994,-0.0375632962,-0.0409980526,-0.0445396418,-0.0481640921,-0.0518499278,-0.0555818997,-0.0593521681,-0.0631590362,-0.0670039156,-0.0708874405,-0.0748057310,-0.0787478419,-0.0826953846,-0.0866248813,-0.0905123973,-0.0943387641,-0.0980931248,-0.1017732557,-0.1053828288,-0.1089273160,-0.1124105756,-0.1158332885,-0.1191932124,-0.1224866036,-0.1257102108,-0.1288634135,-0.1319499017,-0.1349780438,-0.1379593671,-0.1409054962,-0.1438248284,-0.1467204002,-0.1495896975,-0.1524261765,-0.1552214076,-0.1579657953,-0.1606452427,-0.1632299677,-0.1656428434,-0.1677580094,-0.1694640085,-0.1712416994,,,,,
,,,,,,0.3205955085,0.3169259363,0.3129281242,0.3081669885,0.3029461944,0.2974965186,0.2919393965,0.2863169306,0.2806517464,0.2749636164,0.2692742498,0.2636045100,0.2579699167,0.2523777574,0.2468271475,0.2413121253,0.2358264965,0.2303680071,0.2249395131,0.2195464035,0.2141915945,0.2088705336,0.2035683175,0.1982599473,0.1929138763,0.1874985101,0.1819906142,0.1763834205,0.1706914129,0.1649494179,0.1592058103,0.1535120782,0.1479122108,0.1424350263,0.1370913501,0.1318765653,0.1267776384,0.1217823026,0.1168871985,0.1121020814,0.1074487340,0.1029551825,0.0986473803,0.0945413079,0.0906383683,0.0869258627,0.0833823053,0.0799851995,0.0767179485,0.0735734292,0.0705536912,0.0676668361,0.0649226338,0.0623282417,0.0598851818,0.0575884954,0.0554282874,0.0533927549,0.0514710863,0.0496549810,0.0479386456,0.0463179600,0.0447895229,0.0433498717,0.0419949880,0.0407203279,0.0395215655,0.0383957502,0.0373420606,0.0363614079,0.0354548647,0.0346216904,0.0338579623,0.0331564174,0.0325074751,0.0319009790,0.0313280600,0.0307825652,0.0302616226,0.0297651304,0.0292942904,0.0288496831,0.0284296573,0.0280297817,0.0276436931,0.0272650034,0.0268893624,0.0265156722,0.0261459021,0.0257836684,0.0254322815,0.0250930516,0.0247643583,0.0244416192,0.0241180347,0.0237858614,0.0234378788,0.0230686452,0.0226751619,0.0222567478,0.0218142053,0.0213486129,0.0208601989,0.0203476971,0.0198083865,0.0192387314,0.0186352717,0.0179953228,0.0173172063,0.0166000415,0.0158433335,0.0150465257,0.0142084703,0.0133267330,0.0123969306,0.0114126274,0.0103662246,0.0092506674,0.0080611280,0.0067957418,0.0054550619,0.0040406285,0.0025533093,0.0009918693,-0.0006479615,-0.0023735551,-0.0041941813,-0.0061185972,-0.0081523132,-0.0102958579,-0.0125449372,-0.0148924379,-0.0173315106,-0.0198587850,-0.0224768002,-0.0251946990,-0.0280264096,-0.0309863730,-0.0340841637,-0.0373202155,-0.0406845110,-0.0441586894,-0.0477205040,-0.0513488003,-0.0550273660,-0.0587467187,-0.0625036671,-0.0662990367,-0.0701342547,-0.0740076477,-0.0779114543,-0.0818306497,-0.0857443775,-0.0896298258,-0.0934670925,-0.0972428850,-0.1009514669,-0.1045928315,-0.1081695226,-0.1116838501,-0.1151364662,-0.1185262495,-0.1218510276,-0.1251088793,-0.1282999134,-0.1314280826,-0.1345020755,-0.1375343867,-0.1405385465,-0.1435255849,-0.1465012549,-0.1494650769,-0.1524113727,-0.1553315988,-0.1582162562,-0.1610532665,-0.1638195690,-0.1664492569,-0.1688164320,-0.1707594039,-0.1723680270,,,,,
,,,,,0.3341309905,0.3258770000,0.3221721253,0.3176090124,0.3123564793,0.3067186317,0.3009112915,0.2950280351,0.2891022465,0.2831522680,0.2771963412,0.2712546477,0.2653450867,0.2594788108,0.2536582395,0.2478783555,0.2421308485,0.2364094244,0.2307137303,0.2250497477,0.2194262636,0.2138490861,0.2083156694,0.2028123337,0.1973150010,0.1917933092,0.1862173795,0.1805659366,0.1748336553,0.1690350946,0.1632032941,0.1573830918,0.1516213811,0.1459575447,0.1404168646,0.1350084942,0.1297282920,0.1245655609,0.1195114872,0.1145662499,0.1097421046,0.1050613273,0.1005499517,0.0962297553,0.0921114550,0.0881916152,0.0844544589,0.0808778587,0.0774409828,0.0741304483,0.0709428543,0.0678835093,0.0649626470,0.0621907792,0.0595745094,0.0571138550,0.0548018818,0.0526267610,0.0505752288,0.0486357230,0.0467998896,0.0450623621,0.0434196439,0.0418689576,0.0404074414,0.0390317791,0.0377383921,0.0365242372,0.0353878124,0.0343295526,0.0333509817,0.0324527829,0.0316327423,0.0308846630,0.0301987947,0.0295635536,0.0289678244,0.0284030558,0.0278645331,0.0273514749,0.0268658968,0.0264105491,0.0259866052,0.0255920022,0.0252212041,0.0248665964,0.0245209481,0.0241798060,0.0238427043,0.0235126770,0.0231943857,0.0228917368,0.0226059165,0.0223344306,0.0220712974,0.0218082133,0.0215363067,0.0212479662,0.0209381891,0.0206050196,0.0202489559,0.0198715807,0.0194739505,0.0190553429,0.0186128150,0.0181417158,0.0176369172,0.0170942151,0.0165112668,0.0158876804,0.0152243273,0.0145222979,0.0137819275,0.0130020524,0.0121794742,0.0113087213,0.0103824273,0.0093925571,0.0083321951,0.0071970702,0.0059859999,0.0047000589,0.0033409769,0.0019094793,0.0004040147,-0.0011799381,-0.0028497483,-0.0046144114,-0.0064823347,-0.0084589171,-0.0105450512,-0.0127372664,-0.0150294122,-0.0174152323,-0.0198910928,-0.0224581644,-0.0251232708,-0.0278976795,-0.0307937728,-0.0338206120,-0.0369801528,-0.0402656580,-0.0436628146,-0.0471529105,-0.0507167868,-0.0543382829,-0.0580063164,-0.0617152792,-0.0654638654,-0.0692526815,-0.0730811385,-0.0769443889,-0.0808313933,-0.0847251550,-0.0886053541,-0.0924523475,-0.0962506840,-0.0999906401,-0.1036675780,-0.1072801223,-0.1108283929,-0.1143128908,-0.1177339338,-0.1210914656,-0.1243854414,-0.1276170885,-0.1307907597,-0.1339152995,-0.1370037143,-0.1400707885,-0.1431295185,-0.1461879024,-0.1492473617,-0.1523032817,-0.1553473130,-0.1583700452,-0.1613609653,-0.1643017029,-0.1671416377,-0.1697639701,-0.1720013623,-0.1737412620,-0.1765483913,,,,
,,,,,0.3367580749,0.3313016838,0.3271517593,0.3220284079,0.3162899599,0.3102446328,0.3040853597,0.2978802680,0.2916554310,0.2854260295,0.2792088282,0.2730218330,0.2668793903,0.2607881088,0.2547457541,0.2487435040,0.2427707741,0.2368207031,0.2308937588,0.2249975447,0.2191427155,0.2133368882,0.2075793057,0.2018583965,0.1961529812,0.1904366754,0.1846843971,0.1788794934,0.1730195868,0.1671191291,0.1612074381,0.1553226608,0.1495037333,0.1437829861,0.1381814229,0.1327076200,0.1273602812,0.1221336900,0.1170243715,0.1120365071,0.1071838083,0.1024869567,0.0979676657,0.0936418057,0.0895142913,0.0855776641,0.0818149276,0.0782055452,0.0747321912,0.0713855720,0.0681657303,0.0650799991,0.0621390011,0.0593522383,0.0567244070,0.0542533001,0.0519299770,0.0497412246,0.0476732380,0.0457147564,0.0438583575,0.0420998942,0.0404370353,0.0388679029,0.0373902447,0.0360011947,0.0346976400,0.0334771136,0.0323387298,0.0312833485,0.0303124252,0.0294258641,0.0286199723,0.0278866659,0.0272143967,0.0265903951,0.0260033206,0.0254454151,0.0249135444,0.0244088672,0.0239352049,0.0234965513,0.0230945203,0.0227267136,0.0223867692,0.0220661774,0.0217571085,0.0214549651,0.0211595089,0.0208741315,0.0206037143,0.0203520545,0.0201198357,0.0199037433,0.0196968600,0.0194901132,0.0192743025,0.0190420821,0.0187892633,0.0185149995,0.0182208026,0.0179087772,0.0175797439,0.0172319484,0.0168608346,0.0164599688,0.0160227564,0.0155442417,0.0150222175,0.0144571893,0.0138513043,0.0132068193,0.0125247346,0.0118039171,0.0110407264,0.0102291288,0.0093614245,0.0084296434,0.0074272595,0.0063504650,0.0051983403,0.0039718684,0.0026723709,0.0013000621,-0.0001469194,-0.0016729399,-0.0032846653,-0.0049900386,-0.0067965222,-0.0087092137,-0.0107296948,-0.0128561125,-0.0150843592,-0.0174098571,-0.0198294863,-0.0223432550,-0.0249551781,-0.0276727711,-0.0305049759,-0.0334591043,-0.0365379544,-0.0397381811,-0.0430504028,-0.0464608281,-0.0499537445,-0.0535140908,-0.0571294854,-0.0607913665,-0.0644951168,-0.0682391127,-0.0720226897,-0.0758433756,-0.0796943341,-0.0835632603,-0.0874334294,-0.0912864305,-0.0951052086,-0.0988761141,-0.1025895669,-0.1062398035,-0.1098243078,-0.1133430941,-0.1167977219,-0.1201902194,-0.1235225932,-0.1267975624,-0.1300203229,-0.1332001471,-0.1363504086,-0.1394864814,-0.1426222539,-0.1457667742,-0.1489223876,-0.1520850201,-0.1552464580,-0.1583975146,-0.1615293137,-0.1646281458,-0.1676584350,-0.1705180539,-0.1730380405,-0.1750291870,-0.1771014546,,,,
,,,,,0.3403629987,0.3361766267,0.3314929025,0.3258682531,0.3197015931,0.3133006963,0.3068286306,0.3003358251,0.2938410399,0.2873564898,0.2808972777,0.2744793876,0.2681145469,0.2618064514,0.2555500637,0.2493341938,0.2431464833,0.2369788781,0.2308311348,0.2247105672,0.2186280277,0.2125920251,0.2066036935,0.2006546915,0.1947286594,0.1888055481,0.1828674257,0.1769041349,0.1709171841,0.1649206034,0.1589384154,0.1529996661,0.1471328815,0.1413617198,0.1357026989,0.1301650316,0.1247523284,0.1194658602,0.1143085963,0.1092884717,0.1044191565,0.0997175871,0.0951991790,0.0908728338,0.0867379001,0.0827843364,0.0789960442,0.0753561293,0.0718520718,0.0684788432,0.0652390226,0.0621403579,0.0591920746,0.0564011814,0.0537696014,0.0512927731,0.0489602763,0.0467584777,0.0446741399,0.0426972958,0.0408221727,0.0390462445,0.0373684683,0.0357877667,0.0343022150,0.0329089452,0.0316046922,0.0303868080,0.0292542037,0.0282074142,0.0272473171,0.0263729272,0.0255794445,0.0248577106,0.0241954509,0.0235797625,0.0229998377,0.0224489997,0.0219255022,0.0214319149,0.0209732320,0.0205541895,0.0201766356,0.0198379709,0.0195313972,0.0192479622,0.0189795232,0.0187212799,0.0184727677,0.0182369904,0.0180182282,0.0178195215,0.0176407700,0.0174780011,0.0173239099,0.0171694186,0.0170057517,0.0168263702,0.0166281182,0.0164111683,0.0161777743,0.0159302862,0.0156691610,0.0153917095,0.0150920599,0.0147623780,0.0143949047,0.0139840006,0.0135273461,0.0130258126,0.0124821533,0.0118991835,0.0112782054,0.0106180994,0.0099151046,0.0091631819,0.0083549234,0.0074829369,0.0065413372,0.0055267026,0.0044380081,0.0032756172,0.0020399348,0.0007303425,-0.0006553613,-0.0021211087,-0.0036723471,-0.0053153614,-0.0070561525,-0.0088992537,-0.0108470220,-0.0128996670,-0.0150558424,-0.0173134819,-0.0196707161,-0.0221268158,-0.0246829468,-0.0273423399,-0.0301096034,-0.0329893085,-0.0359843182,-0.0390943802,-0.0423153440,-0.0456391613,-0.0490546494,-0.0525488289,-0.0561085733,-0.0597223120,-0.0633814807,-0.0670812237,-0.0708197643,-0.0745962645,-0.0784078626,-0.0822472539,-0.0861019983,-0.0899557484,-0.0937906026,-0.0975895432,-0.1013383591,-0.1050269427,-0.1086499050,-0.1122062832,-0.1156982627,-0.1191294377,-0.1225036707,-0.1258253768,-0.1291010368,-0.1323406799,-0.1355578974,-0.1387678364,-0.1419838876,-0.1452145163,-0.1484615449,-0.1517205329,-0.1549831726,-0.1582407850,-0.1614865488,-0.1647119679,-0.1678935385,-0.1709484958,-0.1737126954,-0.1759719182,-0.1777845462,,,,
,,,,0.3509640181,0.3440582803,0.3399796209,0.3347953331,0.3287479816,0.3222480276,0.3155848548,0.3088823173,0.3021759297,0.2954760560,0.2887909520,0.2821333477,0.2755175069,0.2689540855,0.2624463891,0.2559894354,0.2495720827,0.2431815534,0.2368086728,0.2304515248,0.2241157251,0.2178111269,0.2115466212,0.2053255744,0.1991439412,0.1929916732,0.1868566393,0.1807294484,0.1746074208,0.1684963542,0.1624095682,0.1563648334,0.1503807289,0.1444740721,0.1386591432,0.1329481660,0.1273519897,0.1218804711,0.1165429019,0.1113488842,0.1063092548,0.1014359938,0.0967404490,0.0922304173,0.0879075671,0.0837666008,0.0797966770,0.0759846071,0.0723186864,0.0687917929,0.0654026768,0.0621551388,0.0590556853,0.0561106593,0.0533236416,0.0506935715,0.0482140124,0.0458740380,0.0436607541,0.0415625157,0.0395713033,0.0376831969,0.0358971125,0.0342128851,0.0326297444,0.0311456074,0.0297571435,0.0284604706,0.0272522575,0.0261306847,0.0250955017,0.0241467723,0.0232827773,0.0224982434,0.0217839828,0.0211282210,0.0205190026,0.0199466846,0.0194057000,0.0188951578,0.0184181604,0.0179799516,0.0175853211,0.0172360742,0.0169295696,0.0166590379,0.0164156208,0.0161912205,0.0159808468,0.0157834552,0.0156010647,0.0154367244,0.0152922668,0.0151666824,0.0150555752,0.0149517673,0.0148468030,0.0147328705,0.0146045242,0.0144596090,0.0142990268,0.0141253861,0.0139409942,0.0137459150,0.0135368116,0.0133070346,0.0130479744,0.0127512052,0.0124105895,0.0120234806,0.0115905499,0.0111144087,0.0105977298,0.0100416658,0.0094450117,0.0088041293,0.0081134448,0.0073663768,0.0065565432,0.0056789134,0.0047304102,0.0037096513,0.0026160207,0.0014486574,0.0002058664,-0.0011149776,-0.0025172829,-0.0040050395,-0.0055825366,-0.0072539515,-0.0090229470,-0.0108924862,-0.0128648687,-0.0149417659,-0.0171240857,-0.0194117945,-0.0218039900,-0.0242993693,-0.0268969407,-0.0295966693,-0.0323997617,-0.0353083835,-0.0383247257,-0.0414495725,-0.0446807987,-0.0480123520,-0.0514341491,-0.0549330732,-0.0584949985,-0.0621074198,-0.0657617987,-0.0694544754,-0.0731854064,-0.0769550710,-0.0807609360,-0.0845950805,-0.0884438460,-0.0922893524,-0.0961121345,-0.0998941143,-0.1036212477,-0.1072851938,-0.1108834663,-0.1144180544,-0.1178933233,-0.1213144778,-0.1246874588,-0.1280200307,-0.1313228316,-0.1346090978,-0.1378926650,-0.1411849764,-0.1444924165,-0.1478150910,-0.1511475690,-0.1544814787,-0.1578091869,-0.1611265920,-0.1644310111,-0.1677094813,-0.1709030602,-0.1738622738,-0.1763653884,-0.1782553491,-0.1802528508,,,
,,,,0.3508769159,0.3464337516,0.3421184106,0.3365657375,0.3302318590,0.3235367862,0.3167423816,0.3099331585,0.3031280814,0.2963273875,0.2895334257,0.2827550267,0.2760042044,0.2692912239,0.2626207962,0.2559905354,0.2493920753,0.2428145487,0.2362491938,0.2296930951,0.2231502414,0.2166293806,0.2101398768,0.2036877906,0.1972741448,0.1908960782,0.1845501284,0.1782359287,0.1719584738,0.1657278171,0.1595563772,0.1534553974,0.1474327273,0.1414933632,0.1356423583,0.1298880589,0.1242434673,0.1187250224,0.1133499112,0.1081336339,0.1030886597,0.0982237997,0.0935436195,0.0890478708,0.0847315686,0.0805862179,0.0766020074,0.0727702417,0.0690852187,0.0655450361,0.0621511903,0.0589072277,0.0558169987,0.0528830288,0.0501052305,0.0474800112,0.0450000269,0.0426550395,0.0404339858,0.0383275115,0.0363296887,0.0344380541,0.0326522055,0.0309719817,0.0293961570,0.0279219692,0.0265453554,0.0252617134,0.0240669736,0.0229585060,0.0219351943,0.0209963347,0.0201398071,0.0193605750,0.0186504454,0.0179992546,0.0173968812,0.0168352414,0.0163096587,0.0158193390,0.0153668487,0.0149566055,0.0145926534,0.0142764098,0.0140053214,0.0137731157,0.0135715969,0.0133931418,0.0132327143,0.0130885449,0.0129613485,0.0128526191,0.0127628044,0.0126900352,0.0126297620,0.0125753369,0.0125193192,0.0124550941,0.0123782782,0.0122874094,0.0121836288,0.0120694026,0.0119466930,0.0118152105,0.0116713913,0.0115085191,0.0113180106,0.0110914304,0.0108224594,0.0105080162,0.0101480937,0.0097444816,0.0092990473,0.0088123304,0.0082828730,0.0077072718,0.0070807145,0.0063977917,0.0056534073,0.0048435229,0.0039653993,0.0030171878,0.0019971389,0.0009029682,-0.0002682409,-0.0015196698,-0.0028543152,-0.0042747734,-0.0057833094,-0.0073821151,-0.0090736799,-0.0108611751,-0.0127486054,-0.0147404252,-0.0168405533,-0.0190511473,-0.0213717523,-0.0237993265,-0.0263292759,-0.0289572078,-0.0316807740,-0.0345007956,-0.0374210086,-0.0404463020,-0.0435800119,-0.0468212793,-0.0501634740,-0.0535943535,-0.0570981301,-0.0606589826,-0.0642648212,-0.0679096789,-0.0715934781,-0.0753191191,-0.0790881784,-0.0828971059,-0.0867353721,-0.0905860296,-0.0944282795,-0.0982411545,-0.1020072195,-0.1057151516,-0.1093603957,-0.1129439080,-0.1164699458,-0.1199442733,-0.1233736362,-0.1267662708,-0.1301323871,-0.1334836035,-0.1368311165,-0.1401832854,-0.1435437004,-0.1469105811,-0.1502778592,-0.1536378411,-0.1569848458,-0.1603182400,-0.1636414466,-0.1669517148,-0.1702130556,-0.1732952627,-0.1759759800,-0.1780186569,-0.1795496668,,,
,,,,0.3499921031,0.3466073245,0.3420926730,0.3363467650,0.3298995960,0.3231773669,0.3164089574,0.3096458412,0.3028884179,0.2961250789,0.2893499547,0.2825655769,0.2757795944,0.2690003879,0.2622335685,0.2554800974,0.2487363813,0.2419963435,0.2352547930,0.2285106448,0.2217683875,0.2150370439,0.2083272912,0.2016484607,0.1950071335,0.1884080385,0.1818565820,0.1753613240,0.1689345846,0.1625902764,0.1563397337,0.1501878853,0.1441324761,0.1381675581,0.1322898075,0.1265042071,0.1208258592,0.1152770917,0.1098817614,0.1046597546,0.0996237044,0.0947781850,0.0901206326,0.0856433042,0.0813359249,0.0771885895,0.0731941557,0.0693493734,0.0656545311,0.0621120433,0.0587247294,0.0554944453,0.0524213883,0.0495039710,0.0467388665,0.0441209267,0.0416431336,0.0392971024,0.0370744026,0.0349682075,0.0329742939,0.0310907598,0.0293167350,0.0276509650,0.0260909836,0.0246330026,0.0232722901,0.0220038480,0.0208232627,0.0197274161,0.0187145527,0.0177834266,0.0169318825,0.0161557129,0.0154484907,0.0148024347,0.0142097961,0.0136641676,0.0131613945,0.0126999944,0.0122809799,0.0119069310,0.0115803738,0.0113019644,0.0110692976,0.0108769877,0.0107180251,0.0105857187,0.0104752579,0.0103842263,0.0103120045,0.0102585072,0.0102228667,0.0102025462,0.0101931241,0.0101887650,0.0101832164,0.0101710235,0.0101485690,0.0101145602,0.0100697402,0.0100158573,0.0099541961,0.0098841548,0.0098023845,0.0097028453,0.0095778311,0.0094196247,0.0092221504,0.0089819366,0.0086980087,0.0083708522,0.0080010239,0.0075880651,0.0071300681,0.0066238432,0.0060654268,0.0054506936,0.0047759122,0.0040380674,0.0032347643,0.0023637042,0.0014220433,0.0004061069,-0.0006882741,-0.0018649833,-0.0031268728,-0.0044754693,-0.0059112719,-0.0074345397,-0.0090463388,-0.0107495000,-0.0125490147,-0.0144514559,-0.0164633870,-0.0185892614,-0.0208296806,-0.0231808455,-0.0256356310,-0.0281860912,-0.0308265507,-0.0335560134,-0.0363787251,-0.0393024411,-0.0423349491,-0.0454801417,-0.0487351040,-0.0520893384,-0.0555265819,-0.0590287919,-0.0625809376,-0.0661746532,-0.0698090930,-0.0734885280,-0.0772177381,-0.0809971747,-0.0848197752,-0.0886704489,-0.0925282229,-0.0963702122,-0.1001760576,-0.1039313341,-0.1076288485,-0.1112677236,-0.1148512062,-0.1183845735,-0.1218740377,-0.1253265959,-0.1287500714,-0.1321526065,-0.1355414411,-0.1389214119,-0.1422938423,-0.1456563623,-0.1490039520,-0.1523312554,-0.1556358412,-0.1589212250,-0.1621967900,-0.1654693746,-0.1687213057,-0.1718433857,-0.1746177942,-0.1767726524,-0.1781988404,,,
,,,,0.3475379669,0.3443123389,0.3396414821,0.3338197185,0.3274154354,0.3208339914,0.3142556007,0.3077018392,0.3011537728,0.2945869313,0.2879851451,0.2813416249,0.2746558576,0.2679302500,0.2611677840,0.2543707776,0.2475406336,0.2406785364,0.2337869201,0.2268710852,0.2199400376,0.2130059530,0.2060825316,0.1991832865,0.1923208998,0.1855080748,0.1787592445,0.1720916633,0.1655243472,0.1590743229,0.1527514404,0.1465546347,0.1404726370,0.1344900682,0.1285965628,0.1227943169,0.1171000444,0.1115404954,0.1061441712,0.1009333346,0.0959193190,0.0911019090,0.0864719085,0.0820155063,0.0777191056,0.0735733192,0.0695749613,0.0657264886,0.0620333953,0.0585009251,0.0551315781,0.0519242583,0.0488749789,0.0459783182,0.0432286375,0.0406204963,0.0381484490,0.0358068874,0.0335904035,0.0314944688,0.0295157742,0.0276518265,0.0259000687,0.0242571771,0.0227189293,0.0212805192,0.0199369787,0.0186835674,0.0175161804,0.0164317153,0.0154281025,0.0145037763,0.0136567826,0.0128840612,0.0121813243,0.0115434970,0.0109653538,0.0104420618,0.0099696203,0.0095452727,0.0091677640,0.0088371201,0.0085537699,0.0083172848,0.0081253901,0.0079738311,0.0078571736,0.0077700568,0.0077082133,0.0076687987,0.0076500203,0.0076503780,0.0076679010,0.0076996498,0.0077416067,0.0077889592,0.0078366962,0.0078803502,0.0079166543,0.0079438790,0.0079616912,0.0079705233,0.0079706156,0.0079610260,0.0079389512,0.0078996420,0.0078370066,0.0077447244,0.0076174306,0.0074514563,0.0072448030,0.0069964357,0.0067053344,0.0063698109,0.0059873435,0.0055548466,0.0050691112,0.0045271879,0.0039265903,0.0032652327,0.0025410500,0.0017513927,0.0008925146,-0.0000404447,-0.0010528061,-0.0021492579,-0.0033328422,-0.0046045086,-0.0059634708,-0.0074083103,-0.0089385279,-0.0105560288,-0.0122658862,-0.0140758388,-0.0159944227,-0.0180282677,-0.0201795767,-0.0224448997,-0.0248159370,-0.0272823558,-0.0298357086,-0.0324728941,-0.0351976076,-0.0380189969,-0.0409479212,-0.0439922017,-0.0471526325,-0.0504212500,-0.0537826087,-0.0572177743,-0.0607096615,-0.0642476446,-0.0678295042,-0.0714598559,-0.0751457372,-0.0788911929,-0.0826929570,-0.0865387200,-0.0904084443,-0.0942781565,-0.0981248322,-0.1019306227,-0.1056849960,-0.1093843642,-0.1130299321,-0.1166251329,-0.1201737811,-0.1236793000,-0.1271446884,-0.1305726734,-0.1339656832,-0.1373255673,-0.1406532038,-0.1439482726,-0.1472096115,-0.1504365869,-0.1536315851,-0.1568028400,-0.1599651932,-0.1631338935,-0.1663059915,-0.1693983063,-0.1722087812,-0.1744472882,-0.1759373767,,,
,,,0.3406690839,0.3427953227,0.3394109295,0.3345878689,0.3287774103,0.3225498752,0.3162585952,0.3100216503,0.3038320002,0.2976524663,0.2914457338,0.2851838047,0.2788473763,0.2724229453,0.2659009786,0.2592757905,0.2525463330,0.2457168038,0.2387964839,0.2317988880,0.2247406085,0.2176401295,0.2105167637,0.2033899160,0.1962789562,0.1892038389,0.1821861882,0.1752500783,0.1684214499,0.1617252887,0.1551806212,0.1487949724,0.1425613299,0.1364605169,0.1304694775,0.1245724096,0.1187693950,0.1130781092,0.1075279118,0.1021495761,0.0969655807,0.0919846713,0.0872017875,0.0826022726,0.0781682907,0.0738852245,0.0697460588,0.0657524053,0.0619120407,0.0582342697,0.0547253093,0.0513856692,0.0482103126,0.0451909678,0.0423190711,0.0395878501,0.0369928525,0.0345312377,0.0322007198,0.0299988709,0.0279228683,0.0259693401,0.0241341001,0.0224119731,0.0207970435,0.0192833234,0.0178654326,0.0165388796,0.0152999357,0.0141454201,0.0130726342,0.0120793683,0.0111637744,0.0103240808,0.0095583407,0.0088643490,0.0082396306,0.0076813198,0.0071859599,0.0067494993,0.0063677029,0.0060368293,0.0057541083,0.0055176297,0.0053256946,0.0051760837,0.0050657303,0.0049909393,0.0049479039,0.0049331354,0.0049435860,0.0049765035,0.0050291918,0.0050988163,0.0051822958,0.0052762686,0.0053771290,0.0054811487,0.0055846895,0.0056844698,0.0057778012,0.0058626907,0.0059377266,0.0060017396,0.0060533175,0.0060903312,0.0061096695,0.0061073319,0.0060788865,0.0060200919,0.0059273608,0.0057978175,0.0056289582,0.0054181856,0.0051625508,0.0048588513,0.0045039772,0.0040952645,0.0036306636,0.0031086451,0.0025278400,0.0018864583,0.0011816415,0.0004090443,-0.0004370261,-0.0013627961,-0.0023737616,-0.0034734663,-0.0046628411,-0.0059404353,-0.0073035846,-0.0087502429,-0.0102808973,-0.0118997940,-0.0136147823,-0.0154355330,-0.0173705588,-0.0194240860,-0.0215940895,-0.0238725250,-0.0262479975,-0.0287100397,-0.0312533317,-0.0338800481,-0.0365992244,-0.0394232683,-0.0423629030,-0.0454224264,-0.0485970499,-0.0518733577,-0.0552328391,-0.0586572869,-0.0621340499,-0.0656590576,-0.0692363780,-0.0728744782,-0.0765806717,-0.0803558538,-0.0841913908,-0.0880691871,-0.0919648399,-0.0958527012,-0.0997109406,-0.1035247360,-0.1072866246,-0.1109943937,-0.1146479044,-0.1182464154,-0.1217873824,-0.1252668497,-0.1286808867,-0.1320272284,-0.1353063273,-0.1385213745,-0.1416774314,-0.1447804252,-0.1478370226,-0.1508560272,-0.1538508910,-0.1568412872,-0.1598493053,-0.1628843032,-0.1658930353,-0.1687009776,-0.1710171626,-0.1726124258,-0.1706172895,,
,,,0.3351666255,0.3352909271,0.3317175689,0.3268083903,0.3211173031,0.3151867890,0.3093057246,0.3035336443,0.2978386506,0.2921681841,0.2864730121,0.2807123613,0.2748515736,0.2688594091,0.2627080689,0.2563761302,0.2498526307,0.2431398851,0.2362534088,0.2292189113,0.2220676772,0.2148321514,0.2075431930,0.2002296006,0.1929195177,0.1856425555,0.1784312198,0.1713205503,0.1643455047,0.1575362651,0.1509123866,0.1444777214,0.1382188918,0.1321096360,0.1261209066,0.1202331448,0.1144451121,0.1087748995,0.1032527455,0.0979094295,0.0927656782,0.0878266787,0.0830828915,0.0785157941,0.0741058453,0.0698397082,0.0657142847,0.0617363031,0.0579179251,0.0542704869,0.0507992256,0.0475011769,0.0443667384,0.0413836266,0.0385410610,0.0358323230,0.0332550122,0.0308095492,0.0284970809,0.0263177394,0.0242696070,0.0223483202,0.0205472326,0.0188581857,0.0172728156,0.0157839540,0.0143864645,0.0130771307,0.0118538217,0.0107145737,0.0096571226,0.0086789706,0.0077777381,0.0069515271,0.0061991398,0.0055200405,0.0049139341,0.0043799759,0.0039159255,0.0035177492,0.0031799946,0.0028967790,0.0026628348,0.0024740783,0.0023275519,0.0022209902,0.0021523678,0.0021196060,0.0021204001,0.0021520774,0.0022115016,0.0022951260,0.0023992470,0.0025203634,0.0026554529,0.0028020023,0.0029577665,0.0031203697,0.0032869482,0.0034540156,0.0036176282,0.0037737840,0.0039188862,0.0040500709,0.0041652579,0.0042628986,0.0043415347,0.0043993740,0.0044340693,0.0044427479,0.0044221720,0.0043688604,0.0042791037,0.0041489641,0.0039744086,0.0037516202,0.0034773752,0.0031492992,0.0027658643,0.0023260980,0.0018290514,0.0012731245,0.0006554209,-0.0000286172,-0.0007850425,-0.0016206050,-0.0025414843,-0.0035519521,-0.0046534598,-0.0058445751,-0.0071219586,-0.0084822279,-0.0099241662,-0.0114504510,-0.0130680702,-0.0147869638,-0.0166171032,-0.0185649662,-0.0206308276,-0.0228081818,-0.0250858499,-0.0274521706,-0.0298996643,-0.0324282266,-0.0350454534,-0.0377638649,-0.0405960341,-0.0435494299,-0.0466228782,-0.0498059715,-0.0530817246,-0.0564316102,-0.0598411800,-0.0633041548,-0.0668233558,-0.0704080366,-0.0740685573,-0.0778103284,-0.0816291866,-0.0855098499,-0.0894280206,-0.0933553504,-0.0972652951,-0.1011374816,-0.1049589415,-0.1087221364,-0.1124212428,-0.1160488250,-0.1195945697,-0.1230465710,-0.1263944293,-0.1296326586,-0.1327628399,-0.1357935911,-0.1387385275,-0.1416134527,-0.1444344544,-0.1472180698,-0.1499834123,-0.1527544389,-0.1555583721,-0.1584141340,-0.1612954071,-0.1640597843,-0.1664321328,-0.1681338729,-0.1676794214,,
,,,0.3263287607,0.3249140640,0.3212261412,0.3163379709,0.3108734450,0.3053322493,0.2999419859,0.2947190040,0.2896129788,0.2845599597,0.2795002811,0.2743800306,0.2691472524,0.2637494640,0.2581355267,0.2522618765,0.2461005630,0.2396453412,0.2329128926,0.2259385851,0.2187686614,0.2114521382,0.2040354675,0.1965613966,0.1890712553,0.1816082077,0.1742187301,0.1669507754,0.1598488458,0.1529474616,0.1462649879,0.1397999210,0.1335317333,0.1274275685,0.1214538363,0.1155888113,0.1098308053,0.1041980138,0.0987201869,0.0934262840,0.0883337780,0.0834437617,0.0787429240,0.0742106446,0.0698279245,0.0655846660,0.0614826914,0.0575335879,0.0537525456,0.0501510283,0.0467315302,0.0434865385,0.0404017142,0.0374613621,0.0346534977,0.0319724753,0.0294186462,0.0269958959,0.0247084898,0.0225584129,0.0205437987,0.0186585986,0.0168934503,0.0152375310,0.0136808539,0.0122161485,0.0108395232,0.0095496921,0.0083463252,0.0072284916,0.0061939453,0.0052394032,0.0043614486,0.0035575349,0.0028266431,0.0021692955,0.0015868125,0.0010800013,0.0006478010,0.0002865466,-0.0000097601,-0.0002483225,-0.0004361420,-0.0005789439,-0.0006807333,-0.0007439231,-0.0007698201,-0.0007592927,-0.0007134962,-0.0006344938,-0.0005255497,-0.0003909180,-0.0002351670,-0.0000623240,0.0001247576,0.0003244965,0.0005360753,0.0007585279,0.0009898105,0.0012262607,0.0014626883,0.0016930700,0.0019115754,0.0021135385,0.0022960232,0.0024577975,0.0025987587,0.0027190611,0.0028182905,0.0028949460,0.0029463048,0.0029685812,0.0029572466,0.0029074271,0.0028143444,0.0026737542,0.0024822914,0.0022376179,0.0019383156,0.0015835273,0.0011724046,0.0007034595,0.0001739647,-0.0004204089,-0.0010855277,-0.0018281910,-0.0026550312,-0.0035711644,-0.0045790220,-0.0056778589,-0.0068643154,-0.0081340733,-0.0094841951,-0.0109153356,-0.0124328707,-0.0140462233,-0.0157663012,-0.0176018033,-0.0195558349,-0.0216243832,-0.0237975546,-0.0260633011,-0.0284122224,-0.0308414970,-0.0333563067,-0.0359681184,-0.0386904133,-0.0415334195,-0.0444997772,-0.0475827340,-0.0507676112,-0.0540361489,-0.0573722897,-0.0607673113,-0.0642222958,-0.0677468100,-0.0713540728,-0.0750542431,-0.0788482177,-0.0827242270,-0.0866585509,-0.0906200794,-0.0945767760,-0.0985011988,-0.1023727461,-0.1061760914,-0.1098973400,-0.1135205689,-0.1170269932,-0.1203974396,-0.1236170457,-0.1266800165,-0.1295922680,-0.1323707875,-0.1350400938,-0.1376275589,-0.1401598242,-0.1426618490,-0.1451586408,-0.1476779866,-0.1502506137,-0.1529019042,-0.1556248115,-0.1583071027,-0.1606981722,-0.1624875528,-0.1630673583,,
,,,0.3140089437,0.3119159095,0.3081927076,0.3034051022,0.2982310629,0.2931247527,0.2882591423,0.2836231457,0.2791553454,0.2747847091,0.2704430756,0.2660639252,0.2615776012,0.2569090175,0.2519809849,0.2467232720,0.2410844610,0.2350418585,0.2286052829,0.2218132259,0.2147232364,0.2074007299,0.1999106903,0.1923147827,0.1846731940,0.1770478448,0.1695031087,0.1621020768,0.1548992678,0.1479325798,0.1412174554,0.1347453823,0.1284878531,0.1224057230,0.1164620364,0.1106342650,0.1049210954,0.0993407233,0.0939214886,0.0886893024,0.0836574979,0.0788230394,0.0741698221,0.0696768556,0.0653275646,0.0611164312,0.0570504998,0.0531453883,0.0494177064,0.0458772737,0.0425225220,0.0393408908,0.0363136363,0.0334225287,0.0306553853,0.0280083954,0.0254849552,0.0230921796,0.0208367808,0.0187217110,0.0167443694,0.0148966655,0.0131668062,0.0115422273,0.0100126337,0.0085719634,0.0072184958,0.0059532055,0.0047773131,0.0036902838,0.0026891202,0.0017690328,0.0009249512,0.0001531174,-0.0005478908,-0.0011770992,-0.0017321047,-0.0022107481,-0.0026128273,-0.0029411183,-0.0032012818,-0.0034007759,-0.0035473200,-0.0036475272,-0.0037060957,-0.0037256590,-0.0037072220,-0.0036510342,-0.0035576723,-0.0034289870,-0.0032685328,-0.0030812418,-0.0028724321,-0.0026465664,-0.0024063219,-0.0021524186,-0.0018843334,-0.0016016514,-0.0013055102,-0.0009995306,-0.0006898296,-0.0003840994,-0.0000901120,0.0001857967,0.0004397353,0.0006704449,0.0008786573,0.0010659080,0.0012332540,0.0013803223,0.0015049228,0.0016032188,0.0016702753,0.0017007507,0.0016895335,0.0016322028,0.0015252694,0.0013662115,0.0011533365,0.0008854947,0.0005616616,0.0001804279,-0.0002605253,-0.0007648440,-0.0013376605,-0.0019853321,-0.0027146520,-0.0035315914,-0.0044398953,-0.0054400863,-0.0065294460,-0.0077032620,-0.0089571254,-0.0102895444,-0.0117038236,-0.0132082299,-0.0148140193,-0.0165318047,-0.0183676377,-0.0203205240,-0.0223826181,-0.0245422096,-0.0267883897,-0.0291155540,-0.0315259452,-0.0340291920,-0.0366389326,-0.0393676990,-0.0422218949,-0.0451987132,-0.0482862225,-0.0514668108,-0.0547229753,-0.0580434500,-0.0614272764,-0.0648839738,-0.0684293723,-0.0720783779,-0.0758372321,-0.0796981548,-0.0836384332,-0.0876242358,-0.0916173403,-0.0955816151,-0.0994863831,-0.1033057360,-0.1070153261,-0.1105895862,-0.1140018800,-0.1172281966,-0.1202529161,-0.1230740194,-0.1257053216,-0.1281746473,-0.1305186885,-0.1327767383,-0.1349858609,-0.1371791638,-0.1393872187,-0.1416410230,-0.1439733278,-0.1464130730,-0.1489651573,-0.1515439155,-0.1539234048,-0.1557679662,-0.1567884465,,
,,0.2866360476,0.2991065467,0.2967980916,0.2930464403,0.2883849651,0.2835145362,0.2788401212,0.2744865186,0.2704275478,0.2665975474,0.2629227338,0.2593292075,0.2557399390,0.2520693919,0.2482212181,0.2440922914,0.2395835746,0.2346150134,0.2291393001,0.2231493828,0.2166770967,0.2097840141,0.2025487557,0.1950560336,0.1873909916,0.1796387722,0.1718858256,0.1642185871,0.1567173778,0.1494469806,0.1424477027,0.1357306327,0.1292790430,0.1230559433,0.1170162420,0.1111205644,0.1053466226,0.0996941086,0.0941811951,0.0888342683,0.0836755481,0.0787139667,0.0739428006,0.0693442950,0.0648985995,0.0605928794,0.0564267825,0.0524121645,0.0485674067,0.0449088970,0.0414433964,0.0381645534,0.0350548848,0.0320920372,0.0292563217,0.0265362953,0.0239304799,0.0214452495,0.0190903624,0.0168740590,0.0147993049,0.0128621319,0.0110523922,0.0093565748,0.0077616554,0.0062584987,0.0048434587,0.0035176043,0.0022841038,0.0011451131,0.0000996043,-0.0008570596,-0.0017318884,-0.0025321212,-0.0032631279,-0.0039271223,-0.0045230926,-0.0050479289,-0.0054983188,-0.0058726859,-0.0061724325,-0.0064020687,-0.0065683081,-0.0066786002,-0.0067396704,-0.0067564974,-0.0067319461,-0.0066671001,-0.0065621893,-0.0064178276,-0.0062361107,-0.0060210960,-0.0057783933,-0.0055139793,-0.0052327127,-0.0049371972,-0.0046275270,-0.0043021098,-0.0039593125,-0.0035993011,-0.0032253145,-0.0028438312,-0.0024635497,-0.0020935902,-0.0017415947,-0.0014123852,-0.0011075833,-0.0008262366,-0.0005661574,-0.0003254671,-0.0001038278,0.0000969881,0.0002732567,0.0004199899,0.0005318025,0.0006036268,0.0006310983,0.0006106359,0.0005393652,0.0004150192,0.0002358456,0.0000004555,-0.0002924628,-0.0006445822,-0.0010584680,-0.0015380540,-0.0020888264,-0.0027174408,-0.0034306359,-0.0042336420,-0.0051286674,-0.0061142135,-0.0071857692,-0.0083379046,-0.0095671537,-0.0108745853,-0.0122668533,-0.0137549600,-0.0153508992,-0.0170634000,-0.0188945851,-0.0208390838,-0.0228861159,-0.0250237975,-0.0272440166,-0.0295459992,-0.0319371526,-0.0344307484,-0.0370411555,-0.0397782765,-0.0426432241,-0.0456269707,-0.0487127792,-0.0518818810,-0.0551205055,-0.0584255071,-0.0618060505,-0.0652802013,-0.0688673157,-0.0725789080,-0.0764113923,-0.0803434109,-0.0843385501,-0.0883518761,-0.0923370578,-0.0962509401,-0.1000543573,-0.1037105473,-0.1071840125,-0.1104421402,-0.1134598781,-0.1162256818,-0.1187460017,-0.1210460937,-0.1231664905,-0.1251563102,-0.1270658744,-0.1289412403,-0.1308221895,-0.1327435656,-0.1347383725,-0.1368398448,-0.1390780266,-0.1414644298,-0.1439367792,-0.1462938820,-0.1481886255,-0.1493576250,-0.1432064504,
,,0.2778121770,0.2826107352,0.2801037265,0.2762769682,0.2717410383,0.2671587851,0.2628789199,0.2589879202,0.2554543533,0.2522142783,0.2491956021,0.2463227252,0.2435123571,0.2406675863,0.2376750497,0.2344086459,0.2307409003,0.2265597883,0.2217860427,0.2163853019,0.2103713041,0.2037998615,0.1967569130,0.1893458404,0.1816783310,0.1738697493,0.1660363417,0.1582903112,0.1507308676,0.1434330896,0.1364389156,0.1297542367,0.1233536518,0.1171917717,0.1112181131,0.1053916685,0.0996910849,0.0941174001,0.0886886910,0.0834290941,0.0783569539,0.0734770381,0.0687797049,0.0642466986,0.0598604486,0.0556125299,0.0515076261,0.0475614549,0.0437937119,0.0402191365,0.0368405302,0.0336466563,0.0306157695,0.0277230263,0.0249484404,0.0222821371,0.0197252435,0.0172867844,0.0149783536,0.0128086846,0.0107798407,0.0088860437,0.0071153455,0.0054534500,0.0038881891,0.0024128470,0.0010270042,-0.0002653085,-0.0014591422,-0.0025521774,-0.0035467874,-0.0044499524,-0.0052713474,-0.0060205824,-0.0067047052,-0.0073267808,-0.0078858884,-0.0083783962,-0.0087999905,-0.0091477227,-0.0094213919,-0.0096238830,-0.0097605103,-0.0098377419,-0.0098617978,-0.0098375486,-0.0097680072,-0.0096545500,-0.0094978032,-0.0092988851,-0.0090605031,-0.0087873986,-0.0084858700,-0.0081624997,-0.0078225679,-0.0074688069,-0.0071010592,-0.0067170902,-0.0063143447,-0.0058920109,-0.0054525654,-0.0050021488,-0.0045496160,-0.0041046511,-0.0036756811,-0.0032683220,-0.0028848248,-0.0025245982,-0.0021855294,-0.0018655977,-0.0015642261,-0.0012829603,-0.0010253425,-0.0007961750,-0.0006005906,-0.0004433584,-0.0003286354,-0.0002600736,-0.0002409995,-0.0002744281,-0.0003628865,-0.0005082192,-0.0007116006,-0.0009738884,-0.0012963070,-0.0016812891,-0.0021331434,-0.0026581167,-0.0032635358,-0.0039561000,-0.0047399025,-0.0056150780,-0.0065778659,-0.0076223630,-0.0087435137,-0.0099402368,-0.0112173091,-0.0125849327,-0.0140558279,-0.0156408623,-0.0173450300,-0.0191655557,-0.0210930157,-0.0231151219,-0.0252217659,-0.0274094332,-0.0296832730,-0.0320558821,-0.0345430230,-0.0371576842,-0.0399046464,-0.0427777533,-0.0457612980,-0.0488354858,-0.0519842160,-0.0552021272,-0.0584977256,-0.0618907806,-0.0654045073,-0.0690552694,-0.0728435858,-0.0767496543,-0.0807346535,-0.0847466083,-0.0887278054,-0.0926206749,-0.0963707734,-0.0999278402,-0.1032471883,-0.1062930956,-0.1090439959,-0.1114975633,-0.1136732807,-0.1156109006,-0.1173648053,-0.1189958963,-0.1205635931,-0.1221203562,-0.1237099488,-0.1253690589,-0.1271306589,-0.1290266299,-0.1310859490,-0.1333227707,-0.1356939235,-0.1380258709,-0.1399892933,-0.1412807294,-0.1389658398,
,,0.2647955309,0.2650773614,0.2622879240,0.2583840678,0.2539822136,0.2496651114,0.2457268757,0.2422288644,0.2391414655,0.2364071080,0.2339597671,0.2317273474,0.2296265731,0.2275561565,0.2253926354,0.2229925872,0.2202031205,0.2168794261,0.2129050863,0.2082093943,0.2027768250,0.1966466372,0.1899041275,0.1826676747,0.1750760038,0.1672778379,0.1594229253,0.1516519127,0.1440840045,0.1368045249,0.1298566390,0.1232409121,0.1169236372,0.1108517710,0.1049703008,0.0992373083,0.0936327837,0.0881591643,0.0828342493,0.0776797526,0.0727102417,0.0679268331,0.0633178300,0.0588654201,0.0545549685,0.0503825116,0.0463571126,0.0424971636,0.0388223528,0.0353447760,0.0320629428,0.0289611545,0.0260144142,0.0231966464,0.0204886899,0.0178829248,0.0153831810,0.0130006523,0.0107478693,0.0086330320,0.0066565076,0.0048104576,0.0030815478,0.0014556205,-0.0000775768,-0.0015215554,-0.0028732539,-0.0041259618,-0.0052735741,-0.0063143044,-0.0072524107,-0.0080974723,-0.0088617852,-0.0095570648,-0.0101916866,-0.0107692794,-0.0112888949,-0.0117464570,-0.0121368684,-0.0124560602,-0.0127023984,-0.0128771518,-0.0129840622,-0.0130283052,-0.0130152339,-0.0129493003,-0.0128334863,-0.0126694441,-0.0124583157,-0.0122019076,-0.0119037005,-0.0115691970,-0.0112053783,-0.0108194151,-0.0104170905,-0.0100015317,-0.0095727811,-0.0091284846,-0.0086655636,-0.0081823123,-0.0076801142,-0.0071640768,-0.0066423283,-0.0061242825,-0.0056185699,-0.0051313884,-0.0046657821,-0.0042219734,-0.0037985196,-0.0033938306,-0.0030075105,-0.0026410816,-0.0022979106,-0.0019825020,-0.0016995993,-0.0014535727,-0.0012483253,-0.0010875747,-0.0009751158,-0.0009147383,-0.0009097706,-0.0009625279,-0.0010740407,-0.0012443217,-0.0014731989,-0.0017615092,-0.0021122250,-0.0025309528,-0.0030253425,-0.0036033557,-0.0042709318,-0.0050300364,-0.0058780827,-0.0068092385,-0.0078173534,-0.0088994632,-0.0100583857,-0.0113030888,-0.0126463617,-0.0141005416,-0.0156730331,-0.0173635435,-0.0191642658,-0.0210630406,-0.0230483808,-0.0251145192,-0.0272645410,-0.0295102171,-0.0318682908,-0.0343543408,-0.0369764406,-0.0397311925,-0.0426040941,-0.0455746731,-0.0486248110,-0.0517469830,-0.0549486986,-0.0582507363,-0.0616793183,-0.0652549369,-0.0689818531,-0.0728418362,-0.0767938033,-0.0807786083,-0.0847264705,-0.0885643005,-0.0922214750,-0.0956343863,-0.0987509859,-0.1015359660,-0.1039758320,-0.1060821042,-0.1078909566,-0.1094586463,-0.1108535370,-0.1121467535,-0.1134040153,-0.1146807110,-0.1160209780,-0.1174600629,-0.1190282348,-0.1207539803,-0.1226633549,-0.1247703553,-0.1270451213,-0.1293413150,-0.1313682787,-0.1328180966,-0.1327388658,
,,0.2482467389,0.2467403234,0.2437642487,0.2398538449,0.2356089649,0.2315369035,0.2278890721,0.2247128538,0.2219837838,0.2196532935,0.2176650247,0.2159557741,0.2144494473,0.2130487925,0.2116290253,0.2100373993,0.2081015218,0.2056463844,0.2025168276,0.1985999722,0.1938419540,0.1882550997,0.1819147314,0.1749478298,0.1675173720,0.1598055481,0.1519970656,0.1442623681,0.1367412337,0.1295292203,0.1226707135,0.1161614224,0.1099603505,0.1040080934,0.0982462906,0.0926328900,0.0871495033,0.0817998563,0.0766012193,0.0715727702,0.0667255107,0.0620574484,0.0575555244,0.0532029141,0.0489880311,0.0449109223,0.0409841037,0.0372275226,0.0336599196,0.0302903025,0.0271130940,0.0241089340,0.0212507445,0.0185124426,0.0158766673,0.0133385611,0.0109046042,0.0085875953,0.0064001125,0.0043489074,0.0024320402,0.0006395341,-0.0010428772,-0.0026284799,-0.0041249813,-0.0055324764,-0.0068447121,-0.0080529302,-0.0091505510,-0.0101367774,-0.0110178240,-0.0118055388,-0.0125142017,-0.0131568512,-0.0137424485,-0.0142746512,-0.0147522648,-0.0151708935,-0.0155250669,-0.0158101680,-0.0160237129,-0.0161658156,-0.0162389073,-0.0162469215,-0.0161942309,-0.0160846632,-0.0159209398,-0.0157047840,-0.0154376948,-0.0151220527,-0.0147620222,-0.0143637828,-0.0139349188,-0.0134831536,-0.0130148539,-0.0125338055,-0.0120407062,-0.0115336371,-0.0110094738,-0.0104658218,-0.0099027876,-0.0093238938,-0.0087357783,-0.0081468275,-0.0075653165,-0.0069977668,-0.0064480592,-0.0059175024,-0.0054057153,-0.0049119349,-0.0044362546,-0.0039803473,-0.0035474575,-0.0031417834,-0.0027676743,-0.0024291275,-0.0021298263,-0.0018735469,-0.0016644812,-0.0015070798,-0.0014053741,-0.0013621235,-0.0013782860,-0.0014531787,-0.0015854065,-0.0017743265,-0.0020215554,-0.0023318665,-0.0027128997,-0.0031735138,-0.0037212443,-0.0043598736,-0.0050882502,-0.0059010814,-0.0067916406,-0.0077554513,-0.0087934360,-0.0099130304,-0.0111265114,-0.0124470097,-0.0138837905,-0.0154387999,-0.0171059826,-0.0188737702,-0.0207299183,-0.0226669626,-0.0246862065,-0.0267985051,-0.0290211734,-0.0313718434,-0.0338614660,-0.0364893056,-0.0392423345,-0.0420999003,-0.0450423160,-0.0480600022,-0.0511590786,-0.0543604869,-0.0576924039,-0.0611785148,-0.0648262541,-0.0686188087,-0.0725129224,-0.0764423417,-0.0803251234,-0.0840725988,-0.0875984439,-0.0908272642,-0.0937025082,-0.0961931252,-0.0982977665,-0.1000452179,-0.1014904112,-0.1027064931,-0.1037745510,-0.1047733359,-0.1057713666,-0.1068230314,-0.1079689471,-0.1092394758,-0.1106595145,-0.1122523741,-0.1140400035,-0.1160349061,-0.1182155250,-0.1204575813,-0.1225075810,-0.1240650586,-0.1248706292,
,,0.2298117586,0.2279423037,0.2249469541,0.2211133632,0.2170476785,0.2132083021,0.2098137760,0.2069021008,0.2044534035,0.2024283630,0.2007822105,0.1994647388,0.1984132958,0.1975427214,0.1967361499,0.1958410803,0.1946743826,0.1930374640,0.1907395621,0.1876244035,0.1835942131,0.1786256056,0.1727739984,0.1661661489,0.1589831340,0.1514374563,0.1437478315,0.1361145380,0.1286980735,0.1216042730,0.1148789623,0.1085137215,0.1024615517,0.0966582565,0.0910435478,0.0855761731,0.0802397219,0.0750391536,0.0699910371,0.0651119828,0.0604096378,0.0558792712,0.0515067725,0.0472763199,0.0431789587,0.0392179403,0.0354082554,0.0317705603,0.0283222077,0.0250692343,0.0220026386,0.0191004517,0.0163347112,0.0136804050,0.0111227117,0.0086598049,0.0063005902,0.0040588486,0.0019463940,-0.0000321912,-0.0018815274,-0.0036136483,-0.0052433319,-0.0067825326,-0.0082362407,-0.0096014270,-0.0108693356,-0.0120299807,-0.0130769290,-0.0140105396,-0.0148385974,-0.0155743463,-0.0162328805,-0.0168273488,-0.0173662882,-0.0178527614,-0.0182851784,-0.0186591340,-0.0189694522,-0.0192118304,-0.0193838132,-0.0194850983,-0.0195173105,-0.0194833949,-0.0193867855,-0.0192305791,-0.0190170345,-0.0187476838,-0.0184240841,-0.0180488770,-0.0176266090,-0.0171638648,-0.0166686104,-0.0161489819,-0.0156119210,-0.0150620518,-0.0145011117,-0.0139281471,-0.0133405166,-0.0127354861,-0.0121119225,-0.0114714697,-0.0108187537,-0.0101605549,-0.0095043183,-0.0088566069,-0.0082220590,-0.0076031501,-0.0070007375,-0.0064150943,-0.0058469888,-0.0052983753,-0.0047724521,-0.0042731667,-0.0038045445,-0.0033702974,-0.0029739463,-0.0026192905,-0.0023107652,-0.0020532585,-0.0018513207,-0.0017081189,-0.0016246974,-0.0015999953,-0.0016317621,-0.0017181605,-0.0018595418,-0.0020596911,-0.0023258742,-0.0026673910,-0.0030929847,-0.0036080808,-0.0042130738,-0.0049035722,-0.0056727474,-0.0065150103,-0.0074295411,-0.0084220664,-0.0095038853,-0.0106883193,-0.0119859621,-0.0134007210,-0.0149283648,-0.0165583057,-0.0182781006,-0.0200790947,-0.0219610578,-0.0239338118,-0.0260148103,-0.0282231887,-0.0305723775,-0.0330642723,-0.0356877045,-0.0384224733,-0.0412478771,-0.0441524296,-0.0471404314,-0.0502320614,-0.0534563081,-0.0568390233,-0.0603901333,-0.0640939532,-0.0679050639,-0.0717503209,-0.0755361036,-0.0791591849,-0.0825194397,-0.0855326208,-0.0881413881,-0.0903227802,-0.0920907051,-0.0934929124,-0.0946030659,-0.0955095499,-0.0963032905,-0.0970670460,-0.0978682490,-0.0987565076,-0.0997655355,-0.1009180693,-0.1022317266,-0.1037236468,-0.1054114387,-0.1073063288,-0.1093929177,-0.1115648873,-0.1135940512,-0.1151777084,-0.1161751056,
,,0.2107791364,0.2090742443,0.2061718457,0.2024653459,0.1985953454,0.1949880516,0.1918293877,0.1891470659,0.1869228699,0.1851249682,0.1837199449,0.1826722260,0.1819363047,0.1814449747,0.1810972717,0.1807507273,0.1802222606,0.1793000675,0.1777658848,0.1754240534,0.1721317049,0.1678235726,0.1625256206,0.1563539504,0.1494988190,0.1421970184,0.1346981781,0.1272313161,0.1199774477,0.1130527182,0.1065045856,0.1003210783,0.0944502929,0.0888247008,0.0833835333,0.0780874253,0.0729225520,0.0678953608,0.0630218500,0.0583162269,0.0537829815,0.0494147420,0.0451961780,0.0411119327,0.0371548112,0.0333302462,0.0296548019,0.0261493317,0.0228298408,0.0196999980,0.0167484063,0.0139517114,0.0112822219,0.0087168570,0.0062437582,0.0038640788,0.0015886977,-0.0005683055,-0.0025965627,-0.0044941075,-0.0062683145,-0.0079330107,-0.0095031012,-0.0109890018,-0.0123931821,-0.0137101232,-0.0149294647,-0.0160408500,-0.0170384965,-0.0179238553,-0.0187055909,-0.0193971364,-0.0200129279,-0.0205648007,-0.0210597839,-0.0214997873,-0.0218828442,-0.0222050623,-0.0224624274,-0.0226519693,-0.0227722353,-0.0228232881,-0.0228064620,-0.0227239739,-0.0225783904,-0.0223720350,-0.0221065918,-0.0217832227,-0.0214032828,-0.0209693313,-0.0204858927,-0.0199595391,-0.0193982360,-0.0188102344,-0.0182028908,-0.0175816963,-0.0169496731,-0.0163072636,-0.0156528267,-0.0149837477,-0.0142979232,-0.0135951387,-0.0128778097,-0.0121507909,-0.0114203649,-0.0106928669,-0.0099735146,-0.0092658599,-0.0085719815,-0.0078932275,-0.0072311151,-0.0065879654,-0.0059670159,-0.0053720504,-0.0048068649,-0.0042749707,-0.0037797517,-0.0033249401,-0.0029149926,-0.0025549479,-0.0022496523,-0.0020026512,-0.0018152949,-0.0016865617,-0.0016138248,-0.0015944327,-0.0016276315,-0.0017161117,-0.0018664290,-0.0020878688,-0.0023899569,-0.0027795070,-0.0032584585,-0.0038235615,-0.0044682648,-0.0051862253,-0.0059750662,-0.0068387273,-0.0077872010,-0.0088335300,-0.0099891980,-0.0112598291,-0.0126430561,-0.0141295743,-0.0157071777,-0.0173664011,-0.0191056301,-0.0209334869,-0.0228671327,-0.0249266956,-0.0271277420,-0.0294748181,-0.0319590326,-0.0345612848,-0.0372604224,-0.0400432171,-0.0429117682,-0.0458846510,-0.0489906303,-0.0522567755,-0.0556948056,-0.0592897467,-0.0629938858,-0.0667274603,-0.0703861338,-0.0738541146,-0.0770206554,-0.0797967525,-0.0821285526,-0.0840046483,-0.0854559822,-0.0865489277,-0.0873735512,-0.0880297416,-0.0886139055,-0.0892085372,-0.0898762714,-0.0906589949,-0.0915813790,-0.0926571609,-0.0938960283,-0.0953089783,-0.0969098996,-0.0987098977,-0.1006999944,-0.1027922747,-0.1047767852,-0.1063363117,-0.1072771195,
,0.1763016416,0.1920067764,0.1904320688,0.1876188972,0.1840563669,0.1803998148,0.1770362006,0.1741131213,0.1716459917,0.1696151474,0.1679934932,0.1667568506,0.1658831720,0.1653444711,0.1650939587,0.1650517544,0.1650936917,0.1650478047,0.1647016977,0.1638216200,0.1621813590,0.1595964648,0.1559571489,0.1512520607,0.1455759765,0.1391177999,0.1321304965,0.1248897671,0.1176512720,0.1106159899,0.1039103268,0.0975833973,0.0916198609,0.0859634639,0.0805442934,0.0753022350,0.0702008774,0.0652298654,0.0603978706,0.0557209708,0.0512114979,0.0468710530,0.0426894865,0.0386496453,0.0347356425,0.0309408486,0.0272717535,0.0237457194,0.0203835769,0.0172003941,0.0141984277,0.0113651685,0.0086771914,0.0061081322,0.0036374278,0.0012562235,-0.0010317784,-0.0032144334,-0.0052780860,-0.0072143009,-0.0090238223,-0.0107164891,-0.0123074316,-0.0138112845,-0.0152368841,-0.0165846082,-0.0178472579,-0.0190138184,-0.0200743593,-0.0210241338,-0.0218655007,-0.0226072281,-0.0232616996,-0.0238412510,-0.0243550776,-0.0248077665,-0.0251996906,-0.0255286792,-0.0257919700,-0.0259875954,-0.0261148719,-0.0261741976,-0.0261666210,-0.0260935375,-0.0259565607,-0.0257573883,-0.0254975382,-0.0251781055,-0.0247998629,-0.0243638746,-0.0238724011,-0.0233295931,-0.0227415656,-0.0221158196,-0.0214603101,-0.0207825097,-0.0200886346,-0.0193830369,-0.0186677891,-0.0179426339,-0.0172055301,-0.0164538289,-0.0156857675,-0.0149017020,-0.0141045580,-0.0132993341,-0.0124919452,-0.0116879663,-0.0108918103,-0.0101066010,-0.0093346506,-0.0085781918,-0.0078399492,-0.0071232837,-0.0064319201,-0.0057695201,-0.0051394454,-0.0045449085,-0.0039894219,-0.0034772006,-0.0030131311,-0.0026021348,-0.0022481145,-0.0019529521,-0.0017160822,-0.0015349794,-0.0014065683,-0.0013291860,-0.0013043919,-0.0013377937,-0.0014383039,-0.0016158643,-0.0018784149,-0.0022293581,-0.0026666939,-0.0031843884,-0.0037756120,-0.0044366137,-0.0051695668,-0.0059829972,-0.0068893847,-0.0079008028,-0.0090243948,-0.0102596368,-0.0115986608,-0.0130297432,-0.0145428209,-0.0161349569,-0.0178134231,-0.0195947592,-0.0214997013,-0.0235456835,-0.0257398943,-0.0280760056,-0.0305364851,-0.0331001580,-0.0357522193,-0.0384923609,-0.0413370328,-0.0443140971,-0.0474511475,-0.0507610463,-0.0542289513,-0.0578044890,-0.0614014912,-0.0649062091,-0.0681930661,-0.0711448768,-0.0736727656,-0.0757307716,-0.0773217286,-0.0784937751,-0.0793294567,-0.0799308033,-0.0804038378,-0.0808452496,-0.0813330626,-0.0819222716,-0.0826455282,-0.0835179911,-0.0845446247,-0.0857278314,-0.0870733473,-0.0885923559,-0.0902969559,-0.0921852182,-0.0941903936,-0.0961242199,-0.0976642518,-0.0985674404,-0.0914429749
,0.1675424838,0.1737726810,0.1721048062,0.1693062089,0.1658980033,0.1624795661,0.1593773637,0.1566977854,0.1544442549,0.1525940464,0.1511222476,0.1500108757,0.1492482841,0.1488214249,0.1487028343,0.1488352567,0.1491179911,0.1493993246,0.1494786591,0.1491204577,0.1480801574,0.1461395777,0.1431460472,0.1390462475,0.1339044917,0.1278976628,0.1212855655,0.1143636364,0.1074109512,0.1006473506,0.0942093120,0.0881475495,0.0824432342,0.0770357214,0.0718529054,0.0668357897,0.0619516352,0.0571945222,0.0525765280,0.0481150506,0.0438215599,0.0396952514,0.0357229905,0.0318849609,0.0281635049,0.0245512325,0.0210545884,0.0176911024,0.0144815720,0.0114407517,0.0085706111,0.0058588917,0.0032833655,0.0008198552,-0.0015494242,-0.0038306726,-0.0060184137,-0.0081001276,-0.0100632556,-0.0119015091,-0.0136180389,-0.0152244780,-0.0167365316,-0.0181681118,-0.0195265141,-0.0208105638,-0.0220122428,-0.0231207911,-0.0241273966,-0.0250286375,-0.0258275804,-0.0265324349,-0.0271535505,-0.0277000818,-0.0281776570,-0.0285878404,-0.0289293127,-0.0291999332,-0.0293985804,-0.0295259783,-0.0295843720,-0.0295765342,-0.0295048259,-0.0293708163,-0.0291754662,-0.0289194931,-0.0286035483,-0.0282281829,-0.0277939072,-0.0273016104,-0.0267532565,-0.0261524586,-0.0255045657,-0.0248162296,-0.0240947214,-0.0233472852,-0.0225805852,-0.0218001167,-0.0210095224,-0.0202100369,-0.0194004830,-0.0185781063,-0.0177401003,-0.0168852237,-0.0160147989,-0.0151326804,-0.0142443152,-0.0133554413,-0.0124710542,-0.0115950306,-0.0107304073,-0.0098799924,-0.0090468895,-0.0082346542,-0.0074470680,-0.0066877574,-0.0059599621,-0.0052666454,-0.0046109119,-0.0039964675,-0.0034277695,-0.0029096204,-0.0024462501,-0.0020402365,-0.0016917875,-0.0013988547,-0.0011582705,-0.0009676752,-0.0008275588,-0.0007424963,-0.0007208327,-0.0007726769,-0.0009068629,-0.0011281033,-0.0014356124,-0.0018239541,-0.0022859733,-0.0028167289,-0.0034167679,-0.0040931930,-0.0048578499,-0.0057232423,-0.0066978469,-0.0077828355,-0.0089717060,-0.0102532249,-0.0116167817,-0.0130581564,-0.0145832467,-0.0162078568,-0.0179531430,-0.0198382055,-0.0218727380,-0.0240529616,-0.0263630245,-0.0287819149,-0.0312934254,-0.0338949369,-0.0366007589,-0.0394376990,-0.0424335324,-0.0456016752,-0.0489266431,-0.0523547747,-0.0557936284,-0.0591216175,-0.0622067422,-0.0649301741,-0.0672082910,-0.0690069764,-0.0703447781,-0.0712854438,-0.0719233957,-0.0723667199,-0.0727214596,-0.0730795023,-0.0735110815,-0.0740621441,-0.0747562824,-0.0756003302,-0.0765920877,-0.0777282473,-0.0790105623,-0.0804483683,-0.0820550696,-0.0838351774,-0.0857437218,-0.0876231444,-0.0891777052,-0.0901448410,-0.0874076896
,0.1547414517,0.1558221462,0.1539373212,0.1511417939,0.1479218176,0.1447691947,0.1419417197,0.1395105571,0.1374701972,0.1357952258,0.1344614883,0.1334544240,0.1327689610,0.1324026858,0.1323436718,0.1325553304,0.1329616442,0.1334364984,0.1338006444,0.1338293883,0.1332731998,0.1318913139,0.1294943877,0.1259870527,0.1213973582,0.1158809237,0.1096946759,0.1031460098,0.0965326340,0.0900911569,0.0839676647,0.0782145674,0.0728095467,0.0676872714,0.0627729709,0.0580083904,0.0533644982,0.0488404881,0.0444531582,0.0402228688,0.0361616869,0.0322672167,0.0285233075,0.0249067196,0.0213968565,0.0179843608,0.0146746944,0.0114850912,0.0084364229,0.0055437885,0.0028099309,0.0002240417,-0.0022338945,-0.0045853243,-0.0068453336,-0.0090181088,-0.0110973477,-0.0130710403,-0.0149282023,-0.0166645745,-0.0182850450,-0.0198020769,-0.0212310625,-0.0225847068,-0.0238688409,-0.0250813061,-0.0262140946,-0.0272575111,-0.0282044284,-0.0290529568,-0.0298067178,-0.0304729369,-0.0310593810,-0.0315715180,-0.0320110775,-0.0323764972,-0.0326648556,-0.0328742404,-0.0330053899,-0.0330619027,-0.0330490767,-0.0329721118,-0.0328346548,-0.0326383383,-0.0323832997,-0.0320691102,-0.0316954740,-0.0312624647,-0.0307705350,-0.0302206631,-0.0296147299,-0.0289558959,-0.0282486897,-0.0274987591,-0.0267124758,-0.0258965861,-0.0250578644,-0.0242025521,-0.0233354773,-0.0224591195,-0.0215731771,-0.0206751104,-0.0197616370,-0.0188305866,-0.0178822720,-0.0169197893,-0.0159482432,-0.0149734217,-0.0140006242,-0.0130341303,-0.0120773712,-0.0111334968,-0.0102058951,-0.0092983540,-0.0084148282,-0.0075590243,-0.0067341030,-0.0059427144,-0.0051873926,-0.0044711141,-0.0037976835,-0.0031716146,-0.0025973915,-0.0020783310,-0.0016155638,-0.0012077389,-0.0008518423,-0.0005450465,-0.0002869451,-0.0000811654,0.0000645424,0.0001400383,0.0001358061,0.0000460480,-0.0001294967,-0.0003859393,-0.0007158931,-0.0011134463,-0.0015777967,-0.0021148606,-0.0027359549,-0.0034539411,-0.0042783958,-0.0052118661,-0.0062489103,-0.0073785870,-0.0085896977,-0.0098768407,-0.0112447093,-0.0127084981,-0.0142897684,-0.0160090863,-0.0178783055,-0.0198958207,-0.0220472017,-0.0243115746,-0.0266715782,-0.0291227387,-0.0316777277,-0.0343626197,-0.0372052899,-0.0402191199,-0.0433870599,-0.0466514280,-0.0499137548,-0.0530465354,-0.0559150937,-0.0584038545,-0.0604390998,-0.0620013760,-0.0631248283,-0.0638855983,-0.0643844839,-0.0647292620,-0.0650202560,-0.0653405272,-0.0657506750,-0.0662877924,-0.0669680839,-0.0677924687,-0.0687540313,-0.0698457187,-0.0710664996,-0.0724241917,-0.0739328337,-0.0756013741,-0.0774027087,-0.0792124895,-0.0807845067,-0.0818687665,-0.0815141840
,0.1385757586,0.1377304416,0.1357265670,0.1330205674,0.1300387066,0.1271704296,0.1246178989,0.1224290061,0.1205935943,0.1190854752,0.1178813223,0.1169683878,0.1163449430,0.1160147081,0.1159762797,0.1162093216,0.1166600162,0.1172286117,0.1177621545,0.1180559818,0.1178678289,0.1169471705,0.1150783079,0.1121289837,0.1080898816,0.1030889109,0.0973708300,0.0912458150,0.0850233554,0.0789531147,0.0731897253,0.0677876835,0.0627218025,0.0579221368,0.0533106021,0.0488286673,0.0444502379,0.0401796303,0.0360393087,0.0320541779,0.0282385396,0.0245895496,0.0210884242,0.0177081895,0.0144245877,0.0112254863,0.0081147328,0.0051089755,0.0022292799,-0.0005084082,-0.0030998183,-0.0055535164,-0.0078867287,-0.0101180179,-0.0122601158,-0.0143159343,-0.0162792082,-0.0181390851,-0.0198863135,-0.0215182344,-0.0230405804,-0.0244655848,-0.0258074525,-0.0270772626,-0.0282795003,-0.0294115658,-0.0304661861,-0.0314353797,-0.0323141080,-0.0331021316,-0.0338035338,-0.0344243979,-0.0349698341,-0.0354417301,-0.0358382061,-0.0361549503,-0.0363877533,-0.0365350452,-0.0365992758,-0.0365865476,-0.0365047278,-0.0363609740,-0.0361598431,-0.0359027668,-0.0355888843,-0.0352165140,-0.0347843895,-0.0342921975,-0.0337405518,-0.0331308295,-0.0324651577,-0.0317465244,-0.0309788383,-0.0301668602,-0.0293160864,-0.0284326494,-0.0275231202,-0.0265939685,-0.0256505815,-0.0246961356,-0.0237309408,-0.0227528094,-0.0217584950,-0.0207456224,-0.0197142133,-0.0186671362,-0.0176094050,-0.0165468356,-0.0154848030,-0.0144276475,-0.0133788359,-0.0123415685,-0.0113193560,-0.0103162035,-0.0093363366,-0.0083836799,-0.0074614181,-0.0065719122,-0.0057170650,-0.0048990006,-0.0041207120,-0.0033862540,-0.0027002085,-0.0020665205,-0.0014872129,-0.0009617077,-0.0004873278,-0.0000610370,0.0003181949,0.0006474812,0.0009195924,0.0011244480,0.0012520791,0.0012958930,0.0012548239,0.0011333055,0.0009388435,0.0006780224,0.0003526021,-0.0000424934,-0.0005182169,-0.0010876954,-0.0017612732,-0.0025424079,-0.0034262814,-0.0044019848,-0.0054577286,-0.0065871560,-0.0077940820,-0.0090933366,-0.0105068840,-0.0120564343,-0.0137554257,-0.0156037907,-0.0175880828,-0.0196875359,-0.0218840736,-0.0241721395,-0.0265635728,-0.0290841988,-0.0317618930,-0.0346093162,-0.0376069330,-0.0406925722,-0.0437624927,-0.0466857251,-0.0493288538,-0.0515839703,-0.0533906692,-0.0547452251,-0.0556955026,-0.0563256101,-0.0567369240,-0.0570312136,-0.0572987167,-0.0576113209,-0.0580197454,-0.0585537029,-0.0592245637,-0.0600302494,-0.0609617579,-0.0620101495,-0.0631724431,-0.0644547028,-0.0658702685,-0.0674299381,-0.0691179656,-0.0708361901,-0.0723848680,-0.0735390634,-0.0740808217
,0.1206192666,0.1193551469,0.1174014681,0.1148850980,0.1121764074,0.1095934381,0.1073016681,0.1053366842,0.1036876356,0.1023301623,0.1012430554,0.1004151781,0.0998462778,0.0995427387,0.0995089556,0.0997355055,0.1001858054,0.1007832345,0.1014011879,0.1018596110,0.1019328118,0.1013731612,0.0999517050,0.0975092762,0.0940032328,0.0895310275,0.0843172103,0.0786645027,0.0728850346,0.0672356416,0.0618773134,0.0568671156,0.0521784756,0.0477378623,0.0434637683,0.0392963092,0.0352109973,0.0312164524,0.0273409089,0.0236147642,0.0200559242,0.0166623997,0.0134136856,0.0102795064,0.0072319861,0.0042560381,0.0013536636,-0.0014592247,-0.0041613530,-0.0067357437,-0.0091763138,-0.0114891362,-0.0136885732,-0.0157905002,-0.0178057611,-0.0197366070,-0.0215773590,-0.0233185789,-0.0249525630,-0.0264776312,-0.0278994646,-0.0292291628,-0.0304790938,-0.0316584770,-0.0327706383,-0.0338130035,-0.0347795658,-0.0356644608,-0.0364649194,-0.0371823454,-0.0378212267,-0.0383865701,-0.0388811474,-0.0393038626,-0.0396499972,-0.0399132297,-0.0400885371,-0.0401747202,-0.0401754760,-0.0400985607,-0.0399534006,-0.0397481935,-0.0394877638,-0.0391730271,-0.0388020677,-0.0383720369,-0.0378808341,-0.0373279185,-0.0367142621,-0.0360418930,-0.0353134846,-0.0345321763,-0.0337015782,-0.0328258555,-0.0319098367,-0.0309590798,-0.0299797355,-0.0289780046,-0.0279591504,-0.0269263822,-0.0258802052,-0.0248187650,-0.0237392263,-0.0226396324,-0.0215203752,-0.0203846132,-0.0192375491,-0.0180850638,-0.0169324549,-0.0157838497,-0.0146424270,-0.0135111379,-0.0123934046,-0.0112933727,-0.0102155995,-0.0091643865,-0.0081431359,-0.0071540850,-0.0061986018,-0.0052779598,-0.0043942385,-0.0035508338,-0.0027521627,-0.0020025409,-0.0013047180,-0.0006588840,-0.0000628718,0.0004862623,0.0009898437,0.0014454866,0.0018464195,0.0021827587,0.0024443697,0.0026241878,0.0027205659,0.0027374993,0.0026823909,0.0025620975,0.0023788950,0.0021282290,0.0017994434,0.0013793693,0.0008573410,0.0002294991,-0.0004995775,-0.0013188931,-0.0022162402,-0.0031846701,-0.0042274791,-0.0053592750,-0.0066022110,-0.0079785718,-0.0095026142,-0.0111751270,-0.0129833403,-0.0149068341,-0.0169275512,-0.0190398038,-0.0212553602,-0.0236000110,-0.0261011883,-0.0287699794,-0.0315836905,-0.0344758992,-0.0373392855,-0.0400425630,-0.0424574692,-0.0444871439,-0.0460860563,-0.0472651855,-0.0480826368,-0.0486255029,-0.0489905887,-0.0492695268,-0.0495400532,-0.0498623071,-0.0502781138,-0.0508118722,-0.0514727319,-0.0522582679,-0.0531596186,-0.0541674005,-0.0552771414,-0.0564926103,-0.0578249846,-0.0592845839,-0.0608612489,-0.0624735880,-0.0639536687,-0.0651000162,-0.0658447613
,0.1019824397,0.1007881457,0.0989922789,0.0967195773,0.0942929066,0.0919823609,0.0899292640,0.0881634926,0.0866763314,0.0854476451,0.0844600836,0.0837048990,0.0831828516,0.0829011059,0.0828664663,0.0830756235,0.0835035030,0.0840910713,0.0847344623,0.0852785536,0.0855198988,0.0852246673,0.0841646134,0.0821668912,0.0791639883,0.0752240456,0.0705453849,0.0654127977,0.0601300471,0.0549529512,0.0500450052,0.0454658357,0.0411895488,0.0371412147,0.0332369437,0.0294151203,0.0256515653,0.0219577742,0.0183668385,0.0149145401,0.0116230394,0.0084923589,0.0055016160,0.0026184728,-0.0001876352,-0.0029342142,-0.0056209343,-0.0082326829,-0.0107481461,-0.0131495016,-0.0154290506,-0.0175906190,-0.0196460403,-0.0216089199,-0.0234886492,-0.0252871656,-0.0269995180,-0.0286175370,-0.0301346292,-0.0315494509,-0.0328669510,-0.0340965587,-0.0352485448,-0.0363303146,-0.0373443056,-0.0382883105,-0.0391578409,-0.0399492130,-0.0406618094,-0.0412984921,-0.0418640795,-0.0423627069,-0.0427953781,-0.0431589009,-0.0434467469,-0.0436514949,-0.0437678315,-0.0437948799,-0.0437369262,-0.0436022542,-0.0434005426,-0.0431398757,-0.0428246034,-0.0424548809,-0.0420278978,-0.0415400010,-0.0409886250,-0.0403732685,-0.0396954216,-0.0389578726,-0.0381639646,-0.0373171670,-0.0364210335,-0.0354794156,-0.0344967339,-0.0334781144,-0.0324292159,-0.0313556429,-0.0302620135,-0.0291510138,-0.0280229489,-0.0268761939,-0.0257085256,-0.0245188083,-0.0233082535,-0.0220806744,-0.0208416762,-0.0195972644,-0.0183525871,-0.0171113852,-0.0158763037,-0.0146497701,-0.0134348808,-0.0122357905,-0.0110574097,-0.0099045924,-0.0087812412,-0.0076897823,-0.0066313012,-0.0056063381,-0.0046159948,-0.0036627667,-0.0027505517,-0.0018836842,-0.0010654174,-0.0002967015,0.0004239116,0.0010989336,0.0017296573,0.0023140168,0.0028457390,0.0033153850,0.0037130096,0.0040313899,0.0042684269,0.0044275451,0.0045156742,0.0045394606,0.0045012826,0.0043969273,0.0042161668,0.0039461924,0.0035765370,0.0031033735,0.0025312129,0.0018709794,0.0011348896,0.0003300288,-0.0005466322,-0.0015093397,-0.0025798652,-0.0037802076,-0.0051245832,-0.0066141145,-0.0082367649,-0.0099731237,-0.0118061793,-0.0137310599,-0.0157598756,-0.0179180310,-0.0202315688,-0.0227090442,-0.0253244276,-0.0280082998,-0.0306525780,-0.0331294445,-0.0353193435,-0.0371384331,-0.0385555518,-0.0395933999,-0.0403157540,-0.0408078921,-0.0411582446,-0.0414461631,-0.0417364161,-0.0420782021,-0.0425060107,-0.0430408124,-0.0436914719,-0.0444570065,-0.0453301520,-0.0463020154,-0.0473668986,-0.0485258323,-0.0497867448,-0.0511578701,-0.0526310679,-0.0541353700,-0.0555234583,-0.0566133928,-0.0573371053
,0.0832050466,0.0821367259,0.0805406830,0.0785277061,0.0763780801,0.0743248287,0.0724906737,0.0709026498,0.0695556703,0.0684352899,0.0675293148,0.0668323435,0.0663465482,0.0660794036,0.0660383907,0.0662229897,0.0666147452,0.0671664488,0.0677918615,0.0683584646,0.0686875540,0.0685673277,0.0677830865,0.0661624758,0.0636242200,0.0602115498,0.0560930800,0.0515261424,0.0467943963,0.0421426741,0.0377312296,0.0336210208,0.0297887276,0.0261610038,0.0226539476,0.0192051188,0.0157900879,0.0124217451,0.0091363677,0.0059739189,0.0029605006,0.0000988305,-0.0026308924,-0.0052612769,-0.0078239424,-0.0103376894,-0.0128033490,-0.0152066086,-0.0175264254,-0.0197445869,-0.0218522971,-0.0238516952,-0.0257526586,-0.0275670337,-0.0293031013,-0.0309625666,-0.0325409993,-0.0340310535,-0.0354266810,-0.0367263444,-0.0379339131,-0.0390570731,-0.0401041975,-0.0410812443,-0.0419901268,-0.0428291966,-0.0435954034,-0.0442869027,-0.0449047491,-0.0454528410,-0.0459361709,-0.0463582557,-0.0467190153,-0.0470141585,-0.0472364266,-0.0473781835,-0.0474342709,-0.0474039924,-0.0472914916,-0.0471044182,-0.0468514020,-0.0465393177,-0.0461714200,-0.0457470592,-0.0452629539,-0.0447152909,-0.0441016338,-0.0434218869,-0.0426781574,-0.0418739028,-0.0410129786,-0.0400990699,-0.0391356665,-0.0381264151,-0.0370755159,-0.0359878527,-0.0348686935,-0.0337229954,-0.0325545277,-0.0313651706,-0.0301547760,-0.0289218158,-0.0276646933,-0.0263832168,-0.0250795831,-0.0237584136,-0.0224258335,-0.0210880432,-0.0197500540,-0.0184151501,-0.0170852772,-0.0157620982,-0.0144481326,-0.0131473749,-0.0118650798,-0.0106068369,-0.0093773902,-0.0081797615,-0.0070151076,-0.0058834226,-0.0047847875,-0.0037205345,-0.0026936514,-0.0017081202,-0.0007674893,0.0001264958,0.0009743100,0.0017776802,0.0025375794,0.0032521749,0.0039158517,0.0045199636,0.0050551506,0.0055143094,0.0058949196,0.0061995806,0.0064342874,0.0066049785,0.0067138008,0.0067568549,0.0067246399,0.0066052150,0.0063888165,0.0060719314,0.0056589296,0.0051602545,0.0045875645,0.0039476308,0.0032376200,0.0024440851,0.0015465098,0.0005242195,-0.0006361333,-0.0019357234,-0.0033636662,-0.0049025461,-0.0065375430,-0.0082653665,-0.0100984298,-0.0120608607,-0.0141760262,-0.0164491095,-0.0188512313,-0.0213122391,-0.0237270073,-0.0259752476,-0.0279489948,-0.0295778888,-0.0308428273,-0.0317738817,-0.0324355726,-0.0329073534,-0.0332670838,-0.0335815184,-0.0339034553,-0.0342726889,-0.0347178513,-0.0352576399,-0.0359014819,-0.0366505060,-0.0374996287,-0.0384409340,-0.0394677957,-0.0405785064,-0.0417773798,-0.0430698316,-0.0444480606,-0.0458484215,-0.0471387114,-0.0481540072,-0.0488315114
,0.0643866037,0.0634596949,0.0620746796,0.0603249174,0.0584493474,0.0566468928,0.0550232059,0.0536032071,0.0523856668,0.0513619967,0.0505253968,0.0498742269,0.0494125941,0.0491485970,0.0490899910,0.0492374202,0.0495759557,0.0500659480,0.0506343532,0.0511683510,0.0515145621,0.0514886841,0.0508997829,0.0495887416,0.0474719911,0.0445741841,0.0410333369,0.0370719020,0.0329425246,0.0288684767,0.0249994689,0.0213948841,0.0180348441,0.0148505859,0.0117615209,0.0087066859,0.0056620557,0.0026410103,-0.0003188328,-0.0031752434,-0.0058993536,-0.0084857358,-0.0109519459,-0.0133290215,-0.0156477539,-0.0179268285,-0.0201675166,-0.0223561973,-0.0244723862,-0.0264979682,-0.0284236383,-0.0302505031,-0.0319871492,-0.0336442218,-0.0352291910,-0.0367434690,-0.0381827380,-0.0395398585,-0.0408087140,-0.0419871776,-0.0430780040,-0.0440874872,-0.0450227272,-0.0458889099,-0.0466878903,-0.0474186410,-0.0480791550,-0.0486686867,-0.0491891075,-0.0496446596,-0.0500402147,-0.0503788934,-0.0506602313,-0.0508798258,-0.0510306840,-0.0511056837,-0.0511000886,-0.0510131211,-0.0508480581,-0.0506109088,-0.0503082263,-0.0499449044,-0.0495228044,-0.0490407124,-0.0484955449,-0.0478841716,-0.0472050133,-0.0464587807,-0.0456482062,-0.0447771089,-0.0438493924,-0.0428685039,-0.0418375464,-0.0407598284,-0.0396393881,-0.0384810727,-0.0372900354,-0.0360708413,-0.0348265711,-0.0335583307,-0.0322654354,-0.0309463001,-0.0295997790,-0.0282264708,-0.0268294584,-0.0254141494,-0.0239872481,-0.0225552648,-0.0211231808,-0.0196938500,-0.0182684150,-0.0168475524,-0.0154329394,-0.0140282098,-0.0126389248,-0.0112715753,-0.0099320856,-0.0086244934,-0.0073504005,-0.0061094647,-0.0049007249,-0.0037241120,-0.0025813482,-0.0014757343,-0.0004109514,0.0006103904,0.0015875272,0.0025210657,0.0034114131,0.0042569342,0.0050528748,0.0057917467,0.0064651599,0.0070663808,0.0075924773,0.0080449778,0.0084285277,0.0087479377,0.0090048742,0.0091957844,0.0093122000,0.0093434913,0.0092809750,0.0091215780,0.0088693222,0.0085336995,0.0081252765,0.0076501786,0.0071058532,0.0064802221,0.0057549475,0.0049116585,0.0039385565,0.0028345212,0.0016087534,0.0002757070,-0.0011529552,-0.0026759854,-0.0043057389,-0.0060639906,-0.0079702411,-0.0100258992,-0.0122004022,-0.0144257951,-0.0166039455,-0.0186258561,-0.0203970989,-0.0218599710,-0.0230039832,-0.0238617272,-0.0244938975,-0.0249711855,-0.0253600659,-0.0257156045,-0.0260803591,-0.0264863731,-0.0269574469,-0.0275103003,-0.0281547193,-0.0288936020,-0.0297238746,-0.0306387502,-0.0316311213,-0.0326971109,-0.0338378659,-0.0350560931,-0.0363438250,-0.0376435282,-0.0388361565,-0.0397728659,-0.0403977344
,0.0455560071,0.0447775211,0.0436117460,0.0421335776,0.0405399480,0.0389956120,0.0375890726,0.0363428275,0.0352587088,0.0343329334,0.0335631847,0.0329511599,0.0325030334,0.0322279648,0.0321342781,0.0322234848,0.0324830208,0.0328787995,0.0333485956,0.0337974751,0.0340974755,0.0340950788,0.0336300767,0.0325662108,0.0308273403,0.0284261644,0.0254712723,0.0221456067,0.0186621453,0.0152129008,0.0119291354,0.0088642603,0.0060012173,0.0032780607,0.0006210498,-0.0020260555,-0.0046850481,-0.0073420388,-0.0099594995,-0.0124949477,-0.0149183867,-0.0172222789,-0.0194213662,-0.0215437322,-0.0236177328,-0.0256606206,-0.0276733264,-0.0296426516,-0.0315487517,-0.0333738990,-0.0351087223,-0.0367538801,-0.0383173392,-0.0398091540,-0.0412363329,-0.0425999402,-0.0438953166,-0.0451148478,-0.0462517131,-0.0473028713,-0.0482701121,-0.0491589585,-0.0499761507,-0.0507269999,-0.0514138563,-0.0520363000,-0.0525927608,-0.0530825631,-0.0535072518,-0.0538704886,-0.0541765779,-0.0544283816,-0.0546256913,-0.0547648941,-0.0548401092,-0.0548452494,-0.0547760622,-0.0546313177,-0.0544127700,-0.0541240524,-0.0537690353,-0.0533503280,-0.0528685021,-0.0523222963,-0.0517096378,-0.0510289728,-0.0502803015,-0.0494654927,-0.0485878088,-0.0476509532,-0.0466581837,-0.0456119913,-0.0445145125,-0.0433683768,-0.0421773991,-0.0409465970,-0.0396814220,-0.0383865547,-0.0370648487,-0.0357169214,-0.0343415898,-0.0329370118,-0.0315021384,-0.0300379744,-0.0285481978,-0.0270388871,-0.0255174024,-0.0239907712,-0.0224641712,-0.0209401501,-0.0194189986,-0.0179001948,-0.0163842845,-0.0148742974,-0.0133760055,-0.0118968996,-0.0104443527,-0.0090237751,-0.0076375496,-0.0062852091,-0.0049647736,-0.0036746119,-0.0024149076,-0.0011880163,0.0000023860,0.0011527710,0.0022609090,0.0033259847,0.0043475951,0.0053242236,0.0062520997,0.0071251709,0.0079363455,0.0086795185,0.0093514485,0.0099525093,0.0104857724,0.0109546550,0.0113601523,0.0116990231,0.0119639568,0.0121458417,0.0122372411,0.0122355403,0.0121442453,0.0119715957,0.0117267671,0.0114151031,0.0110344822,0.0105746543,0.0100201251,0.0093555004,0.0085709892,0.0076656130,0.0066465825,0.0055248413,0.0043083978,0.0029963359,0.0015767765,0.0000310823,-0.0016557705,-0.0034816968,-0.0054161463,-0.0073964209,-0.0093350216,-0.0111371577,-0.0127228639,-0.0140454540,-0.0150993164,-0.0159150602,-0.0165458100,-0.0170515352,-0.0174873065,-0.0178978360,-0.0183172161,-0.0187711426,-0.0192791693,-0.0198557708,-0.0205102549,-0.0212463237,-0.0220622445,-0.0229522672,-0.0239093414,-0.0249284105,-0.0260085319,-0.0271504604,-0.0283462068,-0.0295439507,-0.0306371923,-0.0314930191,-0.0320628504
,0.0267185200,0.0260973122,0.0251637631,0.0239737010,0.0226805284,0.0214137062,0.0202438207,0.0191900719,0.0182558808,0.0174404516,0.0167443067,0.0161714363,0.0157297438,0.0154296364,0.0152804182,0.0152848519,0.0154329573,0.0156962271,0.0160231231,0.0163365524,0.0165345290,0.0164962446,0.0160961438,0.0152266977,0.0138258671,0.0118998744,0.0095301593,0.0068582301,0.0040517834,0.0012640401,-0.0013993861,-0.0038960454,-0.0062420207,-0.0084913211,-0.0107078436,-0.0129397360,-0.0152041420,-0.0174858853,-0.0197482883,-0.0219502293,-0.0240621795,-0.0260754165,-0.0280018976,-0.0298660672,-0.0316928421,-0.0334970966,-0.0352787404,-0.0370246113,-0.0387153521,-0.0403336555,-0.0418703094,-0.0433259588,-0.0447085481,-0.0460281480,-0.0472917070,-0.0484999642,-0.0496475383,-0.0507257089,-0.0517263433,-0.0526451861,-0.0534832470,-0.0542459479,-0.0549406297,-0.0555736559,-0.0561484281,-0.0566650987,-0.0571218843,-0.0575170959,-0.0578507422,-0.0581249033,-0.0583427789,-0.0585069985,-0.0586181100,-0.0586740165,-0.0586705936,-0.0586031080,-0.0584677059,-0.0582623099,-0.0579866472,-0.0576415673,-0.0572280897,-0.0567466697,-0.0561970098,-0.0555784523,-0.0548907137,-0.0541345757,-0.0533121896,-0.0524268217,-0.0514821023,-0.0504810949,-0.0494256589,-0.0483165293,-0.0471541940,-0.0459401588,-0.0446778737,-0.0433727069,-0.0420308712,-0.0406577975,-0.0392567417,-0.0378282626,-0.0363707736,-0.0348819189,-0.0333602504,-0.0318066353,-0.0302249471,-0.0286218023,-0.0270053616,-0.0253835010,-0.0237619564,-0.0221432089,-0.0205267232,-0.0189105928,-0.0172939203,-0.0156788180,-0.0140710654,-0.0124791200,-0.0109119388,-0.0093765550,-0.0078764167,-0.0064111594,-0.0049778849,-0.0035733432,-0.0021959981,-0.0008470372,0.0004700263,0.0017507554,0.0029912964,0.0041891348,0.0053427636,0.0064505804,0.0075097558,0.0085158036,0.0094631876,0.0103467358,0.0111631593,0.0119118335,0.0125942790,0.0132124279,0.0137664458,0.0142532351,0.0146665052,0.0149985733,0.0152431994,0.0153981981,0.0154665388,0.0154551966,0.0153719687,0.0152214752,0.0150021472,0.0147057471,0.0143198539,0.0138322963,0.0132355246,0.0125288948,0.0117177660,0.0108096636,0.0098090387,0.0087129788,0.0075103232,0.0061857417,0.0047284640,0.0031430816,0.0014581932,-0.0002714342,-0.0019716509,-0.0035636673,-0.0049820435,-0.0061892272,-0.0071812125,-0.0079830496,-0.0086375158,-0.0091925161,-0.0096918139,-0.0101708237,-0.0106565243,-0.0111693292,-0.0117249640,-0.0123353437,-0.0130084221,-0.0137476274,-0.0145517165,-0.0154157025,-0.0163330486,-0.0172985880,-0.0183106018,-0.0193689634,-0.0204661373,-0.0215560146,-0.0225445816,-0.0233151578,-0.0238267994
,0.0078722752,0.0074184810,0.0067321249,0.0058495905,0.0048793196,0.0039141986,0.0030058184,0.0021688568,0.0014065910,0.0007192682,0.0001085548,-0.0004204044,-0.0008585260,-0.0011942643,-0.0014171505,-0.0015227267,-0.0015176354,-0.0014237186,-0.0012805157,-0.0011459543,-0.0010948476,-0.0012140870,-0.0015929177,-0.0023075887,-0.0034026209,-0.0048747475,-0.0066673312,-0.0086802712,-0.0107938138,-0.0128982170,-0.0149187983,-0.0168283500,-0.0186441192,-0.0204119058,-0.0221837053,-0.0239969006,-0.0258618595,-0.0277612087,-0.0296594441,-0.0315178832,-0.0333086727,-0.0350227648,-0.0366696507,-0.0382699766,-0.0398447834,-0.0414060609,-0.0429522638,-0.0444699595,-0.0459401042,-0.0473457690,-0.0486780023,-0.0499376934,-0.0511331488,-0.0522748705,-0.0533700485,-0.0544191550,-0.0554158606,-0.0563499166,-0.0572114504,-0.0579947712,-0.0587002362,-0.0593336449,-0.0599036261,-0.0604182537,-0.0608823651,-0.0612966400,-0.0616585874,-0.0619646800,-0.0622124504,-0.0624015836,-0.0625336835,-0.0626110622,-0.0626352876,-0.0626062082,-0.0625218223,-0.0623788882,-0.0621738286,-0.0619034495,-0.0615652139,-0.0611571346,-0.0606775685,-0.0601252110,-0.0594994090,-0.0588006559,-0.0580309758,-0.0571939270,-0.0562941184,-0.0553363171,-0.0543243733,-0.0532603105,-0.0521440090,-0.0509738032,-0.0497479499,-0.0484664132,-0.0471320985,-0.0457508278,-0.0443299619,-0.0428762755,-0.0413940597,-0.0398842709,-0.0383450247,-0.0367731650,-0.0351662825,-0.0335244942,-0.0318514346,-0.0301541431,-0.0284417947,-0.0267235472,-0.0250061766,-0.0232924603,-0.0215811706,-0.0198688982,-0.0181529920,-0.0164342574,-0.0147181350,-0.0130138373,-0.0113318708,-0.0096810256,-0.0080660592,-0.0064869775,-0.0049401551,-0.0034207687,-0.0019254490,-0.0004540053,0.0009904122,0.0024025391,0.0037767962,0.0051086983,0.0063952710,0.0076344899,0.0088242685,0.0099616930,0.0110429922,0.0120642752,0.0130225961,0.0139166632,0.0147466474,0.0155130305,0.0162150218,0.0168494177,0.0174106433,0.0178921640,0.0182887543,0.0185986170,0.0188242846,0.0189716672,0.0190474058,0.0190555610,0.0189951618,0.0188599005,0.0186402769,0.0183272346,0.0179155263,0.0174051547,0.0168001696,0.0161053331,0.0153221290,0.0144460054,0.0134665210,0.0123712152,0.0111526365,0.0098164376,0.0083874078,0.0069103995,0.0054445744,0.0040519540,0.0027839031,0.0016704711,0.0007164246,-0.0000952889,-0.0007951753,-0.0014179781,-0.0019958926,-0.0025554170,-0.0031171541,-0.0036970151,-0.0043074264,-0.0049578185,-0.0056543796,-0.0063995383,-0.0071918220,-0.0080266410,-0.0088981819,-0.0098019452,-0.0107365212,-0.0117018864,-0.0126915097,-0.0136652278,-0.0145417735,-0.0152212649,-0.0156707013
,-0.0109917206,-0.0112703731,-0.0116987658,-0.0122598633,-0.0128904560,-0.0135348800,-0.0141615314,-0.0147615634,-0.0153333643,-0.0158770835,-0.0163910278,-0.0168696357,-0.0173031104,-0.0176790846,-0.0179861018,-0.0182179160,-0.0183772820,-0.0184782696,-0.0185468658,-0.0186201801,-0.0187445434,-0.0189722320,-0.0193559490,-0.0199403793,-0.0207516519,-0.0217879050,-0.0230156115,-0.0243751293,-0.0257951180,-0.0272112239,-0.0285823686,-0.0298989957,-0.0311808049,-0.0324652604,-0.0337912665,-0.0351839435,-0.0366458113,-0.0381570254,-0.0396836999,-0.0411903939,-0.0426516952,-0.0440587161,-0.0454186334,-0.0467481944,-0.0480643465,-0.0493759935,-0.0506800428,-0.0519628432,-0.0532058289,-0.0543926497,-0.0555147708,-0.0565733916,-0.0575771682,-0.0585369887,-0.0594602491,-0.0603471396,-0.0611903714,-0.0619781449,-0.0626988215,-0.0633452738,-0.0639172532,-0.0644210255,-0.0648666069,-0.0652638482,-0.0656190253,-0.0659332608,-0.0662031766,-0.0664231384,-0.0665878737,-0.0666943388,-0.0667422695,-0.0667334983,-0.0666705622,-0.0665552689,-0.0663877510,-0.0661662258,-0.0658873385,-0.0655467768,-0.0651398723,-0.0646621013,-0.0641095800,-0.0634796832,-0.0627717490,-0.0619876177,-0.0611316802,-0.0602102565,-0.0592303850,-0.0581983110,-0.0571180566,-0.0559904928,-0.0548133230,-0.0535822163,-0.0522929089,-0.0509435611,-0.0495363587,-0.0480775560,-0.0465758460,-0.0450397280,-0.0434749968,-0.0418833748,-0.0402627677,-0.0386089570,-0.0369180513,-0.0351888456,-0.0334243370,-0.0316319009,-0.0298219609,-0.0280054168,-0.0261906170,-0.0243810855,-0.0225751526,-0.0207678975,-0.0189546608,-0.0171345198,-0.0153121106,-0.0134970195,-0.0117011020,-0.0099349225,-0.0082047526,-0.0065112656,-0.0048503729,-0.0032158006,-0.0016022887,-0.0000080770,0.0015642599,0.0031087397,0.0046179839,0.0060852710,0.0075057733,0.0088766611,0.0101963403,0.0114634365,0.0126761346,0.0138321705,0.0149293324,0.0159659989,0.0169412086,0.0178540646,0.0187027508,0.0194837727,0.0201920194,0.0208218558,0.0213688962,0.0218316832,0.0222124015,0.0225160822,0.0227484160,0.0229130333,0.0230095353,0.0230333477,0.0229775906,0.0228360662,0.0226057977,0.0222877560,0.0218853643,0.0214015106,0.0208355323,0.0201816942,0.0194301634,0.0185706303,0.0175977523,0.0165167561,0.0153471153,0.0141225082,0.0128863391,0.0116837476,0.0105525881,0.0095165059,0.0085824069,0.0077426419,0.0069802377,0.0062746322,0.0056058980,0.0049567456,0.0043127883,0.0036620802,0.0029947931,0.0023033945,0.0015831996,0.0008328841,0.0000544803,-0.0007475027,-0.0015678931,-0.0024031061,-0.0032525413,-0.0041168259,-0.0049908326,-0.0058406815,-0.0065983024,-0.0071812642,-0.0075647957
,-0.0298868583,-0.0299903372,-0.0301610846,-0.0304004614,-0.0306891069,-0.0310081323,-0.0313464229,-0.0317019370,-0.0320755739,-0.0324683838,-0.0328788701,-0.0333012233,-0.0337252493,-0.0341382747,-0.0345284396,-0.0348881267,-0.0352162323,-0.0355185969,-0.0358068033,-0.0360961864,-0.0364039422,-0.0367477067,-0.0371442573,-0.0376075924,-0.0381460113,-0.0387589011,-0.0394350238,-0.0401541583,-0.0408926258,-0.0416312079,-0.0423624933,-0.0430945716,-0.0438492369,-0.0446549307,-0.0455367659,-0.0465072871,-0.0475614778,-0.0486778919,-0.0498253671,-0.0509726481,-0.0520972698,-0.0531905097,-0.0542568644,-0.0553086771,-0.0563584010,-0.0574117462,-0.0584643459,-0.0595029418,-0.0605102205,-0.0614710856,-0.0623777427,-0.0632315540,-0.0640409832,-0.0648166198,-0.0655655412,-0.0662875018,-0.0669745041,-0.0676137112,-0.0681922606,-0.0687019251,-0.0691418285,-0.0695182992,-0.0698420698,-0.0701240536,-0.0703714444,-0.0705856405,-0.0707625730,-0.0708949333,-0.0709751178,-0.0709976882,-0.0709605995,-0.0708650331,-0.0707141338,-0.0705112362,-0.0702582390,-0.0699546294,-0.0695973364,-0.0691812493,-0.0687000899,-0.0681474005,-0.0675175873,-0.0668070148,-0.0660150112,-0.0651444588,-0.0642016166,-0.0631950484,-0.0621338516,-0.0610256190,-0.0598746506,-0.0586809245,-0.0574402726,-0.0561459512,-0.0547913115,-0.0533727052,-0.0518914776,-0.0503541550,-0.0487706652,-0.0471512717,-0.0455034361,-0.0438298229,-0.0421281681,-0.0403930092,-0.0386186059,-0.0368020223,-0.0349453343,-0.0330562005,-0.0311464859,-0.0292292065,-0.0273147451,-0.0254078155,-0.0235066291,-0.0216048719,-0.0196957467,-0.0177762497,-0.0158497315,-0.0139256809,-0.0120169743,-0.0101358488,-0.0082902164,-0.0064816898,-0.0047060069,-0.0029556282,-0.0012234274,0.0004940334,0.0021949033,0.0038725655,0.0055177868,0.0071214044,0.0086764388,0.0101789660,0.0116277140,0.0130228581,0.0143647134,0.0156528993,0.0168861779,0.0180627572,0.0191806189,0.0202375166,0.0212306283,0.0221561940,0.0230095889,0.0237860766,0.0244820794,0.0250964240,0.0256308843,0.0260895612,0.0264771596,0.0267968416,0.0270487084,0.0272297826,0.0273356123,0.0273626720,0.0273101899,0.0271802881,0.0269762585,0.0266998570,0.0263490473,0.0259174219,0.0253957720,0.0247753962,0.0240520964,0.0232295497,0.0223209077,0.0213479854,0.0203381456,0.0193197414,0.0183174846,0.0173491234,0.0164242642,0.0155452797,0.0147094607,0.0139112808,0.0131439478,0.0124000444,0.0116716441,0.0109504990,0.0102286902,0.0094997061,0.0087595704,0.0080075469,0.0072460573,0.0064796483,0.0057131272,0.0049494587,0.0041886368,0.0034294391,0.0026754931,0.0019540945,0.0013196367,0.0008365524,0.0005211737
-0.0488894853,-0.0488258780,-0.0487665773,-0.0486957639,-0.0486311222,-0.0485945221,-0.0486023469,-0.0486636984,-0.0487835116,-0.0489650596,-0.0492097803,-0.0495158209,-0.0498769294,-0.0502828728,-0.0507214901,-0.0511815130,-0.0516548263,-0.0521370465,-0.0526260738,-0.0531192324,-0.0536103005,-0.0540878313,-0.0545357027,-0.0549359889,-0.0552733284,-0.0555392718,-0.0557349902,-0.0558713977,-0.0559669412,-0.0560443603,-0.0561279245,-0.0562418982,-0.0564098217,-0.0566534953,-0.0569907973,-0.0574324652,-0.0579790147,-0.0586194060,-0.0593326097,-0.0600921194,-0.0608721987,-0.0616537886,-0.0624279437,-0.0631955343,-0.0639634320,-0.0647388440,-0.0655241582,-0.0663143210,-0.0670976180,-0.0678593420,-0.0685867446,-0.0692732058,-0.0699198596,-0.0705339291,-0.0711244470,-0.0716972359,-0.0722513837,-0.0727787217,-0.0732664221,-0.0737014894,-0.0740752555,-0.0743861307,-0.0746396417,-0.0748458575,-0.0750153168,-0.0751551183,-0.0752666577,-0.0753456686,-0.0753842059,-0.0753735381,-0.0753068136,-0.0751806965,-0.0749956277,-0.0747548025,-0.0744623154,-0.0741211634,-0.0737317902,-0.0732915626,-0.0727951455,-0.0722354599,-0.0716049091,-0.0708967268,-0.0701063735,-0.0692327856,-0.0682790933,-0.0672524173,-0.0661626087,-0.0650201632,-0.0638338078,-0.0626083705,-0.0613435480,-0.0600340924,-0.0586716217,-0.0572476891,-0.0557571307,-0.0542004276,-0.0525841049,-0.0509189395,-0.0492166101,-0.0474860285,-0.0457307139,-0.0439482010,-0.0421317224,-0.0402735715,-0.0383689446,-0.0364189017,-0.0344313777,-0.0324197661,-0.0303993739,-0.0283828666,-0.0263764506,-0.0243785254,-0.0223816114,-0.0203768324,-0.0183589462,-0.0163296704,-0.0142979587,-0.0122773173,-0.0102814270,-0.0083198263,-0.0063952400,-0.0045035008,-0.0026360622,-0.0007841047,0.0010574188,0.0028873904,0.0046985932,0.0064799508,0.0082198232,0.0099090060,0.0115424160,0.0131190960,0.0146408397,0.0161102010,0.0175287560,0.0188962183,0.0202105106,0.0214684246,0.0226663215,0.0238005004,0.0248672347,0.0258627728,0.0267836220,0.0276271908,0.0283925377,0.0290807631,0.0296946561,0.0302375575,0.0307118912,0.0311181394,0.0314549233,0.0317202559,0.0319132743,0.0320353427,0.0320896868,0.0320795793,0.0320060040,0.0318661119,0.0316533946,0.0313596128,0.0309776548,0.0305041130,0.0299405966,0.0292934537,0.0285723249,0.0277884096,0.0269532690,0.0260784846,0.0251758801,0.0242577206,0.0233364438,0.0224238424,0.0215299056,0.0206616264,0.0198221090,0.0190103231,0.0182217686,0.0174500366,0.0166888617,0.0159340203,0.0151844807,0.0144424711,0.0137124312,0.0129991118,0.0123054957,0.0116317119,0.0109765177,0.0103422605,0.0097495050,0.0092386309,0.0088557914,0.0086087887
,-0.0678274796,-0.0676272884,-0.0673434219,-0.0670072498,-0.0666783380,-0.0664056901,-0.0662172353,-0.0661240058,-0.0661305671,-0.0662375360,-0.0664418226,-0.0667365821,-0.0671121913,-0.0675581840,-0.0680651896,-0.0686256981,-0.0692328584,-0.0698773071,-0.0705429252,-0.0712030983,-0.0718192783,-0.0723433492,-0.0727244420,-0.0729193992,-0.0729042680,-0.0726828297,-0.0722884127,-0.0717776277,-0.0712181715,-0.0706753318,-0.0702017713,-0.0698328912,-0.0695872986,-0.0694702041,-0.0694774097,-0.0695984157,-0.0698183408,-0.0701192411,-0.0704816840,-0.0708870356,-0.0713201028,-0.0717711204,-0.0722360629,-0.0727149609,-0.0732088675,-0.0737167652,-0.0742337089,-0.0747509442,-0.0752579259,-0.0757454008,-0.0762082402,-0.0766467099,-0.0770654485,-0.0774704309,-0.0778651934,-0.0782480198,-0.0786113765,-0.0789438471,-0.0792337103,-0.0794726702,-0.0796582659,-0.0797940781,-0.0798877322,-0.0799475577,-0.0799792576,-0.0799838405,-0.0799574330,-0.0798927688,-0.0797815821,-0.0796169962,-0.0793951906,-0.0791159368,-0.0787819186,-0.0783971107,-0.0779648131,-0.0774860475,-0.0769588027,-0.0763781901,-0.0757372441,-0.0750280727,-0.0742432202,-0.0733771796,-0.0724278465,-0.0713974845,-0.0702927452,-0.0691235330,-0.0679008930,-0.0666344104,-0.0653297793,-0.0639872605,-0.0626016642,-0.0611641356,-0.0596653751,-0.0580992508,-0.0564654588,-0.0547701803,-0.0530244230,-0.0512405891,-0.0494284631,-0.0475920740,-0.0457286600,-0.0438302450,-0.0418873492,-0.0398935000,-0.0378488780,-0.0357617247,-0.0336468901,-0.0315218473,-0.0294014590,-0.0272934660,-0.0251966548,-0.0231026835,-0.0210008838,-0.0188839158,-0.0167517843,-0.0146126230,-0.0124801780,-0.0103692188,-0.0082907121,-0.0062485158,-0.0042387849,-0.0022523275,-0.0002790217,0.0016874763,0.0036466243,0.0055906295,0.0075067476,0.0093811173,0.0112025724,0.0129650893,0.0146681743,0.0163153010,0.0179112106,0.0194592493,0.0209597715,0.0224100521,0.0238054073,0.0251407373,0.0264116983,0.0276151207,0.0287488015,0.0298111064,0.0308007809,0.0317170833,0.0325600429,0.0333305112,0.0340298185,0.0346591805,0.0352192773,0.0357104088,0.0361332510,0.0364897262,0.0367832545,0.0370179112,0.0371967026,0.0373198298,0.0373839826,0.0373832029,0.0373109596,0.0371623241,0.0369350127,0.0366286714,0.0362428359,0.0357749347,0.0352199296,0.0345724069,0.0338304626,0.0329994894,0.0320938580,0.0311356048,0.0301507505,0.0291647658,0.0281986351,0.0272663783,0.0263743266,0.0255220874,0.0247048224,0.0239161631,0.0231509244,0.0224069088,0.0216854180,0.0209904548,0.0203269190,0.0196984996,0.0191063799,0.0185500992,0.0180311313,0.0175633481,0.0171730297,0.0168881025,0.0167078791
,-0.0869239669,-0.0866039444,-0.0861370171,-0.0855662204,-0.0849843892,-0.0844692216,-0.0840648426,-0.0837866678,-0.0836389857,-0.0836202897,-0.0837255886,-0.0839476562,-0.0842784627,-0.0847106093,-0.0852379389,-0.0858545190,-0.0865516571,-0.0873132786,-0.0881106836,-0.0888982964,-0.0896124451,-0.0901752691,-0.0905051487,-0.0905330619,-0.0902211595,-0.0895770275,-0.0886569421,-0.0875551819,-0.0863825992,-0.0852424329,-0.0842118476,-0.0833341095,-0.0826213475,-0.0820641753,-0.0816431746,-0.0813380446,-0.0811322758,-0.0810135364,-0.0809716477,-0.0809964264,-0.0810768578,-0.0812017464,-0.0813610329,-0.0815467827,-0.0817532740,-0.0819762249,-0.0822116522,-0.0824550123,-0.0827011190,-0.0829449205,-0.0831827215,-0.0834130950,-0.0836367932,-0.0838554570,-0.0840696019,-0.0842768369,-0.0844712344,-0.0846442395,-0.0847867730,-0.0848916508,-0.0849553338,-0.0849783241,-0.0849640908,-0.0849169934,-0.0848400542,-0.0847334329,-0.0845940899,-0.0844165992,-0.0841946716,-0.0839228198,-0.0835976715,-0.0832185734,-0.0827873033,-0.0823069599,-0.0817804163,-0.0812089027,-0.0805911769,-0.0799234009,-0.0791995592,-0.0784122335,-0.0775536982,-0.0766173605,-0.0755993716,-0.0744999553,-0.0733238972,-0.0720798499,-0.0707784921,-0.0694299454,-0.0680411085,-0.0666137171,-0.0651439073,-0.0636236881,-0.0620440258,-0.0603985010,-0.0586861629,-0.0569124671,-0.0550878908,-0.0532246417,-0.0513325557,-0.0494156613,-0.0474708083,-0.0454891069,-0.0434598303,-0.0413753752,-0.0392353861,-0.0370484382,-0.0348305463,-0.0326008618,-0.0303759617,-0.0281648424,-0.0259667245,-0.0237727612,-0.0215710187,-0.0193525428,-0.0171158769,-0.0148682673,-0.0126233584,-0.0103965482,-0.0081998493,-0.0060381177,-0.0039080239,-0.0018002157,0.0002961050,0.0023880239,0.0044752898,0.0065496233,0.0085970416,0.0106020885,0.0125522694,0.0144410964,0.0162687617,0.0180403600,0.0197625102,0.0214398419,0.0230727975,0.0246575151,0.0261875441,0.0276563329,0.0290592438,0.0303942951,0.0316615908,0.0328620260,0.0339960630,0.0350631373,0.0360617964,0.0369902954,0.0378472551,0.0386321475,0.0393456030,0.0399896322,0.0405677428,0.0410847417,0.0415459758,0.0419560126,0.0423171857,0.0426287350,0.0428871554,0.0430877765,0.0432267999,0.0433025153,0.0433145939,0.0432612927,0.0431357186,0.0429233427,0.0426029711,0.0421519913,0.0415543914,0.0408081620,0.0399286528,0.0389464448,0.0379009630,0.0368326370,0.0357762490,0.0347568796,0.0337886619,0.0328758958,0.0320158069,0.0312021017,0.0304284139,0.0296908683,0.0289892824,0.0283268871,0.0277087990,0.0271398932,0.0266231279,0.0261594959,0.0257499779,0.0254018965,0.0251275582,0.0249369608,0.0248210729
,-0.1061512179,-0.1057247729,-0.1050966559,-0.1043206784,-0.1035187569,-0.1027931234,-0.1022010197,-0.1017603641,-0.1014738132,-0.1013369666,-0.1013428638,-0.1014845102,-0.1017565169,-0.1021556634,-0.1026798495,-0.1033251414,-0.1040810932,-0.1049249703,-0.1058158803,-0.1066902816,-0.1074610210,-0.1080226325,-0.1082651719,-0.1080962969,-0.1074667053,-0.1063897273,-0.1049454322,-0.1032650020,-0.1014999730,-0.0997878250,-0.0982261416,-0.0968625148,-0.0957002536,-0.0947144778,-0.0938709552,-0.0931408862,-0.0925078157,-0.0919666141,-0.0915175112,-0.0911593274,-0.0908851915,-0.0906820375,-0.0905332273,-0.0904225239,-0.0903375033,-0.0902711060,-0.0902210296,-0.0901876154,-0.0901714097,-0.0901714875,-0.0901850592,-0.0902081637,-0.0902367649,-0.0902675037,-0.0902976987,-0.0903247054,-0.0903451280,-0.0903544218,-0.0903471437,-0.0903177251,-0.0902613853,-0.0901747616,-0.0900559868,-0.0899042066,-0.0897187762,-0.0894985119,-0.0892413082,-0.0889442267,-0.0886039585,-0.0882174719,-0.0877826556,-0.0872987744,-0.0867665419,-0.0861876935,-0.0855641448,-0.0848970321,-0.0841859524,-0.0834285458,-0.0826203857,-0.0817551576,-0.0808252598,-0.0798229876,-0.0787422280,-0.0775802099,-0.0763386536,-0.0750237848,-0.0736450414,-0.0722127201,-0.0707351673,-0.0692163912,-0.0676550205,-0.0660451930,-0.0643792156,-0.0626510403,-0.0608591930,-0.0590079989,-0.0571065955,-0.0551660038,-0.0531952186,-0.0511977448,-0.0491700578,-0.0471028864,-0.0449850950,-0.0428087640,-0.0405734752,-0.0382880869,-0.0359692194,-0.0336368339,-0.0313083483,-0.0289934412,-0.0266916838,-0.0243941450,-0.0220883798,-0.0197646231,-0.0174205202,-0.0150625757,-0.0127040586,-0.0103604657,-0.0080443320,-0.0057612522,-0.0035085777,-0.0012773759,0.0009430234,0.0031597298,0.0053724501,0.0075726284,0.0097457486,0.0118757331,0.0139496990,0.0159613356,0.0179117117,0.0198072703,0.0216558860,0.0234626979,0.0252275274,0.0269449111,0.0286065021,0.0302045054,0.0317344619,0.0331961916,0.0345927135,0.0359279126,0.0372041784,0.0384210477,0.0395752658,0.0406620224,0.0416767373,0.0426167367,0.0434823533,0.0442772041,0.0450075862,0.0456810930,0.0463047622,0.0468832953,0.0474180166,0.0479071081,0.0483471983,0.0487356931,0.0490726260,0.0493606599,0.0496024303,0.0497956248,0.0499276331,0.0499726222,0.0498937120,0.0496510987,0.0492139632,0.0485714923,0.0477382040,0.0467514334,0.0456625843,0.0445261391,0.0433902942,0.0422912729,0.0412514745,0.0402806023,0.0393787073,0.0385401752,0.0377577751,0.0370259837,0.0363429926,0.0357111096,0.0351356401,0.0346227932,0.0341775773,0.0338027132,0.0334988417,0.0332668182,0.0331051248,0.0330061493,0.0329527085
,-0.1255418846,-0.1250131143,-0.1242321234,-0.1232635678,-0.1222563116,-0.1213344927,-0.1205662517,-0.1199707117,-0.1195483407,-0.1192919630,-0.1191932454,-0.1192462078,-0.1194487641,-0.1198021867,-0.1203083209,-0.1209647694,-0.1217587010,-0.1226601462,-0.1236157194,-0.1245440726,-0.1253353602,-0.1258581039,-0.1259765710,-0.1255784877,-0.1246068012,-0.1230835792,-0.1211138349,-0.1188643310,-0.1165238062,-0.1142595047,-0.1121854037,-0.1103509061,-0.1087498035,-0.1073424483,-0.1060811841,-0.1049300239,-0.1038733376,-0.1029133174,-0.1020602374,-0.1013213730,-0.1006935674,-0.1001617942,-0.0997031742,-0.0992938718,-0.0989156270,-0.0985593500,-0.0982247908,-0.0979170446,-0.0976418083,-0.0974014519,-0.0971932696,-0.0970101718,-0.0968430788,-0.0966837201,-0.0965265781,-0.0963692854,-0.0962115721,-0.0960534600,-0.0958935714,-0.0957281961,-0.0955513456,-0.0953556257,-0.0951334993,-0.0948784399,-0.0945856213,-0.0942520474,-0.0938762498,-0.0934577567,-0.0929965133,-0.0924924115,-0.0919450777,-0.0913539931,-0.0907188337,-0.0900397659,-0.0893174555,-0.0885527290,-0.0877460003,-0.0868965939,-0.0860020645,-0.0850576787,-0.0840563712,-0.0829895198,-0.0818486038,-0.0806273501,-0.0793236285,-0.0779403573,-0.0764849872,-0.0749675839,-0.0733980023,-0.0717830499,-0.0701247139,-0.0684202420,-0.0666641289,-0.0648512034,-0.0629795198,-0.0610518677,-0.0590752857,-0.0570586957,-0.0550094586,-0.0529301684,-0.0508171257,-0.0486614435,-0.0464526521,-0.0441834966,-0.0418539976,-0.0394731082,-0.0370572220,-0.0346259052,-0.0321962363,-0.0297777961,-0.0273703619,-0.0249654228,-0.0225509718,-0.0201174800,-0.0176624871,-0.0151920627,-0.0127188922,-0.0102580151,-0.0078218793,-0.0054164661,-0.0030399197,-0.0006843146,0.0016600393,0.0039995165,0.0063334698,0.0086533869,0.0109451084,0.0131931167,0.0153852383,0.0175160234,0.0195875007,0.0216069552,0.0235826156,0.0255191437,0.0274149839,0.0292627515,0.0310523514,0.0327752270,0.0344276934,0.0360118754,0.0375339908,0.0390009590,0.0404169646,0.0417814371,0.0430891225,0.0443320053,0.0455022143,0.0465948474,0.0476098089,0.0485521030,0.0494304982,0.0502549855,0.0510338953,0.0517717434,0.0524687034,0.0531220322,0.0537289529,0.0542897066,0.0548090934,0.0552951005,0.0557542109,0.0561844176,0.0565684007,0.0568701983,0.0570383506,0.0570164077,0.0567582459,0.0562425706,0.0554805706,0.0545136986,0.0534032110,0.0522163653,0.0510143330,0.0498446703,0.0487386267,0.0477121082,0.0467688761,0.0459048592,0.0451127087,0.0443858136,0.0437210791,0.0431200106,0.0425880394,0.0421325251,0.0417602961,0.0414755832,0.0412785000,0.0411632900,0.0411145610,0.0411071965,0.0411160535
,-0.1451342044,-0.1444966064,-0.1435542640,-0.1423836819,-0.1411616306,-0.1400341568,-0.1390797382,-0.1383183481,-0.1377486172,-0.1373615136,-0.1371483543,-0.1371048045,-0.1372320163,-0.1375349728,-0.1380181856,-0.1386793408,-0.1395018571,-0.1404473621,-0.1414490098,-0.1424069571,-0.1431885907,-0.1436375434,-0.1435951323,-0.1429336332,-0.1415933454,-0.1396090419,-0.1371118505,-0.1343018935,-0.1314003982,-0.1285991191,-0.1260246169,-0.1237268311,-0.1216911478,-0.1198655558,-0.1181912899,-0.1166263657,-0.1151556937,-0.1137873542,-0.1125398053,-0.1114272635,-0.1104496538,-0.1095903982,-0.1088216114,-0.1081134436,-0.1074431724,-0.1068003896,-0.1061867513,-0.1056112133,-0.1050833440,-0.1046076124,-0.1041806715,-0.1037922157,-0.1034285714,-0.1030772506,-0.1027305108,-0.1023865803,-0.1020483172,-0.1017201345,-0.1014045823,-0.1010998890,-0.1007992221,-0.1004917247,-0.1001647655,-0.0998065038,-0.0994079234,-0.0989638419,-0.0984728317,-0.0979362837,-0.0973569675,-0.0967375207,-0.0960793388,-0.0953822427,-0.0946449653,-0.0938661011,-0.0930449620,-0.0921819116,-0.0912780526,-0.0903343676,-0.0893505289,-0.0883236974,-0.0872477899,-0.0861137289,-0.0849109178,-0.0836296566,-0.0822637386,-0.0808123092,-0.0792802802,-0.0776770398,-0.0760137657,-0.0743002079,-0.0725421339,-0.0707404574,-0.0688923635,-0.0669938437,-0.0650424525,-0.0630390907,-0.0609880933,-0.0588955834,-0.0567667272,-0.0546030363,-0.0524010237,-0.0501530995,-0.0478506321,-0.0454880409,-0.0430662304,-0.0405939218,-0.0380862525,-0.0355609838,-0.0330335106,-0.0305124541,-0.0279976613,-0.0254816286,-0.0229538576,-0.0204062345,-0.0178371043,-0.0152525031,-0.0126643834,-0.0100867840,-0.0075314161,-0.0050042080,-0.0025040922,-0.0000246152,0.0024421874,0.0049012750,0.0073513803,0.0097843733,0.0121873391,0.0145464824,0.0168513972,0.0190980990,0.0212895341,0.0234331637,0.0255365220,0.0276027405,0.0296282006,0.0316034889,0.0335171987,0.0353607363,0.0371318573,0.0388353194,0.0404804369,0.0420767350,0.0436296706,0.0451381881,0.0465949439,0.0479889152,0.0493092966,0.0505492772,0.0517084299,0.0527929232,0.0538134873,0.0547818682,0.0557071263,0.0565932882,0.0574394121,0.0582421700,0.0589999147,0.0597163231,0.0604015283,0.0610693573,0.0617307053,0.0623846930,0.0630105834,0.0635640676,0.0639810261,0.0641897221,0.0641287779,0.0637648033,0.0631026888,0.0621845469,0.0610785188,0.0598627868,0.0586108542,0.0573818665,0.0562166644,0.0551382897,0.0541552178,0.0532659659,0.0524641151,0.0517429150,0.0510986913,0.0505324826,0.0500497568,0.0496585705,0.0493669206,0.0491798967,0.0490965686,0.0491041440,0.0491730272,0.0492604314,0.0493334590
,-0.1649789299,-0.1642155535,-0.1630870490,-0.1616838048,-0.1602146259,-0.1588502476,-0.1576805744,-0.1567267961,-0.1559865270,-0.1554500902,-0.1551094847,-0.1549622781,-0.1550120628,-0.1552658026,-0.1557284249,-0.1563953987,-0.1572443449,-0.1582267304,-0.1592606924,-0.1602266424,-0.1609688107,-0.1613073092,-0.1610642827,-0.1601024111,-0.1583656490,-0.1559058553,-0.1528808504,-0.1495206320,-0.1460729524,-0.1427482189,-0.1396820866,-0.1369248431,-0.1344559662,-0.1322146320,-0.1301337856,-0.1281663628,-0.1262966429,-0.1245360263,-0.1229083427,-0.1214327768,-0.1201118216,-0.1189282876,-0.1178511428,-0.1168465026,-0.1158885464,-0.1149658769,-0.1140813520,-0.1132464210,-0.1124730623,-0.1117668344,-0.1111235222,-0.1105301509,-0.1099694460,-0.1094256504,-0.1088892720,-0.1083589595,-0.1078400083,-0.1073403887,-0.1068660317,-0.1064171552,-0.1059868024,-0.1055618449,-0.1051258453,-0.1046626358,-0.1041594273,-0.1036086407,-0.1030081942,-0.1023604137,-0.1016699968,-0.1009416541,-0.1001781856,-0.0993796636,-0.0985439522,-0.0976681657,-0.0967502545,-0.0957899664,-0.0947888314,-0.0937492261,-0.0926728087,-0.0915587559,-0.0904023914,-0.0891948599,-0.0879242648,-0.0865781484,-0.0851466112,-0.0836250461,-0.0820155315,-0.0803263178,-0.0785694608,-0.0767573630,-0.0748994858,-0.0730004799,-0.0710603464,-0.0690763073,-0.0670453524,-0.0649662716,-0.0628403469,-0.0606705196,-0.0584594988,-0.0562077588,-0.0539125065,-0.0515683414,-0.0491695433,-0.0467130913,-0.0442011133,-0.0416417038,-0.0390476897,-0.0364336264,-0.0338119165,-0.0311894092,-0.0285659322,-0.0259356015,-0.0232904973,-0.0206250854,-0.0179394288,-0.0152399672,-0.0125378310,-0.0098455632,-0.0071734780,-0.0045269101,-0.0019053860,0.0006958545,0.0032825401,0.0058576900,0.0084191739,0.0109594636,0.0134675520,0.0159322660,0.0183457865,0.0207060287,0.0230167235,0.0252848308,0.0275162054,0.0297115300,0.0318646284,0.0339641673,0.0359980498,0.0379584575,0.0398451882,0.0416657378,0.0434320787,0.0451555619,0.0468421295,0.0484897601,0.0500890133,0.0516262955,0.0530885515,0.0544677103,0.0557633596,0.0569827254,0.0581379716,0.0592418625,0.0603035436,0.0613262471,0.0623080232,0.0632453538,0.0641381632,0.0649938440,0.0658279193,0.0666600251,0.0675056413,0.0683657469,0.0692177449,0.0700113630,0.0706726094,0.0711168200,0.0712683257,0.0710805761,0.0705491744,0.0697128405,0.0686426897,0.0674250378,0.0661444211,0.0648715531,0.0636576339,0.0625339609,0.0615149659,0.0606030454,0.0597939985,0.0590821014,0.0584639616,0.0579405361,0.0575171595,0.0572019313,0.0570030944,0.0569256805,0.0569669962,0.0571066282,0.0573003111,0.0574873398,0.0576273829
,-0.1851288300,-0.1842182711,-0.1828698555,-0.1811903087,-0.1794273306,-0.1777817645,-0.1763573386,-0.1751770482,-0.1742380672,-0.1735308908,-0.1730488024,-0.1727910970,-0.1727625790,-0.1729700236,-0.1734160385,-0.1740910051,-0.1749640335,-0.1759739874,-0.1770219180,-0.1779671857,-0.1786311357,-0.1788131370,-0.1783217639,-0.1770175436,-0.1748550852,-0.1719072501,-0.1683578017,-0.1644616141,-0.1604859472,-0.1566536990,-0.1531064482,-0.1498952264,-0.1469966095,-0.1443447483,-0.1418670474,-0.1395119811,-0.1372616330,-0.1351278314,-0.1331368473,-0.1313110083,-0.1296552046,-0.1281529307,-0.1267720181,-0.1254763493,-0.1242379036,-0.1230440635,-0.1218977827,-0.1208115781,-0.1197987040,-0.1188654036,-0.1180070403,-0.1172090420,-0.1164517504,-0.1157169636,-0.1149935056,-0.1142797132,-0.1135820892,-0.1129109364,-0.1122748508,-0.1116761442,-0.1111086710,-0.1105585249,-0.1100070749,-0.1094351202,-0.1088267870,-0.1081721035,-0.1074677579,-0.1067160768,-0.1059226567,-0.1050934024,-0.1042319543,-0.1033384262,-0.1024098580,-0.1014419963,-0.1004314248,-0.0993770501,-0.0982804022,-0.0971447456,-0.0959733203,-0.0947672028,-0.0935234270,-0.0922341026,-0.0908870938,-0.0894683235,-0.0879651328,-0.0863696748,-0.0846812082,-0.0829064363,-0.0810576426,-0.0791491954,-0.0771936816,-0.0751991053,-0.0731680702,-0.0710989328,-0.0689880830,-0.0668321818,-0.0646294382,-0.0623795975,-0.0600829576,-0.0577391531,-0.0553465164,-0.0529024998,-0.0504050536,-0.0478543251,-0.0452538676,-0.0426107994,-0.0399347817,-0.0372360427,-0.0345229542,-0.0317999640,-0.0290668438,-0.0263198624,-0.0235545806,-0.0207690268,-0.0179657753,-0.0151520867,-0.0123382433,-0.0095348749,-0.0067502555,-0.0039884868,-0.0012492715,0.0014705375,0.0041742142,0.0068624874,0.0095320970,0.0121760942,0.0147856419,0.0173526389,0.0198722944,0.0223446392,0.0247740356,0.0271664298,0.0295253075,0.0318483251,0.0341265482,0.0363469990,0.0384975109,0.0405716957,0.0425717412,0.0445077185,0.0463936154,0.0482417266,0.0500576913,0.0518381070,0.0535715218,0.0552423068,0.0568359483,0.0583438887,0.0597662225,0.0611112802,0.0623922728,0.0636223591,0.0648102056,0.0659579912,0.0670628548,0.0681213624,0.0691351649,0.0701151802,0.0710817934,0.0720598548,0.0730692130,0.0741133204,0.0751694615,0.0761842621,0.0770774164,0.0777547339,0.0781284046,0.0781387114,0.0777695577,0.0770520643,0.0760555556,0.0748704416,0.0735897819,0.0722950112,0.0710481373,0.0698899361,0.0688423643,0.0679133405,0.0671024161,0.0664061551,0.0658222727,0.0653519166,0.0649999852,0.0647738509,0.0646809984,0.0647254426,0.0649019929,0.0651820600,0.0655062694,0.0657959370,0.0660040078
,-0.2055988080,-0.2045335203,-0.2029414244,-0.2009455950,-0.1988418163,-0.1968701340,-0.1951521044,-0.1937132629,-0.1925501705,-0.1916533958,-0.1910173478,-0.1906424488,-0.1905333925,-0.1906946634,-0.1911237956,-0.1918028990,-0.1926892338,-0.1937059364,-0.1947346504,-0.1956130468,-0.1961416314,-0.1961043461,-0.1953042737,-0.1936087151,-0.1909899042,-0.1875442782,-0.1834789292,-0.1790670988,-0.1745878339,-0.1702703250,-0.1662590425,-0.1626060366,-0.1592874953,-0.1562356783,-0.1533747140,-0.1506491407,-0.1480376028,-0.1455500585,-0.1432129515,-0.1410504699,-0.1390700209,-0.1372570411,-0.1355798773,-0.1340014005,-0.1324916732,-0.1310361980,-0.1296368434,-0.1283060884,-0.1270579304,-0.1258995608,-0.1248268737,-0.1238249663,-0.1228728798,-0.1219504347,-0.1210444202,-0.1201518015,-0.1192788933,-0.1184370899,-0.1176369909,-0.1168831366,-0.1161710781,-0.1154875054,-0.1148130837,-0.1141268360,-0.1134105895,-0.1126522016,-0.1118468291,-0.1109961156,-0.1101057068,-0.1091819277,-0.1082287570,-0.1072461852,-0.1062305072,-0.1051762178,-0.1040784783,-0.1029350160,-0.1017467661,-0.1005171614,-0.0992503717,-0.0979489931,-0.0966118383,-0.0952325896,-0.0937999657,-0.0922996333,-0.0907174842,-0.0890433633,-0.0872740568,-0.0854144548,-0.0834763349,-0.0814750736,-0.0794254502,-0.0773380876,-0.0752177339,-0.0730636987,-0.0708718242,-0.0686368674,-0.0663542858,-0.0640209719,-0.0616351212,-0.0591957920,-0.0567026891,-0.0541563788,-0.0515587473,-0.0489133098,-0.0462250770,-0.0434999795,-0.0407440641,-0.0379626489,-0.0351595343,-0.0323364498,-0.0294931249,-0.0266283215,-0.0237416436,-0.0208353158,-0.0179149735,-0.0149890316,-0.0120669459,-0.0091571164,-0.0062651931,-0.0033933587,-0.0005409029,0.0022940482,0.0051123548,0.0079122532,0.0106890298,0.0134360013,0.0161462943,0.0188148088,0.0214397991,0.0240234163,0.0265705603,0.0290859630,0.0315705247,0.0340187870,0.0364191995,0.0387574967,0.0410218588,0.0432075829,0.0453191650,0.0473687979,0.0493717879,0.0513406604,0.0532802491,0.0551856198,0.0570435369,0.0588368682,0.0605503280,0.0621755279,0.0637135136,0.0651738395,0.0665705712,0.0679169050,0.0692207257,0.0704830660,0.0717002512,0.0728690043,0.0739924610,0.0750843352,0.0761687583,0.0772746768,0.0784257215,0.0796282572,0.0808612131,0.0820712102,0.0831757061,0.0840752748,0.0846733712,0.0848985111,0.0847216288,0.0841624900,0.0832834068,0.0821736310,0.0809307088,0.0796446113,0.0783877955,0.0772115141,0.0761469954,0.0752096311,0.0744044775,0.0737316844,0.0731907925,0.0727832670,0.0725131885,0.0723864750,0.0724089935,0.0725829831,0.0729001070,0.0733229913,0.0737762610,0.0741632849,0.0744322327
,-0.2262868669,-0.2251148219,-0.2233038074,-0.2209833501,-0.2185095596,-0.2161790470,-0.2141391081,-0.2124198254,-0.2110163462,-0.2099182084,-0.2091198755,-0.2086217919,-0.2084271686,-0.2085363099,-0.2089390913,-0.2096060632,-0.2104789479,-0.2114618011,-0.2124149977,-0.2131554708,-0.2134675938,-0.2131282420,-0.2119454478,-0.2098030252,-0.2066969031,-0.2027477080,-0.1981812665,-0.1932814707,-0.1883311153,-0.1835595677,-0.1791109922,-0.1750379767,-0.1713176459,-0.1678823882,-0.1646547971,-0.1615763023,-0.1586218518,-0.1557984933,-0.1531316455,-0.1506466379,-0.1483534813,-0.1462403121,-0.1442769274,-0.1424257479,-0.1406548068,-0.1389470340,-0.1373023379,-0.1357325714,-0.1342524801,-0.1328708303,-0.1315850677,-0.1303810041,-0.1292370814,-0.1281312580,-0.1270477807,-0.1259812789,-0.1249367663,-0.1239258029,-0.1229605046,-0.1220476974,-0.1211851815,-0.1203611336,-0.1195565400,-0.1187496072,-0.1179205952,-0.1170555845,-0.1161482147,-0.1151991347,-0.1142135498,-0.1131977499,-0.1121558104,-0.1110876296,-0.1099889539,-0.1088531805,-0.1076739636,-0.1064474404,-0.1051732582,-0.1038541738,-0.1024944585,-0.1010975986,-0.0996639386,-0.0981890151,-0.0966632498,-0.0950733384,-0.0934051524,-0.0916474329,-0.0897951560,-0.0878513731,-0.0858267061,-0.0837365033,-0.0815966168,-0.0794193533,-0.0772110163,-0.0749716772,-0.0726968035,-0.0703797020,-0.0680136902,-0.0655934298,-0.0631155009,-0.0605786335,-0.0579838885,-0.0553347238,-0.0526366464,-0.0498962528,-0.0471198375,-0.0443121085,-0.0414755702,-0.0386107522,-0.0357170026,-0.0327934249,-0.0298397774,-0.0268573859,-0.0238499990,-0.0208241917,-0.0177888563,-0.0147537330,-0.0117274849,-0.0087160817,-0.0057220967,-0.0027451802,0.0002164086,0.0031637345,0.0060954485,0.0090072008,0.0118924579,0.0147442506,0.0175570630,0.0203282724,0.0230588275,0.0257528464,0.0284157913,0.0310513572,0.0336581760,0.0362281023,0.0387474250,0.0412009298,0.0435772154,0.0458729857,0.0480944626,0.0502552438,0.0523713219,0.0544550825,0.0565105115,0.0585313895,0.0605031307,0.0624076043,0.0642292309,0.0659601596,0.0676025888,0.0691673246,0.0706692067,0.0721214030,0.0735310768,0.0748983157,0.0762188322,0.0774894454,0.0787141920,0.0799083901,0.0810983098,0.0823154281,0.0835862020,0.0849200592,0.0862991306,0.0876730440,0.0889612447,0.0900639014,0.0908801739,0.0913296476,0.0913705202,0.0910085230,0.0902939845,0.0893090717,0.0881504430,0.0869129011,0.0856777379,0.0845069217,0.0834424031,0.0825089713,0.0817189782,0.0810774508,0.0805864314,0.0802478358,0.0800646863,0.0800410172,0.0801806161,0.0804835740,0.0809376203,0.0814950567,0.0820610699,0.0825202211,0.0828213146
,-0.2465327472,-0.2458085471,-0.2438931767,-0.2413015392,-0.2384642624,-0.2357648577,-0.2333914464,-0.2313841540,-0.2297361005,-0.2284340751,-0.2274706420,-0.2268444492,-0.2265554790,-0.2265978913,-0.2269514102,-0.2275719222,-0.2283823013,-0.2292650315,-0.2300590228,-0.2305639512,-0.2305557329,-0.2298150818,-0.2281666524,-0.2255200230,-0.2218990535,-0.2174469348,-0.2124019473,-0.2070502060,-0.2016702261,-0.1964855253,-0.1916363751,-0.1871744311,-0.1830778305,-0.1792801585,-0.1757040133,-0.1722892109,-0.1690080176,-0.1658649078,-0.1628840481,-0.1600914567,-0.1574994194,-0.1550987317,-0.1528608012,-0.1507477334,-0.1487254598,-0.1467740576,-0.1448911645,-0.1430878933,-0.1413799519,-0.1397781828,-0.1382822006,-0.1368790571,-0.1355468753,-0.1342617292,-0.1330050292,-0.1317686009,-0.1305556358,-0.1293773969,-0.1282471931,-0.1271739923,-0.1261578979,-0.1251888282,-0.1242485293,-0.1233149577,-0.1223673935,-0.1213906151,-0.1203770016,-0.1193262253,-0.1182429246,-0.1171332492,-0.1160014345,-0.1148475511,-0.1136671544,-0.1124527997,-0.1111966194,-0.1098928110,-0.1085390941,-0.1071367250,-0.1056891890,-0.1042000455,-0.1026705892,-0.1010980468,-0.0994749272,-0.0977898811,-0.0960300350,-0.0941843079,-0.0922467806,-0.0902189499,-0.0881098845,-0.0859339938,-0.0837070912,-0.0814421806,-0.0791464998,-0.0768207268,-0.0744602468,-0.0720575458,-0.0696046061,-0.0670946429,-0.0645231818,-0.0618887972,-0.0591936191,-0.0564433191,-0.0536461628,-0.0508110702,-0.0479452332,-0.0450522619,-0.0421317068,-0.0391801490,-0.0361932882,-0.0331681248,-0.0301045751,-0.0270063111,-0.0238808276,-0.0207386703,-0.0175917652,-0.0144511220,-0.0113246234,-0.0082157495,-0.0051237800,-0.0020454598,0.0010224312,0.0040805619,0.0071256350,0.0101507145,0.0131471194,0.0161069587,0.0190252567,0.0219010687,0.0247374532,0.0275402573,0.0303156564,0.0330668166,0.0357908611,0.0384777855,0.0411123709,0.0436786956,0.0461654827,0.0485700786,0.0508994433,0.0531676966,0.0553910117,0.0575816157,0.0597430464,0.0618684325,0.0639424966,0.0659466349,0.0678652748,0.0696911577,0.0714274907,0.0730861101,0.0746824965,0.0762298925,0.0777351208,0.0791978591,0.0806136284,0.0819793262,0.0832991932,0.0845887403,0.0858744919,0.0871885668,0.0885589214,0.0899977774,0.0914915742,0.0929955355,0.0944350400,0.0957147242,0.0967344376,0.0974087907,0.0976850098,0.0975536681,0.0970492317,0.0962411307,0.0952191646,0.0940780443,0.0929048428,0.0917711795,0.0907302042,0.0898174092,0.0890539065,0.0884507883,0.0880133622,0.0877444039,0.0876460963,0.0877207541,0.0879702248,0.0883925109,0.0889699450,0.0896407536,0.0902823478,0.0907579593,0.0908740432
,-0.2649665693,-0.2664251740,-0.2646010501,-0.2618570109,-0.2587053707,-0.2556537692,-0.2529529192,-0.2506634266,-0.2487770253,-0.2472760453,-0.2461484925,-0.2453884786,-0.2449901976,-0.2449392188,-0.2452026497,-0.2457193136,-0.2463914385,-0.2470797914,-0.2476046056,-0.2477548966,-0.2473082753,-0.2460612714,-0.2438661323,-0.2406652886,-0.2365120370,-0.2315682400,-0.2260771607,-0.2203185462,-0.2145589166,-0.2090100883,-0.2038045828,-0.1989910283,-0.1945480116,-0.1904110858,-0.1865046292,-0.1827690681,-0.1791759859,-0.1757285046,-0.1724497698,-0.1693659169,-0.1664905907,-0.1638164707,-0.1613162370,-0.1589517884,-0.1566873147,-0.1545004176,-0.1523867184,-0.1503567059,-0.1484270751,-0.1466107260,-0.1449094087,-0.1433113982,-0.1417945360,-0.1403331311,-0.1389059423,-0.1375021705,-0.1361232666,-0.1347801091,-0.1334869296,-0.1322544426,-0.1310846575,-0.1299689757,-0.1288898926,-0.1278253660,-0.1267541232,-0.1256600937,-0.1245347402,-0.1233769420,-0.1221908503,-0.1209825740,-0.1197567449,-0.1185140064,-0.1172502030,-0.1159574526,-0.1146265497,-0.1132496440,-0.1118221320,-0.1103431365,-0.1088145497,-0.1072391065,-0.1056181994,-0.1039501316,-0.1022293290,-0.1004467898,-0.0985917971,-0.0966546106,-0.0946294720,-0.0925169267,-0.0903244556,-0.0880649098,-0.0857531175,-0.0834018558,-0.0810186965,-0.0786048107,-0.0761558707,-0.0736642688,-0.0711215417,-0.0685202859,-0.0658555163,-0.0631257192,-0.0603335891,-0.0574859989,-0.0545927136,-0.0516638717,-0.0487070168,-0.0457249098,-0.0427151425,-0.0396717578,-0.0365881549,-0.0334600892,-0.0302877896,-0.0270767891,-0.0238374771,-0.0205834966,-0.0173291756,-0.0140865057,-0.0108625866,-0.0076585507,-0.0044705243,-0.0012923881,0.0018806595,0.0050491182,0.0082079993,0.0113479143,0.0144578846,0.0175285933,0.0205548260,0.0235364710,0.0264780381,0.0293868326,0.0322699593,0.0351307299,0.0379657325,0.0407640989,0.0435097863,0.0461862740,0.0487818689,0.0512935439,0.0537278570,0.0560985655,0.0584216502,0.0607093736,0.0629654615,0.0651832413,0.0673475694,0.0694399668,0.0714451092,0.0733561808,0.0751769501,0.0769197520,0.0786003717,0.0802321987,0.0818222293,0.0833704994,0.0848730158,0.0863269723,0.0877363138,0.0891154754,0.0904893915,0.0918888138,0.0933415523,0.0948618468,0.0964409072,0.0980414280,0.0995979812,0.1010240443,0.1022250575,0.1031151621,0.1036336315,0.1037565098,0.1035003226,0.1029174318,0.1020852685,0.1010930441,0.1000293395,0.0989727789,0.0979866295,0.0971171451,0.0963948777,0.0958378833,0.0954556503,0.0952527153,0.0952313522,0.0953931059,0.0957386895,0.0962643804,0.0969446893,0.0976978906,0.0983620332,0.0987768383,0.0980602074
,-0.2796628875,-0.2870115717,-0.2853946195,-0.2826034786,-0.2792045498,-0.2758358832,-0.2728254521,-0.2702665201,-0.2681517367,-0.2664576823,-0.2651646982,-0.2642587233,-0.2637246660,-0.2635365144,-0.2636465837,-0.2639756868,-0.2644062871,-0.2647808664,-0.2649075134,-0.2645741105,-0.2635713288,-0.2617225458,-0.2589157554,-0.2551296024,-0.2504449256,-0.2450362144,-0.2391435636,-0.2330321121,-0.2269493618,-0.2210901210,-0.2155756064,-0.2104495533,-0.2056907631,-0.2012379770,-0.1970195960,-0.1929792489,-0.1890900329,-0.1853549445,-0.1817961507,-0.1784389801,-0.1752971092,-0.1723640331,-0.1696133574,-0.1670072188,-0.1645089957,-0.1620947525,-0.1597586513,-0.1575105808,-0.1553678034,-0.1533446475,-0.1514444274,-0.1496563437,-0.1479580472,-0.1463225357,-0.1447265782,-0.1431573878,-0.1416150640,-0.1401101158,-0.1386573479,-0.1372686454,-0.1359473220,-0.1346858335,-0.1334672794,-0.1322697566,-0.1310717553,-0.1298567057,-0.1286154210,-0.1273461308,-0.1260525579,-0.1247408385,-0.1234161769,-0.1220801285,-0.1207293079,-0.1193559271,-0.1179498986,-0.1165015899,-0.1150040769,-0.1134540570,-0.1118512464,-0.1101967271,-0.1084910183,-0.1067325694,-0.1049170694,-0.1030377004,-0.1010863155,-0.0990553953,-0.0969403918,-0.0947417405,-0.0924656721,-0.0901232268,-0.0877275621,-0.0852904343,-0.0828191892,-0.0803153818,-0.0777753457,-0.0751921079,-0.0725576291,-0.0698646668,-0.0671081932,-0.0642865789,-0.0614024566,-0.0584627392,-0.0554772672,-0.0524561600,-0.0494067270,-0.0463312284,-0.0432265235,-0.0400858275,-0.0369018519,-0.0336700956,-0.0303912000,-0.0270718423,-0.0237241124,-0.0203635065,-0.0170058180,-0.0136635752,-0.0103431500,-0.0070437579,-0.0037589815,-0.0004804024,0.0027980327,0.0060766544,0.0093490599,0.0126037641,0.0158276760,0.0190098940,0.0221444608,0.0252314155,0.0282761121,0.0312870168,0.0342723150,0.0372360612,0.0401751932,0.0430788622,0.0459307583,0.0487137662,0.0514152158,0.0540307841,0.0565656670,0.0590325593,0.0614469824,0.0638214284,0.0661603834,0.0684581769,0.0707006412,0.0728700907,0.0749517463,0.0769390572,0.0788357610,0.0806539314,0.0824090697,0.0841145791,0.0857780342,0.0874006169,0.0889796668,0.0905132180,0.0920048722,0.0934672116,0.0949221310,0.0963971644,0.0979181712,0.0995001601,0.1011388428,0.1028053452,0.1044456726,0.1059855368,0.1073401778,0.1084276933,0.1091831998,0.1095704716,0.1095881659,0.1092693447,0.1086750224,0.1078839508,0.1069813331,0.1060487481,0.1051567529,0.1043607967,0.1037003910,0.1032009107,0.1028769829,0.1027362877,0.1027828361,0.1030191024,0.1034460342,0.1040586765,0.1048215969,0.1056301325,0.1062818043,0.1066001669,0.1036916117
,-0.2897539077,-0.3079374833,-0.3063852803,-0.3035334808,-0.2999265427,-0.2962736766,-0.2929710646,-0.2901514121,-0.2878113127,-0.2859206170,-0.2844487590,-0.2833694136,-0.2826542522,-0.2822627025,-0.2821310634,-0.2821633744,-0.2822265352,-0.2821520259,-0.2817456862,-0.2808055664,-0.2791462112,-0.2766259964,-0.2731724045,-0.2687990213,-0.2636087401,-0.2577807806,-0.2515437358,-0.2451407657,-0.2387945618,-0.2326788271,-0.2269010719,-0.2214994445,-0.2164538556,-0.2117083012,-0.2071977609,-0.2028713680,-0.1987052155,-0.1947025744,-0.1908840245,-0.1872728451,-0.1838814436,-0.1807033601,-0.1777132399,-0.1748744005,-0.1721507426,-0.1695179245,-0.1669691209,-0.1645133123,-0.1621674638,-0.1599463322,-0.1578540795,-0.1558806601,-0.1540039365,-0.1521963919,-0.1504336909,-0.1487017258,-0.1469994945,-0.1453369414,-0.1437289352,-0.1421879324,-0.1407180812,-0.1393126847,-0.1379555138,-0.1366250515,-0.1352998420,-0.1339630342,-0.1326048785,-0.1312229077,-0.1298202723,-0.1284029650,-0.1269766581,-0.1255438864,-0.1241023442,-0.1226448818,-0.1211612059,-0.1196405454,-0.1180741020,-0.1164562803,-0.1147843886,-0.1130572688,-0.1112736965,-0.1094312567,-0.1075259712,-0.1055526108,-0.1035055321,-0.1013799288,-0.0991733320,-0.0968869771,-0.0945264428,-0.0921010412,-0.0896218630,-0.0870990250,-0.0845391389,-0.0819440011,-0.0793108990,-0.0766341162,-0.0739067858,-0.0711224839,-0.0682765110,-0.0653670439,-0.0623960394,-0.0593693539,-0.0562955845,-0.0531837118,-0.0500403347,-0.0468676375,-0.0436630062,-0.0404205183,-0.0371337387,-0.0337987805,-0.0304166421,-0.0269942486,-0.0235439991,-0.0200818122,-0.0166238739,-0.0131827868,-0.0097644159,-0.0063668573,-0.0029822667,0.0003989883,0.0037834954,0.0071712636,0.0105548575,0.0139213699,0.0172562307,0.0205472772,0.0237877285,0.0269773804,0.0301219321,0.0332306384,0.0363126886,0.0393731478,0.0424098165,0.0454124095,0.0483646888,0.0512489408,0.0540511936,0.0567653322,0.0593946960,0.0619505430,0.0644477336,0.0668989924,0.0693098111,0.0716760199,0.0739851027,0.0762208264,0.0783693494,0.0804243197,0.0823889087,0.0842741200,0.0860944170,0.0878628253,0.0895876216,0.0912717213,0.0929146371,0.0945160465,0.0960796805,0.0976161694,0.0991435824,0.1006848478,0.1022621915,0.1038898673,0.1055671653,0.1072736197,0.1089676797,0.1105893573,0.1120667447,0.1133257001,0.1143012275,0.1149483418,0.1152499647,0.1152200112,0.1149011219,0.1143579041,0.1136675055,0.1129096372,0.1121579199,0.1114738805,0.1109042195,0.1104811993,0.1102252997,0.1101488989,0.1102597919,0.1105635223,0.1110629783,0.1117525543,0.1125871192,0.1134445595,0.1141036745,0.1143944821,0.1075086443
,,-0.3294053209,-0.3276579127,-0.3246518576,-0.3208359169,-0.3169104841,-0.3133180538,-0.3102300006,-0.3076491195,-0.3055374965,-0.3038507289,-0.3025465365,-0.3015799957,-0.3008940449,-0.3004094978,-0.3000173819,-0.2995762479,-0.2989166907,-0.2978539393,-0.2962073545,-0.2938237919,-0.2906005805,-0.2865034353,-0.2815750689,-0.2759318657,-0.2697486754,-0.2632346842,-0.2566051482,-0.2500540146,-0.2437317047,-0.2377314789,-0.2320869034,-0.2267812195,-0.2217664137,-0.2169864342,-0.2123973102,-0.2079783189,-0.2037322099,-0.1996766583,-0.1958315812,-0.1922072784,-0.1887972811,-0.1855780492,-0.1825154171,-0.1795751954,-0.1767335362,-0.1739827158,-0.1713301241,-0.1687913467,-0.1663806057,-0.1641024899,-0.1619479798,-0.1598959596,-0.1579193825,-0.1559935723,-0.1541033817,-0.1522464636,-0.1504315967,-0.1486730428,-0.1469833643,-0.1453674491,-0.1438197178,-0.1423251034,-0.1408629826,-0.1394123094,-0.1379560806,-0.1364838934,-0.1349923171,-0.1334835255,-0.1319628710,-0.1304359996,-0.1289060857,-0.1273718843,-0.1258272686,-0.1242624675,-0.1226664560,-0.1210293704,-0.1193438712,-0.1176050479,-0.1158093066,-0.1139531256,-0.1120323987,-0.1100425459,-0.1079791196,-0.1058385414,-0.1036187867,-0.1013199958,-0.0989449577,-0.0964992545,-0.0939907661,-0.0914283889,-0.0888201956,-0.0861716540,-0.0834846236,-0.0807574931,-0.0779862127,-0.0751656097,-0.0722905458,-0.0693569135,-0.0663626348,-0.0633085316,-0.0601985905,-0.0570391998,-0.0538374207,-0.0505988889,-0.0473261759,-0.0440182876,-0.0406715388,-0.0372815223,-0.0338455170,-0.0303646123,-0.0268449847,-0.0232979310,-0.0197383805,-0.0161818948,-0.0126408152,-0.0091209600,-0.0056204641,-0.0021315943,0.0013550347,0.0048456047,0.0083396357,0.0118292316,0.0153010892,0.0187402460,0.0221340888,0.0254753706,0.0287635503,0.0320042633,0.0352070311,0.0383816066,0.0415338285,0.0446623363,0.0477575160,0.0508033395,0.0537816115,0.0566771694,0.0594822301,0.0621983761,0.0648354137,0.0674073598,0.0699268871,0.0724002869,0.0748249451,0.0771903613,0.0794822850,0.0816882421,0.0838021683,0.0858263287,0.0877699966,0.0896458619,0.0914660278,0.0932393091,0.0949706315,0.0966623320,0.0983165911,0.0999380913,0.1015360186,0.1031245702,0.1047213738,0.1063437973,0.1080038837,0.1097031742,0.1114287091,0.1131511200,0.1148252916,0.1163937893,0.1177930256,0.1189616961,0.1198502846,0.1204297219,0.1206970974,0.1206769458,0.1204178225,0.1199851287,0.1194519882,0.1188902392,0.1183633404,0.1179223197,0.1176049945,0.1174378058,0.1174390515,0.1176221967,0.1179979211,0.1185727769,0.1193411762,0.1202502893,0.1211692143,0.1218859517,0.1222596012,
,,-0.3510623008,-0.3490764249,-0.3458998534,-0.3418712456,-0.3376623224,-0.3337589515,-0.3303701217,-0.3275064886,-0.3251214617,-0.3231548894,-0.3215463100,-0.3202326525,-0.3191405331,-0.3181780827,-0.3172292788,-0.3161532847,-0.3147907247,-0.3129772260,-0.3105623000,-0.3074297627,-0.3035152354,-0.2988169272,-0.2933974400,-0.2873762950,-0.2809147821,-0.2741960279,-0.2674035042,-0.2607008182,-0.2542152176,-0.2480271626,-0.2421681380,-0.2366277452,-0.2313687144,-0.2263456467,-0.2215216932,-0.2168782651,-0.2124158718,-0.2081476125,-0.2040889765,-0.2002479676,-0.1966187739,-0.1931809226,-0.1899041710,-0.1867573281,-0.1837174600,-0.1807756024,-0.1779366691,-0.1752138886,-0.1726203652,-0.1701612262,-0.1678292571,-0.1656054737,-0.1634642611,-0.1613810227,-0.1593393040,-0.1573346083,-0.1553735596,-0.1534690370,-0.1516334319,-0.1498726679,-0.1481830161,-0.1465514710,-0.1449590873,-0.1433857131,-0.1418143292,-0.1402337169,-0.1386390866,-0.1370310460,-0.1354135492,-0.1337913738,-0.1321675900,-0.1305415984,-0.1289083750,-0.1272592494,-0.1255838531,-0.1238722529,-0.1221162245,-0.1203092258,-0.1184454777,-0.1165190546,-0.1145237141,-0.1124535749,-0.1103041864,-0.1080733883,-0.1057616225,-0.1033717246,-0.1009084345,-0.0983778273,-0.0957867033,-0.0931418528,-0.0904491591,-0.0877127133,-0.0849342754,-0.0821133234,-0.0792475996,-0.0763338244,-0.0733683470,-0.0703477922,-0.0672698352,-0.0641339831,-0.0609419915,-0.0576976079,-0.0544056670,-0.0510708556,-0.0476965588,-0.0442841599,-0.0408330606,-0.0373415099,-0.0338080990,-0.0302335611,-0.0266223618,-0.0229834562,-0.0193295940,-0.0156749147,-0.0120313721,-0.0084054131,-0.0047965899,-0.0011990112,0.0023948878,0.0059899446,0.0095851397,0.0131728934,0.0167408006,0.0202749094,0.0237633094,0.0271989634,0.0305811107,0.0339149381,0.0372095080,0.0404742880,0.0437151217,0.0469309388,0.0501125332,0.0532441302,0.0563074054,0.0592866187,0.0621730527,0.0649671481,0.0676775148,0.0703171177,0.0728980249,0.0754267228,0.0779017909,0.0803147569,0.0826536517,0.0849077214,0.0870713668,0.0891458320,0.0911382803,0.0930591140,0.0949190339,0.0967271025,0.0984902649,0.1002140356,0.1019037565,0.1035658999,0.1052090173,0.1068439732,0.1084831603,0.1101385923,0.1118190968,0.1135271115,0.1152556883,0.1169862725,0.1186877513,0.1203172759,0.1218233634,0.1231515405,0.1242521188,0.1250887357,0.1256455812,0.1259312827,0.1259783148,0.1258381414,0.1255735013,0.1252499011,0.1249283464,0.1246607203,0.1244882604,0.1244426246,0.1245484308,0.1248259459,0.1252923983,0.1259592892,0.1268213707,0.1278183846,0.1288103548,0.1295991200,0.1300770441,
,,-0.3719621715,-0.3703373149,-0.3671065814,-0.3628975932,-0.3583887325,-0.3541345577,-0.3503888826,-0.3471743847,-0.3444362125,-0.3420984693,-0.3400826393,-0.3383085993,-0.3366894406,-0.3351255916,-0.3335012078,-0.3316850096,-0.3295370763,-0.3269215363,-0.3237229024,-0.3198621267,-0.3153082818,-0.3100831995,-0.3042585485,-0.2979466863,-0.2912875381,-0.2844337172,-0.2775355299,-0.2707270496,-0.2641144704,-0.2577682940,-0.2517210404,-0.2459715364,-0.2404952573,-0.2352581300,-0.2302297282,-0.2253919512,-0.2207411833,-0.2162845071,-0.2120324006,-0.2079909006,-0.2041558477,-0.2005110849,-0.1970313652,-0.1936890755,-0.1904621524,-0.1873398233,-0.1843237321,-0.1814241327,-0.1786529191,-0.1760163237,-0.1735100040,-0.1711182743,-0.1688177506,-0.1665840204,-0.1643986947,-0.1622540197,-0.1601533032,-0.1581072423,-0.1561278766,-0.1542226251,-0.1523905228,-0.1506216969,-0.1488998191,-0.1472062528,-0.1455242086,-0.1438415620,-0.1421517994,-0.1404533509,-0.1387479310,-0.1370384431,-0.1353268567,-0.1336124811,-0.1318911364,-0.1301555438,-0.1283967286,-0.1266056583,-0.1247742116,-0.1228950644,-0.1209608738,-0.1189636434,-0.1168949977,-0.1147474257,-0.1125158856,-0.1101989405,-0.1077988871,-0.1053208887,-0.1027715697,-0.1001576754,-0.0974852117,-0.0947591168,-0.0919832297,-0.0891602906,-0.0862918920,-0.0833784666,-0.0804193721,-0.0774130434,-0.0743571960,-0.0712491701,-0.0680864827,-0.0648674782,-0.0615918477,-0.0582608659,-0.0548773351,-0.0514452435,-0.0479690951,-0.0444529618,-0.0408995573,-0.0373098264,-0.0336834477,-0.0300202838,-0.0263223330,-0.0225953341,-0.0188490622,-0.0150957602,-0.0113470717,-0.0076108241,-0.0038893228,-0.0001801087,0.0035211936,0.0072173573,0.0109069520,0.0145836033,0.0182371580,0.0218561323,0.0254305568,0.0289543837,0.0324268165,0.0358521663,0.0392381209,0.0425926908,0.0459205718,0.0492200945,0.0524820148,0.0556909070,0.0588289499,0.0618808550,0.0648381096,0.0677009022,0.0704769949,0.0731780299,0.0758147593,0.0783930455,0.0809120475,0.0833650548,0.0857424095,0.0880352445,0.0902385736,0.0923526675,0.0943825175,0.0963360907,0.0982224941,0.1000508529,0.1018300204,0.1035687281,0.1052757362,0.1069598131,0.1086295979,0.1102934383,0.1119591892,0.1136338320,0.1153226993,0.1170281233,0.1187474899,0.1204709563,0.1221793811,0.1238432393,0.1254233755,0.1268742836,0.1281500123,0.1292118310,0.1300358374,0.1306183301,0.1309773188,0.1311497944,0.1311857487,0.1311408437,0.1310697741,0.1310217984,0.1310389519,0.1311565198,0.1314047798,0.1318107897,0.1323986109,0.1331849604,0.1341638353,0.1352639663,0.1363252838,0.1371479965,0.1375214481,
,,-0.3907043402,-0.3910728871,-0.3879739968,-0.3836646544,-0.3788573765,-0.3742105494,-0.3700401361,-0.3663913119,-0.3632043512,-0.3603902385,-0.3578552156,-0.3555059336,-0.3532471459,-0.3509780504,-0.3485902983,-0.3459695270,-0.3430015186,-0.3395826752,-0.3356325951,-0.3311051860,-0.3259949813,-0.3203371680,-0.3142021379,-0.3076867838,-0.3009047110,-0.2939765492,-0.2870206531,-0.2801442963,-0.2734358660,-0.2669590092,-0.2607498450,-0.2548181701,-0.2491529478,-0.2437311708,-0.2385278096,-0.2335238910,-0.2287104635,-0.2240879035,-0.2196616507,-0.2154362995,-0.2114101334,-0.2075720443,-0.2039022183,-0.2003766656,-0.1969738958,-0.1936808447,-0.1904954411,-0.1874247878,-0.1844798213,-0.1816685801,-0.1789905830,-0.1764344189,-0.1739795639,-0.1716018396,-0.1692803709,-0.1670031903,-0.1647692648,-0.1625863550,-0.1604658801,-0.1584170142,-0.1564422319,-0.1545356789,-0.1526845212,-0.1508723268,-0.1490829398,-0.1473034258,-0.1455253587,-0.1437445410,-0.1419597478,-0.1401711036,-0.1383784927,-0.1365802812,-0.1347726342,-0.1329496450,-0.1311041679,-0.1292288219,-0.1273164819,-0.1253599410,-0.1233511041,-0.1212805493,-0.1191381587,-0.1169148446,-0.1146046533,-0.1122062319,-0.1097229311,-0.1071614919,-0.1045299221,-0.1018354882,-0.0990835850,-0.0962776941,-0.0934200494,-0.0905123608,-0.0875561388,-0.0845525731,-0.0815022001,-0.0784046284,-0.0752584824,-0.0720616123,-0.0688115051,-0.0655057812,-0.0621427128,-0.0587218119,-0.0552444755,-0.0517144109,-0.0481373701,-0.0445199498,-0.0408677937,-0.0371840571,-0.0334690201,-0.0297212392,-0.0259398603,-0.0221270597,-0.0182893605,-0.0144370023,-0.0105815270,-0.0067327629,-0.0028967489,0.0009244416,0.0047311213,0.0085236485,0.0123004620,0.0160572073,0.0197871105,0.0234823457,0.0271359073,0.0307433855,0.0343040592,0.0378208756,0.0412991507,0.0447441599,0.0481581949,0.0515380484,0.0548740409,0.0581513509,0.0613535182,0.0644669354,0.0674845280,0.0704070917,0.0732417927,0.0759986026,0.0786862294,0.0813091062,0.0838663224,0.0863525231,0.0887601634,0.0910821996,0.0933142890,0.0954558533,0.0975099251,0.0994822947,0.1013806869,0.1032143670,0.1049940024,0.1067313212,0.1084382868,0.1101259410,0.1118033564,0.1134771384,0.1151516681,0.1168298968,0.1185141527,0.1202062584,0.1219064793,0.1236113468,0.1253109819,0.1269868885,0.1286112294,0.1301483820,0.1315590864,0.1328067018,0.1338641808,0.1347198090,0.1353799616,0.1358681238,0.1362207494,0.1364815517,0.1366960933,0.1369080418,0.1371575496,0.1374813651,0.1379138129,0.1384875515,0.1392324255,0.1401691275,0.1412873881,0.1424982826,0.1436082929,0.1444041710,0.1441230698,
,,-0.4054607573,-0.4109746419,-0.4081269176,-0.4038046759,-0.3987268859,-0.3936624795,-0.3890066197,-0.3848435639,-0.3811157948,-0.3777264441,-0.3745716194,-0.3715506205,-0.3685665470,-0.3655243402,-0.3623295722,-0.3588897091,-0.3551186760,-0.3509443284,-0.3463169010,-0.3412155249,-0.3356503972,-0.3296601017,-0.3233056570,-0.3166636877,-0.3098203194,-0.3028659777,-0.2958904923,-0.2889781211,-0.2822026694,-0.2756231290,-0.2692802849,-0.2631949916,-0.2573691390,-0.2517899779,-0.2464371693,-0.2412904737,-0.2363355785,-0.2315664341,-0.2269838841,-0.2225914994,-0.2183902374,-0.2143740044,-0.2105281629,-0.2068319938,-0.2032642671,-0.1998094451,-0.1964617239,-0.1932252032,-0.1901101709,-0.1871269343,-0.1842794652,-0.1815612744,-0.1789552661,-0.1764378282,-0.1739855771,-0.1715819537,-0.1692209671,-0.1669067756,-0.1646496536,-0.1624602778,-0.1603446358,-0.1583012656,-0.1563214007,-0.1543914347,-0.1524963583,-0.1506227318,-0.1487602836,-0.1469020376,-0.1450434780,-0.1431814117,-0.1413129601,-0.1394348459,-0.1375430250,-0.1356326975,-0.1336986257,-0.1317354603,-0.1297376681,-0.1276988874,-0.1256110671,-0.1234641448,-0.1212469113,-0.1189490572,-0.1165636386,-0.1140888364,-0.1115281504,-0.1088888942,-0.1061796553,-0.1034078547,-0.1005784184,-0.0976939146,-0.0947556762,-0.0917649690,-0.0887234616,-0.0856328880,-0.0824943484,-0.0793078054,-0.0760720494,-0.0727850374,-0.0694443230,-0.0660474030,-0.0625920978,-0.0590772503,-0.0555037851,-0.0518756394,-0.0481997595,-0.0444846872,-0.0407381093,-0.0369645057,-0.0331641401,-0.0293340308,-0.0254705734,-0.0215726609,-0.0176438666,-0.0136926840,-0.0097307956,-0.0057703237,-0.0018213968,0.0021090425,0.0060170639,0.0099006862,0.0137585532,0.0175888512,0.0213887989,0.0251548563,0.0288835301,0.0325723809,0.0362207260,0.0398296604,0.0434012419,0.0469369208,0.0504355571,0.0538917053,0.0572950784,0.0606318891,0.0638879700,0.0670525515,0.0701210138,0.0730953331,0.0759821067,0.0787892253,0.0815227381,0.0841850381,0.0867746381,0.0892871333,0.0917167577,0.0940580438,0.0963072063,0.0984629747,0.1005268394,0.1025029924,0.1043983314,0.1062225850,0.1079881922,0.1097094699,0.1114009755,0.1130755082,0.1147424821,0.1164073091,0.1180720370,0.1197369687,0.1214024926,0.1230701297,0.1247420591,0.1264190868,0.1280977755,0.1297678383,0.1314108042,0.1330006073,0.1345063302,0.1358968255,0.1371463079,0.1382394665,0.1391745832,0.1399637780,0.1406305973,0.1412061376,0.1417252320,0.1422238206,0.1427378237,0.1433031204,0.1439558850,0.1447322880,0.1456657302,0.1467780846,0.1480493798,0.1493674796,0.1505030678,0.1512369259,0.1492734956,
,,-0.4154814968,-0.4298379225,-0.4271727863,-0.4228679922,-0.4175619116,-0.4120831236,-0.4069076386,-0.4021750590,-0.3978398228,-0.3938042920,-0.3899609525,-0.3862085742,-0.3824556316,-0.3786193061,-0.3746240173,-0.3704013838,-0.3658924294,-0.3610517796,-0.3558523943,-0.3502886813,-0.3443763719,-0.3381492010,-0.3316540572,-0.3249465767,-0.3180880606,-0.3111432853,-0.3041783873,-0.2972584870,-0.2904451001,-0.2837931679,-0.2773473762,-0.2711381197,-0.2651786956,-0.2594657167,-0.2539835342,-0.2487114093,-0.2436308143,-0.2387303683,-0.2340070375,-0.2294635554,-0.2251032234,-0.2209242964,-0.2169165864,-0.2130621222,-0.2093397550,-0.2057316040,-0.2022284092,-0.1988315007,-0.1955506061,-0.1923982916,-0.1893830440,-0.1865036138,-0.1837469713,-0.1810908977,-0.1785102546,-0.1759843002,-0.1735020073,-0.1710633958,-0.1686767717,-0.1663534470,-0.1641022508,-0.1619258035,-0.1598194938,-0.1577729193,-0.1557727035,-0.1538053320,-0.1518589982,-0.1499241514,-0.1479931079,-0.1460593741,-0.1441171671,-0.1421612489,-0.1401869365,-0.1381901180,-0.1361671763,-0.1341147154,-0.1320289530,-0.1299047778,-0.1277348148,-0.1255091494,-0.1232162658,-0.1208451852,-0.1183880681,-0.1158421595,-0.1132101652,-0.1104988413,-0.1077164195,-0.1048700472,-0.1019643795,-0.0990017742,-0.0959835752,-0.0929113739,-0.0897873410,-0.0866135454,-0.0833909462,-0.0801188837,-0.0767953853,-0.0734179476,-0.0699841924,-0.0664921064,-0.0629401481,-0.0593277658,-0.0556564934,-0.0519310332,-0.0481593167,-0.0443509418,-0.0405143956,-0.0366543469,-0.0327704135,-0.0288581255,-0.0249117577,-0.0209278374,-0.0169078584,-0.0128591467,-0.0087937174,-0.0047258247,-0.0006692683,0.0033646996,0.0073684844,0.0113382369,0.0152730701,0.0191737486,0.0230413751,0.0268765658,0.0306792625,0.0344489317,0.0381847657,0.0418856523,0.0455498541,0.0491743841,0.0527541469,0.0562811890,0.0597447223,0.0631325029,0.0664334516,0.0696404630,0.0727519468,0.0757712191,0.0787040864,0.0815559441,0.0843297707,0.0870255927,0.0896410629,0.0921724073,0.0946152726,0.0969654490,0.0992195926,0.1013759490,0.1034350044,0.1054000837,0.1072779415,0.1090791576,0.1108178698,0.1125104478,0.1141732220,0.1158199699,0.1174600836,0.1190981009,0.1207347553,0.1223691198,0.1240009395,0.1256320532,0.1272661210,0.1289066637,0.1305542478,0.1322040044,0.1338443893,0.1354575317,0.1370210988,0.1385113955,0.1399072023,0.1411935353,0.1423643151,0.1434232080,0.1443826261,0.1452616583,0.1460840063,0.1468766921,0.1476696453,0.1484957459,0.1493906619,0.1503915215,0.1515323339,0.1528323946,0.1542570523,0.1556715989,0.1568286831,0.1575299916,0.1527444318,
,,,-0.4470504950,-0.4446389010,-0.4403485329,-0.4348692791,-0.4290134295,-0.4233256097,-0.4180098089,-0.4130432279,-0.4083352464,-0.4037817106,-0.3992875715,-0.3947729896,-0.3901725813,-0.3854326779,-0.3805090133,-0.3753660050,-0.3699778247,-0.3643304318,-0.3584230789,-0.3522680729,-0.3458887361,-0.3393166380,-0.3325892849,-0.3257486206,-0.3188399427,-0.3119109148,-0.3050108023,-0.2981898781,-0.2914981034,-0.2849818287,-0.2786783986,-0.2726105492,-0.2667835669,-0.2611871806,-0.2558017751,-0.2506064782,-0.2455860792,-0.2407344498,-0.2360534907,-0.2315482483,-0.2272204432,-0.2230635340,-0.2190618492,-0.2151943100,-0.2114409867,-0.2077894894,-0.2042384671,-0.2007968211,-0.1974788792,-0.1942972443,-0.1912559770,-0.1883468484,-0.1855503188,-0.1828409386,-0.1801949034,-0.1775965900,-0.1750415347,-0.1725350897,-0.1700878884,-0.1677103216,-0.1654081462,-0.1631804418,-0.1610199953,-0.1589153382,-0.1568532841,-0.1548209464,-0.1528067231,-0.1508003743,-0.1487927379,-0.1467756170,-0.1447419937,-0.1426863469,-0.1406047483,-0.1384945693,-0.1363538086,-0.1341801190,-0.1319696733,-0.1297161867,-0.1274106128,-0.1250419648,-0.1225992611,-0.1200739816,-0.1174620478,-0.1147644569,-0.1119862741,-0.1091344430,-0.1062154589,-0.1032340084,-0.1001930765,-0.0970950534,-0.0939427067,-0.0907390876,-0.0874863915,-0.0841847151,-0.0808317658,-0.0774238175,-0.0739572454,-0.0704296333,-0.0668399823,-0.0631884302,-0.0594762963,-0.0557067992,-0.0518858865,-0.0480221320,-0.0441251040,-0.0402026556,-0.0362584222,-0.0322908479,-0.0282943445,-0.0242621895,-0.0201900201,-0.0160785946,-0.0119348875,-0.0077713267,-0.0036036450,0.0005518876,0.0046811365,0.0087741092,0.0128258492,0.0168360124,0.0208073874,0.0247440467,0.0286498258,0.0325273870,0.0363776849,0.0401996050,0.0439897845,0.0477427152,0.0514510427,0.0551058355,0.0586968272,0.0622130322,0.0656441635,0.0689826700,0.0722254226,0.0753739039,0.0784325301,0.0814059359,0.0842966986,0.0871045698,0.0898271681,0.0924612089,0.0950033297,0.0974502639,0.0997987882,0.1020459685,0.1041898699,0.1062305610,0.1081711903,0.1100189259,0.1117854144,0.1134862667,0.1151392843,0.1167617456,0.1183676626,0.1199660423,0.1215607715,0.1231520907,0.1247390444,0.1263219156,0.1279035865,0.1294891446,0.1310838710,0.1326905697,0.1343074824,0.1359275716,0.1375391770,0.1391275612,0.1406768777,0.1421723013,0.1436020919,0.1449592109,0.1462421138,0.1474546728,0.1486056487,0.1497083096,0.1507805284,0.1518452072,0.1529305404,0.1540695005,0.1552975451,0.1566461588,0.1581281536,0.1596918079,0.1611858887,0.1623713292,0.1630446557,,
,,,-0.4614458014,-0.4599169204,-0.4557018608,-0.4501417140,-0.4439894676,-0.4378471656,-0.4319853183,-0.4264155175,-0.4210619975,-0.4158307506,-0.4106387104,-0.4054224830,-0.4001373241,-0.3947523633,-0.3892453140,-0.3835985734,-0.3777976768,-0.3718319983,-0.3656966204,-0.3593940032,-0.3529346117,-0.3463364714,-0.3396239909,-0.3328263161,-0.3259755484,-0.3191055633,-0.3122522074,-0.3054546473,-0.2987561060,-0.2922017377,-0.2858329137,-0.2796798279,-0.2737559863,-0.2680575130,-0.2625678139,-0.2572656653,-0.2521335051,-0.2471628053,-0.2423545956,-0.2377151486,-0.2332489814,-0.2289526809,-0.2248126856,-0.2208081284,-0.2169173320,-0.2131249707,-0.2094268626,-0.2058305125,-0.2023511891,-0.1990049207,-0.1958009530,-0.1927365567,-0.1897963114,-0.1869562258,-0.1841909734,-0.1814811812,-0.1788178510,-0.1762025177,-0.1736437491,-0.1711519598,-0.1687346931,-0.1663937708,-0.1641246804,-0.1619177666,-0.1597603729,-0.1576389865,-0.1555406804,-0.1534536587,-0.1513672499,-0.1492719016,-0.1471594667,-0.1450236303,-0.1428600999,-0.1406663146,-0.1384406940,-0.1361815981,-0.1338861958,-0.1315495057,-0.1291639822,-0.1267200030,-0.1242073160,-0.1216170455,-0.1189435292,-0.1161852648,-0.1133445966,-0.1104263320,-0.1074360046,-0.1043786899,-0.1012588732,-0.0980810318,-0.0948499384,-0.0915698763,-0.0882429596,-0.0848677452,-0.0814393716,-0.0779514328,-0.0743985319,-0.0707780491,-0.0670904056,-0.0633383123,-0.0595260703,-0.0556595072,-0.0517461502,-0.0477947388,-0.0438136300,-0.0398085869,-0.0357810754,-0.0317280490,-0.0276434915,-0.0235211923,-0.0193577565,-0.0151548426,-0.0109199973,-0.0066659852,-0.0024089221,0.0018343049,0.0060487878,0.0102238939,0.0143544479,0.0184404434,0.0224855444,0.0264951408,0.0304746516,0.0344282376,0.0383577147,0.0422616198,0.0461347591,0.0499685615,0.0537521097,0.0574733675,0.0611203022,0.0646820586,0.0681504261,0.0715213036,0.0747952586,0.0779763945,0.0810697226,0.0840783271,0.0870018503,0.0898369402,0.0925789966,0.0952238490,0.0977683842,0.1002101542,0.1025467622,0.1047757999,0.1068955620,0.1089062682,0.1108114005,0.1126187964,0.1143410663,0.1159948503,0.1175987265,0.1191702492,0.1207231801,0.1222660012,0.1238022231,0.1253322425,0.1268559401,0.1283749771,0.1298938367,0.1314191175,0.1329573791,0.1345126091,0.1360845792,0.1376687754,0.1392576329,0.1408422078,0.1424135343,0.1439634403,0.1454849939,0.1469727889,0.1484231691,0.1498345032,0.1512077287,0.1525473489,0.1538627881,0.1551696609,0.1564903656,0.1578533630,0.1592900098,0.1608263289,0.1624649540,0.1641370550,0.1656807992,0.1668802613,0.1674212584,,
,,,-0.4718952681,-0.4724266254,-0.4684154870,-0.4629169444,-0.4566004263,-0.4501136398,-0.4437941276,-0.4377017915,-0.4317831943,-0.4259604729,-0.4201667824,-0.4143577300,-0.4085098835,-0.4026136449,-0.3966647854,-0.3906575662,-0.3845813824,-0.3784215075,-0.3721629472,-0.3657953377,-0.3593167811,-0.3527352912,-0.3460675656,-0.3393357647,-0.3325638440,-0.3257754510,-0.3189947720,-0.3122498064,-0.3055754299,-0.2990130531,-0.2926054793,-0.2863885997,-0.2803837242,-0.2745942317,-0.2690081422,-0.2636055262,-0.2583676636,-0.2532841903,-0.2483553036,-0.2435882664,-0.2389901445,-0.2345605717,-0.2302882392,-0.2261527858,-0.2221310702,-0.2182049059,-0.2143669899,-0.2106227441,-0.2069874470,-0.2034797060,-0.2001135831,-0.1968922387,-0.1938055286,-0.1908325452,-0.1879480505,-0.1851300523,-0.1823653901,-0.1796513632,-0.1769934347,-0.1744006551,-0.1718809051,-0.1694374793,-0.1670676283,-0.1647629735,-0.1625112702,-0.1602986950,-0.1581117679,-0.1559383382,-0.1537676966,-0.1515903545,-0.1493980075,-0.1471837781,-0.1449424607,-0.1426704717,-0.1403654175,-0.1380253738,-0.1356480078,-0.1332297049,-0.1307649525,-0.1282462803,-0.1256649213,-0.1230120821,-0.1202804529,-0.1174654755,-0.1145659539,-0.1115838394,-0.1085234187,-0.1053904438,-0.1021916426,-0.0989344699,-0.0956264013,-0.0922732298,-0.0888767933,-0.0854335418,-0.0819352909,-0.0783722214,-0.0747366507,-0.0710256170,-0.0672412730,-0.0633895993,-0.0594787305,-0.0555177560,-0.0515158902,-0.0474814383,-0.0434203789,-0.0393350857,-0.0352239768,-0.0310824891,-0.0269051288,-0.0226878979,-0.0184303406,-0.0141366870,-0.0098159219,-0.0054808895,-0.0011466792,0.0031714529,0.0074602980,0.0117105318,0.0159175843,0.0200812675,0.0242044966,0.0282918109,0.0323481365,0.0363776455,0.0403823750,0.0443607449,0.0483066710,0.0522098755,0.0560573000,0.0598349679,0.0635297753,0.0671311590,0.0706326725,0.0740330080,0.0773355965,0.0805463495,0.0836702866,0.0867087350,0.0896585835,0.0925137776,0.0952678482,0.0979158347,0.1004547071,0.1028825972,0.1051978638,0.1073988538,0.1094845563,0.1114558333,0.1133167879,0.1150758718,0.1167462626,0.1183450205,0.1198908745,0.1214012034,0.1228893606,0.1243634556,0.1258270203,0.1272811380,0.1287270677,0.1301682867,0.1316111266,0.1330637089,0.1345336390,0.1360255836,0.1375399832,0.1390735153,0.1406208929,0.1421768884,0.1437375572,0.1453003127,0.1468631785,0.1484238300,0.1499789820,0.1515245045,0.1530564615,0.1545729898,0.1560765837,0.1575760839,0.1590876455,0.1606339432,0.1622402396,0.1639246583,0.1656757490,0.1674079184,0.1689528144,0.1701235577,0.1704133599,,
,,,-0.4784717742,-0.4818700380,-0.4781618685,-0.4728768885,-0.4665593446,-0.4598767675,-0.4532307095,-0.4467423978,-0.4403865571,-0.4341057616,-0.4278513971,-0.4215979518,-0.4153412132,-0.4090890427,-0.4028501721,-0.3966250412,-0.3904015656,-0.3841569412,-0.3778642708,-0.3715009631,-0.3650554010,-0.3585294338,-0.3519361641,-0.3452944891,-0.3386232658,-0.3319382214,-0.3252533575,-0.3185859674,-0.3119619274,-0.3054173551,-0.2989946047,-0.2927337499,-0.2866632473,-0.2807940114,-0.2751195944,-0.2696224509,-0.2642835800,-0.2590912791,-0.2540450891,-0.2491533033,-0.2444256337,-0.2398650251,-0.2354628449,-0.2311997233,-0.2270514557,-0.2229971603,-0.2190262249,-0.2151414068,-0.2113571009,-0.2076935096,-0.2041687586,-0.2007916854,-0.1975579106,-0.1944507202,-0.1914463899,-0.1885216430,-0.1856600470,-0.1828549179,-0.1801082083,-0.1774266588,-0.1748171997,-0.1722832063,-0.1698224379,-0.1674268790,-0.1650842598,-0.1627805578,-0.1605024111,-0.1582384856,-0.1559795227,-0.1537175772,-0.1514452524,-0.1491554376,-0.1468415322,-0.1444978538,-0.1421199331,-0.1397045191,-0.1372492097,-0.1347517239,-0.1322089900,-0.1296163562,-0.1269672448,-0.1242534625,-0.1214662143,-0.1185976488,-0.1156425137,-0.1125993638,-0.1094709414,-0.1062637681,-0.1029872484,-0.0996523771,-0.0962697724,-0.0928468870,-0.0893851243,-0.0858784563,-0.0823149299,-0.0786809171,-0.0749662008,-0.0711674522,-0.0672887928,-0.0633399263,-0.0593333245,-0.0552816370,-0.0511956242,-0.0470825013,-0.0429448717,-0.0387807622,-0.0345850546,-0.0303519411,-0.0260775089,-0.0217615818,-0.0174083899,-0.0130261464,-0.0086259150,-0.0042201999,0.0001784475,0.0045586848,0.0089114143,0.0132304026,0.0175122605,0.0217558296,0.0259614239,0.0301304103,0.0342650800,0.0383681647,0.0424414472,0.0464837707,0.0504895184,0.0544485023,0.0583472928,0.0621713033,0.0659069913,0.0695439604,0.0730767631,0.0765057254,0.0798359019,0.0830740188,0.0862246053,0.0892873072,0.0922567733,0.0951248922,0.0978837799,0.1005277753,0.1030537236,0.1054600729,0.1077458717,0.1099104487,0.1119539024,0.1138781100,0.1156879137,0.1173921490,0.1190040426,0.1205404429,0.1220197004,0.1234587644,0.1248706653,0.1262635024,0.1276413191,0.1290063438,0.1303615254,0.1317122775,0.1330667249,0.1344343466,0.1358235918,0.1372395844,0.1386830822,0.1401512484,0.1416398030,0.1431453846,0.1446669427,0.1462056239,0.1477634157,0.1493413212,0.1509379327,0.1525490684,0.1541687702,0.1557914918,0.1574148539,0.1590421039,0.1606834209,0.1623551426,0.1640751975,0.1658524408,0.1676581921,0.1693913724,0.1708816497,0.1719780971,0.1721854695,,
,,,,-0.4883213442,-0.4849232853,-0.4799416596,-0.4737675605,-0.4670496426,-0.4602367530,-0.4535127461,-0.4468831659,-0.4403126165,-0.4337699991,-0.4272457785,-0.4207504126,-0.4143038296,-0.4079224718,-0.4016088520,-0.3953472374,-0.3891068599,-0.3828510731,-0.3765484592,-0.3701812802,-0.3637481377,-0.3572604404,-0.3507349838,-0.3441865463,-0.3376242582,-0.3310535327,-0.3244823625,-0.3179282959,-0.3114218469,-0.3050038216,-0.2987170923,-0.2925961358,-0.2866588764,-0.2809045203,-0.2753184704,-0.2698821353,-0.2645830304,-0.2594203685,-0.2544036546,-0.2495454483,-0.2448523706,-0.2403190384,-0.2359277935,-0.2316540914,-0.2274748978,-0.2233764713,-0.2193585944,-0.2154339586,-0.2116231664,-0.2079471238,-0.2044193545,-0.2010408918,-0.1977996631,-0.1946745972,-0.1916426184,-0.1886854179,-0.1857932636,-0.1829648660,-0.1802042281,-0.1775163310,-0.1749033028,-0.1723620588,-0.1698838628,-0.1674558123,-0.1650636358,-0.1626945751,-0.1603390356,-0.1579904017,-0.1556434760,-0.1532926724,-0.1509309765,-0.1485500598,-0.1461412995,-0.1436971300,-0.1412121149,-0.1386832959,-0.1361096471,-0.1334907856,-0.1308253314,-0.1281094311,-0.1253359856,-0.1224950474,-0.1195755612,-0.1165680671,-0.1134674311,-0.1102745702,-0.1069966269,-0.1036456870,-0.1002363673,-0.0967824766,-0.0932930857,-0.0897690621,-0.0862018216,-0.0825756468,-0.0788731858,-0.0750818110,-0.0711979580,-0.0672278533,-0.0631850574,-0.0590864538,-0.0549481660,-0.0507821665,-0.0465940179,-0.0423823168,-0.0381402921,-0.0338592500,-0.0295326118,-0.0251589711,-0.0207431556,-0.0162952575,-0.0118283527,-0.0073558807,-0.0028895018,0.0015621007,0.0059933837,0.0104012526,0.0147838325,0.0191391212,0.0234640760,0.0277546856,0.0320071243,0.0362192618,0.0403912593,0.0445244278,0.0486187714,0.0526706455,0.0566718276,0.0606102794,0.0644720253,0.0682435094,0.0719140906,0.0754782284,0.0789364221,0.0822939294,0.0855573029,0.0887302749,0.0918111839,0.0947932358,0.0976670910,0.1004239699,0.1030575895,0.1055644182,0.1079428938,0.1101925924,0.1123139171,0.1143083361,0.1161789836,0.1179314917,0.1195748652,0.1211219487,0.1225888737,0.1239932162,0.1253513572,0.1266761768,0.1279761797,0.1292564243,0.1305207005,0.1317738546,0.1330231946,0.1342783917,0.1355499362,0.1368468026,0.1381743612,0.1395335394,0.1409217031,0.1423348863,0.1437703099,0.1452280151,0.1467109238,0.1482234108,0.1497691031,0.1513488897,0.1529600065,0.1545966443,0.1562519592,0.1579208431,0.1596025435,0.1613021849,0.1630300510,0.1647965443,0.1666015685,0.1684006366,0.1700842135,0.1714878677,0.1725392059,,,
,,,,-0.4922030213,-0.4889266706,-0.4842628473,-0.4783359187,-0.4717371901,-0.4649310311,-0.4581491847,-0.4514281129,-0.4447531915,-0.4381075666,-0.4314925155,-0.4249270835,-0.4184374825,-0.4120436228,-0.4057483556,-0.3995334511,-0.3933638006,-0.3871979645,-0.3810004895,-0.3747508466,-0.3684456906,-0.3620943719,-0.3557106128,-0.3493047031,-0.3428800000,-0.3364352786,-0.3299715820,-0.3234999880,-0.3170461488,-0.3106488234,-0.3043522832,-0.2981953415,-0.2922015976,-0.2863753268,-0.2807050760,-0.2751733392,-0.2697675786,-0.2644871548,-0.2593429622,-0.2543504704,-0.2495201916,-0.2448505607,-0.2403265842,-0.2359245637,-0.2316204354,-0.2273980482,-0.2232542464,-0.2191992554,-0.2152526129,-0.2114361613,-0.2077663762,-0.2042485922,-0.2008752391,-0.1976287592,-0.1944878272,-0.1914339846,-0.1884558493,-0.1855496234,-0.1827165359,-0.1799589146,-0.1772765248,-0.1746642474,-0.1721116730,-0.1696047432,-0.1671288701,-0.1646721923,-0.1622273776,-0.1597910883,-0.1573615126,-0.1549353780,-0.1525059948,-0.1500631842,-0.1475949679,-0.1450901484,-0.1425406457,-0.1399426772,-0.1372963976,-0.1346041732,-0.1318680454,-0.1290871182,-0.1262557054,-0.1233630785,-0.1203953237,-0.1173389950,-0.1141852977,-0.1109331480,-0.1075899701,-0.1041700906,-0.1006912718,-0.0971700782,-0.0936169076,-0.0900320601,-0.0864046868,-0.0827158697,-0.0789451975,-0.0750781792,-0.0711112889,-0.0670528234,-0.0629199241,-0.0587334748,-0.0545126197,-0.0502701312,-0.0460096308,-0.0417256213,-0.0374066912,-0.0330409490,-0.0286215543,-0.0241501333,-0.0196369717,-0.0150983578,-0.0105523978,-0.0060148210,-0.0014959956,0.0030001019,0.0074747982,0.0119319684,0.0163745951,0.0208018879,0.0252081161,0.0295837510,0.0339185045,0.0382047631,0.0424395037,0.0466235752,0.0507588404,0.0548448944,0.0588770143,0.0628459517,0.0667392408,0.0705434926,0.0742472475,0.0778436949,0.0813320396,0.0847163971,0.0880023205,0.0911926600,0.0942850433,0.0972721993,0.1001444801,0.1028927659,0.1055102378,0.1079927169,0.1103382341,0.1125465809,0.1146191170,0.1165587365,0.1183699583,0.1200592792,0.1216358118,0.1231118049,0.1245023705,0.1258240380,0.1270925069,0.1283206297,0.1295176587,0.1306901160,0.1318437525,0.1329855201,0.1341245664,0.1352718040,0.1364382667,0.1376329631,0.1388611270,0.1401236380,0.1414179323,0.1427401031,0.1440873384,0.1454596731,0.1468603287,0.1482945345,0.1497673681,0.1512815437,0.1528360831,0.1544264376,0.1560460571,0.1576888525,0.1593517029,0.1610360210,0.1627470314,0.1644884853,0.1662531868,0.1679887091,0.1695917095,0.1709155406,0.1721615916,,,
,,,,-0.4941641940,-0.4904259059,-0.4861188011,-0.4805542604,-0.4742328636,-0.4676084103,-0.4609450858,-0.4543125187,-0.4477137272,-0.4411413310,-0.4346012041,-0.4281147041,-0.4217093895,-0.4154061909,-0.4092089634,-0.4031006036,-0.3970472414,-0.3910085751,-0.3849497337,-0.3788496095,-0.3727026236,-0.3665141823,-0.3602928834,-0.3540436020,-0.3477647243,-0.3414506717,-0.3350984504,-0.3287151803,-0.3223229683,-0.3159583192,-0.3096653932,-0.3034851933,-0.2974450600,-0.2915532888,-0.2858016041,-0.2801743789,-0.2746599752,-0.2692584999,-0.2639823145,-0.2588495736,-0.2538745820,-0.2490600136,-0.2443946401,-0.2398572267,-0.2354243907,-0.2310788442,-0.2268148899,-0.2226396078,-0.2185698214,-0.2146260804,-0.2108255878,-0.2071763759,-0.2036748298,-0.2003074992,-0.1970562450,-0.1939041925,-0.1908397891,-0.1878575873,-0.1849561740,-0.1821347558,-0.1793899450,-0.1767137992,-0.1740937077,-0.1715142822,-0.1689607098,-0.1664221878,-0.1638937160,-0.1613751752,-0.1588680273,-0.1563712521,-0.1538785148,-0.1513778817,-0.1488541308,-0.1462925358,-0.1436824595,-0.1410193450,-0.1383044954,-0.1355428844,-0.1327397608,-0.1298970143,-0.1270103816,-0.1240686276,-0.1210554777,-0.1179540573,-0.1147523032,-0.1114471590,-0.1080459114,-0.1045643226,-0.1010223002,-0.0974382442,-0.0938233310,-0.0901773335,-0.0864878154,-0.0827337968,-0.0788930469,-0.0749501504,-0.0709019799,-0.0667586326,-0.0625400974,-0.0582703530,-0.0539707987,-0.0496546218,-0.0453236082,-0.0409687089,-0.0365746431,-0.0321270292,-0.0276191500,-0.0230556045,-0.0184516952,-0.0138292808,-0.0092109083,-0.0046141752,-0.0000479216,0.0044886706,0.0090037520,0.0135079668,0.0180087948,0.0225062049,0.0269913511,0.0314488715,0.0358618168,0.0402169678,0.0445080694,0.0487356155,0.0529036962,0.0570158030,0.0610715410,0.0650652229,0.0689863639,0.0728217382,0.0765585377,0.0801877133,0.0837060044,0.0871153536,0.0904197606,0.0936212979,0.0967175709,0.0997018089,0.1025649532,0.1052980866,0.1078939567,0.1103474844,0.1126558575,0.1148186480,0.1168378653,0.1187177099,0.1204641309,0.1220846207,0.1235885087,0.1249874515,0.1262954217,0.1275277174,0.1286992221,0.1298227843,0.1309086277,0.1319651100,0.1330003293,0.1340235946,0.1350458987,0.1360791201,0.1371343298,0.1382199442,0.1393404667,0.1404963042,0.1416847674,0.1429019701,0.1441449946,0.1454135450,0.1467104416,0.1480407468,0.1494098671,0.1508214123,0.1522756995,0.1537695118,0.1552972074,0.1568527584,0.1584319772,0.1600339530,0.1616601838,0.1633094256,0.1649690233,0.1665870096,0.1680774020,0.1693212012,0.1713682615,,,
,,,,-0.4949711241,-0.4897960097,-0.4859098797,-0.4808650387,-0.4749821116,-0.4686995379,-0.4623099390,-0.4559221018,-0.4495532678,-0.4432008159,-0.4368695300,-0.4305779519,-0.4243517207,-0.4182121936,-0.4121664714,-0.4062030854,-0.4002949570,-0.3944079847,-0.3885111324,-0.3825835531,-0.3766161996,-0.3706083134,-0.3645614847,-0.3584746158,-0.3523422030,-0.3461566748,-0.3399138547,-0.3336193526,-0.3272930259,-0.3209688961,-0.3146893967,-0.3084953710,-0.3024157501,-0.2964616892,-0.2906281841,-0.2849024771,-0.2792749880,-0.2737472338,-0.2683329689,-0.2630524714,-0.2579233536,-0.2529526807,-0.2481340527,-0.2434505257,-0.2388814831,-0.2344101902,-0.2300291557,-0.2257418629,-0.2215608714,-0.2175032039,-0.2135844782,-0.2098136531,-0.2061902708,-0.2027052533,-0.1993447041,-0.1960946875,-0.1929446419,-0.1898881320,-0.1869212133,-0.1840396926,-0.1812366357,-0.1785010394,-0.1758181620,-0.1731716211,-0.1705467514,-0.1679339244,-0.1653301417,-0.1627377700,-0.1601606704,-0.1575993982,-0.1550477408,-0.1524922703,-0.1499151431,-0.1472988624,-0.1446308980,-0.1419063102,-0.1391275701,-0.1363019075,-0.1334371813,-0.1305374568,-0.1275995445,-0.1246118113,-0.1215562028,-0.1184132628,-0.1151684089,-0.1118168969,-0.1083654824,-0.1048303290,-0.1012321021,-0.0975897411,-0.0939144522,-0.0902055884,-0.0864501218,-0.0826266078,-0.0787126792,-0.0746932145,-0.0705658663,-0.0663420195,-0.0620433570,-0.0576956170,-0.0533214348,-0.0489340871,-0.0445340150,-0.0401097340,-0.0356433893,-0.0311190524,-0.0265303197,-0.0218840957,-0.0171993921,-0.0125021226,-0.0078180191,-0.0031658967,0.0014468349,0.0060250032,0.0105823336,0.0151348619,0.0196934407,0.0242582488,0.0288174797,0.0333506687,0.0378351687,0.0422529704,0.0465950149,0.0508614784,0.0550584976,0.0591932709,0.0632696564,0.0672855635,0.0712325376,0.0750974531,0.0788658793,0.0825260270,0.0860715420,0.0895016481,0.0928185637,0.0960238096,0.0991156023,0.1020884941,0.1049347550,0.1076461248,0.1102150173,0.1126352467,0.1149027600,0.1170164535,0.1189786017,0.1207944943,0.1224714950,0.1240182299,0.1254444302,0.1267612786,0.1279815995,0.1291193454,0.1301884577,0.1312017542,0.1321705726,0.1331053978,0.1340170136,0.1349173291,0.1358192151,0.1367352890,0.1376761876,0.1386490926,0.1396570844,0.1406995094,0.1417732153,0.1428743080,0.1439999658,0.1451497859,0.1463261980,0.1475337445,0.1487774550,0.1500609389,0.1513849597,0.1527470578,0.1541423518,0.1555652064,0.1570111326,0.1584779668,0.1599647104,0.1614671573,0.1629676513,0.1644180333,0.1657464403,0.1669274310,0.1705954669,,,
,,,,,-0.4878794229,-0.4842519525,-0.4798400976,-0.4745153216,-0.4686969105,-0.4626998146,-0.4566726952,-0.4506451117,-0.4446159535,-0.4385851881,-0.4325655003,-0.4265792187,-0.4206487754,-0.4147870166,-0.4089917623,-0.4032465188,-0.3975262967,-0.3918052611,-0.3860626011,-0.3802845500,-0.3744628038,-0.3685912426,-0.3626631785,-0.3566706249,-0.3506060604,-0.3444662729,-0.3382570603,-0.3319967873,-0.3257165161,-0.3194553397,-0.3132517553,-0.3071343824,-0.3011163574,-0.2951963206,-0.2893656073,-0.2836179888,-0.2779570451,-0.2723976677,-0.2669613724,-0.2616681986,-0.2565293791,-0.2515441201,-0.2467014469,-0.2419856043,-0.2373822786,-0.2328832689,-0.2284884697,-0.2242051411,-0.2200450237,-0.2160201810,-0.2121388397,-0.2084027245,-0.2048069373,-0.2013422312,-0.1979982665,-0.1947660384,-0.1916384069,-0.1886089057,-0.1856698429,-0.1828107597,-0.1800179153,-0.1772750958,-0.1745657517,-0.1718760271,-0.1691976015,-0.1665288819,-0.1638734909,-0.1612362150,-0.1586179898,-0.1560122291,-0.1534043549,-0.1507749113,-0.1481049203,-0.1453811009,-0.1425987977,-0.1397616828,-0.1368786738,-0.1339592812,-0.1310087436,-0.1280242887,-0.1249938644,-0.1218983004,-0.1187166566,-0.1154328922,-0.1120411040,-0.1085472070,-0.1049666444,-0.1013192577,-0.0976230359,-0.0938883733,-0.0901143622,-0.0862885549,-0.0823908753,-0.0784007171,-0.0743045894,-0.0701012825,-0.0658027759,-0.0614309988,-0.0570118005,-0.0525678312,-0.0481121435,-0.0436445730,-0.0391527146,-0.0346178113,-0.0300235016,-0.0253637408,-0.0206466169,-0.0158928953,-0.0111303714,-0.0063862400,-0.0016797862,0.0029825407,0.0076079835,0.0122135530,0.0168183571,0.0214349822,0.0260633554,0.0306895130,0.0352895922,0.0398372058,0.0443111034,0.0487001504,0.0530040524,0.0572301990,0.0613884444,0.0654859436,0.0695235607,0.0734945952,0.0773860277,0.0811819386,0.0848679157,0.0884345491,0.0918783502,0.0951998437,0.0984002632,0.1014788760,0.1044320725,0.1072538986,0.1099370235,0.1124735917,0.1148561902,0.1170792693,0.1191407207,0.1210427603,0.1227915298,0.1243957110,0.1258651031,0.1272099530,0.1284410790,0.1295702071,0.1306099366,0.1315732465,0.1324729581,0.1333216488,0.1341321307,0.1349180717,0.1356940858,0.1364748690,0.1372735530,0.1380999621,0.1389595411,0.1398533671,0.1407791610,0.1417328943,0.1427105343,0.1437095415,0.1447298037,0.1457737526,0.1468455781,0.1479497510,0.1490893712,0.1502649612,0.1514741562,0.1527123879,0.1539743032,0.1552553716,0.1565527472,0.1578638088,0.1591833503,0.1604907645,0.1617447819,0.1628799225,0.1642042580,,,,
,,,,,-0.4858360075,-0.4818144180,-0.4780504414,-0.4733444574,-0.4680678902,-0.4625409313,-0.4569436437,-0.4513205086,-0.4456709113,-0.4399890453,-0.4342811106,-0.4285662956,-0.4228691136,-0.4172096809,-0.4115966495,-0.4060251898,-0.4004797614,-0.3949393814,-0.3893826189,-0.3837905597,-0.3781475714,-0.3724407771,-0.3666593432,-0.3607943452,-0.3548396468,-0.3487939714,-0.3426638203,-0.3364659937,-0.3302278092,-0.3239835935,-0.3177678432,-0.3116076287,-0.3055177960,-0.2995014317,-0.2935554063,-0.2876781777,-0.2818759553,-0.2761643329,-0.2705649150,-0.2650989370,-0.2597811278,-0.2546165559,-0.2496013713,-0.2447263884,-0.2399814838,-0.2353591184,-0.2308562596,-0.2264747142,-0.2222200800,-0.2180995799,-0.2141193528,-0.2102821801,-0.2065865949,-0.2030276032,-0.1995982819,-0.1962910785,-0.1930980484,-0.1900101411,-0.1870162571,-0.1841027933,-0.1812540193,-0.1784533040,-0.1756850607,-0.1729370802,-0.1702025226,-0.1674805080,-0.1647744686,-0.1620883491,-0.1594219825,-0.1567677369,-0.1541102390,-0.1514296264,-0.1487070241,-0.1459298064,-0.1430943905,-0.1402056210,-0.1372733175,-0.1343073877,-0.1313129633,-0.1282868586,-0.1252165608,-0.1220825753,-0.1188637969,-0.1155440241,-0.1121169050,-0.1085873045,-0.1049688517,-0.1012789761,-0.0975332255,-0.0937403555,-0.0898993779,-0.0859996013,-0.0820241307,-0.0779559824,-0.0737845962,-0.0695102112,-0.0651446300,-0.0607084497,-0.0562258141,-0.0517180145,-0.0471975005,-0.0426643042,-0.0381067874,-0.0335071676,-0.0288498966,-0.0241293132,-0.0193533743,-0.0145423353,-0.0097233819,-0.0049232498,-0.0001609766,0.0045571592,0.0092386553,0.0139008613,0.0185631193,0.0232379254,0.0279247143,0.0326087117,0.0372650433,0.0418661585,0.0463895222,0.0508227575,0.0551647285,0.0594227888,0.0636077352,0.0677284048,0.0717874930,0.0757795980,0.0796919753,0.0835078023,0.0872107839,0.0907891314,0.0942371452,0.0975539820,0.1007407925,0.1037980341,0.1067240307,0.1095146609,0.1121635516,0.1146625983,0.1170031811,0.1191782491,0.1211846168,0.1230242789,0.1247040017,0.1262335537,0.1276237366,0.1288852409,0.1300285519,0.1310644153,0.1320042521,0.1328602795,0.1336455163,0.1343739316,0.1350607319,0.1357224143,0.1363761141,0.1370380822,0.1377216777,0.1384356592,0.1391835063,0.1399640357,0.1407730234,0.1416052295,0.1424562481,0.1433238037,0.1442083005,0.1451125524,0.1460407677,0.1469970710,0.1479840394,0.1490017435,0.1500476041,0.1511170752,0.1522049064,0.1533064989,0.1544184643,0.1555371749,0.1566573903,0.1577600999,0.1588156601,0.1597666204,0.1618258333,,,,
,,,,,-0.4843504326,-0.4790976038,-0.4759266544,-0.4718771536,-0.4671873635,-0.4621703687,-0.4570295261,-0.4518312100,-0.4465766210,-0.4412559371,-0.4358703777,-0.4304371495,-0.4249834761,-0.4195366199,-0.4141151043,-0.4087241459,-0.4033558292,-0.3979926083,-0.3926119996,-0.3871907801,-0.3817079318,-0.3761462731,-0.3704930176,-0.3647396630,-0.3588818416,-0.3529198637,-0.3468602148,-0.3407172621,-0.3345136113,-0.3282778043,-0.3220394823,-0.3158238337,-0.3096478807,-0.3035203820,-0.2974453037,-0.2914270506,-0.2854748942,-0.2796045713,-0.2738364935,-0.2681916269,-0.2626870959,-0.2573334336,-0.2521342898,-0.2470880611,-0.2421902284,-0.2374354409,-0.2328190716,-0.2283383328,-0.2239928911,-0.2197846864,-0.2157168217,-0.2117919125,-0.2080106530,-0.2043711544,-0.2008689901,-0.1974974156,-0.1942473314,-0.1911070552,-0.1880623509,-0.1850970797,-0.1821944501,-0.1793385606,-0.1765159317,-0.1737168267,-0.1709360750,-0.1681728855,-0.1654291490,-0.1627062789,-0.1600015496,-0.1573055908,-0.1546025561,-0.1518733657,-0.1491008294,-0.1462743613,-0.1433921628,-0.1404600752,-0.1374878451,-0.1344843437,-0.1314532062,-0.1283899994,-0.1252818072,-0.1221097628,-0.1188540825,-0.1154998365,-0.1120410357,-0.1084813765,-0.1048316906,-0.1011055474,-0.0973147010,-0.0934655281,-0.0895571176,-0.0855815666,-0.0815267473,-0.0773809319,-0.0731376331,-0.0687987913,-0.0643752692,-0.0598847697,-0.0553478922,-0.0507831251,-0.0462018391,-0.0416049825,-0.0369833381,-0.0323220039,-0.0276075710,-0.0228348829,-0.0180105371,-0.0131520807,-0.0082836591,-0.0034297142,0.0013915425,0.0061730220,0.0109201136,0.0156474172,0.0203716613,0.0251035791,0.0298421452,0.0345734285,0.0392741859,0.0439184362,0.0484843623,0.0529591212,0.0573402060,0.0616333899,0.0658483824,0.0699937807,0.0740727855,0.0780808226,0.0820057892,0.0858309275,0.0895392787,0.0931178107,0.0965594359,0.0998623610,0.1030276972,0.1060568647,0.1089497630,0.1117037588,0.1143132348,0.1167698559,0.1190640200,0.1211874917,0.1231362449,0.1249120686,0.1265221119,0.1279768162,0.1292875586,0.1304651960,0.1315198544,0.1324615349,0.1333008998,0.1340498784,0.1347220671,0.1353329934,0.1359001430,0.1364424572,0.1369790366,0.1375271269,0.1380999233,0.1387049910,0.1393439416,0.1400135033,0.1407075812,0.1414196124,0.1421445654,0.1428801744,0.1436272454,0.1443890660,0.1451701311,0.1459745768,0.1468048091,0.1476607332,0.1485397520,0.1494374511,0.1503487151,0.1512688429,0.1521938967,0.1531199977,0.1540418369,0.1549451593,0.1558091942,0.1566440510,0.1601658210,,,,
,,,,,,-0.4765559358,-0.4737990399,-0.4704055277,-0.4663094023,-0.4618084856,-0.4571207902,-0.4523376374,-0.4474655013,-0.4424942331,-0.4374230019,-0.4322685549,-0.4270607035,-0.4218321055,-0.4166081647,-0.4114006667,-0.4062063150,-0.4010093510,-0.3957864632,-0.3905121583,-0.3851632192,-0.3797214428,-0.3741744481,-0.3685150126,-0.3627399649,-0.3568497625,-0.3508492514,-0.3447490309,-0.3385661174,-0.3323228481,-0.3260440490,-0.3197535798,-0.3134717196,-0.3072143512,-0.3009940084,-0.2948220962,-0.2887112409,-0.2826767694,-0.2767366965,-0.2709102350,-0.2652155176,-0.2596675278,-0.2542769413,-0.2490499089,-0.2439883706,-0.2390906159,-0.2343521974,-0.2297674114,-0.2253311507,-0.2210404305,-0.2168948233,-0.2128955912,-0.2090440064,-0.2053396546,-0.2017792338,-0.1983558921,-0.1950589719,-0.1918742120,-0.1887846445,-0.1857722533,-0.1828200203,-0.1799136933,-0.1770427669,-0.1742005946,-0.1713838339,-0.1685913459,-0.1658224939,-0.1630748904,-0.1603421332,-0.1576125768,-0.1548701716,-0.1520975951,-0.1492806268,-0.1464117964,-0.1434915316,-0.1405262951,-0.1375246745,-0.1344930648,-0.1314323103,-0.1283360620,-0.1251912354,-0.1219806735,-0.1186874553,-0.1152993564,-0.1118115703,-0.1082265805,-0.1045516055,-0.1007951346,-0.0969639943,-0.0930615545,-0.0890870837,-0.0850362679,-0.0809029927,-0.0766820800,-0.0723720219,-0.0679766268,-0.0635051049,-0.0589708309,-0.0543891520,-0.0497743763,-0.0451362836,-0.0404773176,-0.0357921450,-0.0310704999,-0.0263024150,-0.0214835085,-0.0166180948,-0.0117192123,-0.0068059492,-0.0018989673,0.0029847127,0.0078361903,0.0126565794,0.0174550247,0.0222432683,0.0270290365,0.0318111321,0.0365781427,0.0413109161,0.0459874859,0.0505884801,0.0551011861,0.0595211333,0.0638509953,0.0680974336,0.0722669697,0.0763620863,0.0803786988,0.0843058910,0.0881281515,0.0918292935,0.0953963456,0.0988217162,0.1021029913,0.1052410385,0.1082376514,0.1110935610,0.1138069796,0.1163727218,0.1187823230,0.1210256685,0.1230939621,0.1249828292,0.1266939832,0.1282346631,0.1296153993,0.1308475271,0.1319416807,0.1329076256,0.1337550084,0.1344943792,0.1351380624,0.1357007234,0.1361995705,0.1366540508,0.1370848509,0.1375121464,0.1379533630,0.1384210432,0.1389215228,0.1394549079,0.1400163864,0.1405984561,0.1411934084,0.1417954321,0.1424018939,0.1430135946,0.1436340396,0.1442680092,0.1449199117,0.1455924432,0.1462859072,0.1469982550,0.1477256866,0.1484635569,0.1492072220,0.1499524528,0.1506965020,0.1514358890,0.1521636997,0.1528591869,0.1537889484,,,,,
,,,,,,-0.4746589257,-0.4719182975,-0.4690878527,-0.4655600353,-0.4615625028,-0.4573119070,-0.4529195594,-0.4484038038,-0.4437588972,-0.4389854291,-0.4341010157,-0.4291371320,-0.4241289861,-0.4191048610,-0.4140790363,-0.4090498065,-0.4040020480,-0.3989126156,-0.3937564936,-0.3885118301,-0.3831626135,-0.3776987667,-0.3721145285,-0.3664066497,-0.3605737296,-0.3546170421,-0.3485421156,-0.3423598995,-0.3360867972,-0.3297436444,-0.3233541491,-0.3169431897,-0.3105350976,-0.3041520885,-0.2978132896,-0.2915348865,-0.2853314495,-0.2792177591,-0.2732100691,-0.2673260990,-0.2615838358,-0.2559997652,-0.2505871232,-0.2453544708,-0.2403048198,-0.2354357024,-0.2307405493,-0.2262112176,-0.2218407583,-0.2176251794,-0.2135634299,-0.2096557928,-0.2059016051,-0.2022972471,-0.1988348764,-0.1955020064,-0.1922820027,-0.1891556328,-0.1861035466,-0.1831090147,-0.1801598879,-0.1772490104,-0.1743730861,-0.1715306703,-0.1687200850,-0.1659377039,-0.1631767172,-0.1604264856,-0.1576728393,-0.1548997342,-0.1520922182,-0.1492397992,-0.1463386749,-0.1433915476,-0.1404049343,-0.1373852022,-0.1343350369,-0.1312515069,-0.1281259821,-0.1249456367,-0.1216961280,-0.1183648164,-0.1149434466,-0.1114291116,-0.1078230851,-0.1041283552,-0.1003473974,-0.0964812379,-0.0925297469,-0.0884924143,-0.0843690638,-0.0801604641,-0.0758688879,-0.0714984139,-0.0670547561,-0.0625448237,-0.0579764550,-0.0533583413,-0.0486994942,-0.0440076839,-0.0392872969,-0.0345380379,-0.0297556980,-0.0249348822,-0.0200723753,-0.0151697130,-0.0102342601,-0.0052787043,-0.0003189742,0.0046292288,0.0095543464,0.0144515931,0.0193227571,0.0241730554,0.0290065703,0.0338224217,0.0386131580,0.0433656350,0.0480637079,0.0526916522,0.0572372089,0.0616933725,0.0660584682,0.0703345648,0.0745247146,0.0786298284,0.0826462161,0.0865647968,0.0903724715,0.0940551589,0.0976010886,0.1010028388,0.1042574536,0.1073650741,0.1103270047,0.1131438493,0.1158139240,0.1183321962,0.1206903381,0.1228784135,0.1248878863,0.1267146378,0.1283604499,0.1298323036,0.1311401691,0.1322947029,0.1333059810,0.1341835192,0.1349371304,0.1355780016,0.1361195754,0.1365780387,0.1369722882,0.1373232417,0.1376524376,0.1379800616,0.1383227861,0.1386919657,0.1390927028,0.1395240706,0.1399804483,0.1404536281,0.1409351806,0.1414185471,0.1419004129,0.1423810803,0.1428638094,0.1433534054,0.1438545786,0.1443706324,0.1449027995,0.1454502187,0.1460103402,0.1465795344,0.1471536428,0.1477290110,0.1483058211,0.1488874058,0.1494776012,0.1501046546,0.1515650958,,,,,
,,,,,,-0.4735211261,-0.4703691263,-0.4679381145,-0.4649599980,-0.4614568218,-0.4576283271,-0.4536006747,-0.4494134919,-0.4450707360,-0.4405775488,-0.4359531095,-0.4312289627,-0.4264396261,-0.4216123505,-0.4167604347,-0.4118816710,-0.4069613627,-0.4019781263,-0.3969102068,-0.3917401461,-0.3864564544,-0.3810523562,-0.3755230943,-0.3698638160,-0.3640693613,-0.3581358587,-0.3520629877,-0.3458557788,-0.3395256082,-0.3330906426,-0.3265758025,-0.3200116969,-0.3134318950,-0.3068687863,-0.3003495366,-0.2938941175,-0.2875164523,-0.2812279359,-0.2750412622,-0.2689725794,-0.2630412512,-0.2572678061,-0.2516711452,-0.2462658377,-0.2410600489,-0.2360546624,-0.2312441478,-0.2266191966,-0.2221701983,-0.2178899957,-0.2137746824,-0.2098223325,-0.2060306011,-0.2023943790,-0.1989042226,-0.1955457944,-0.1923004537,-0.1891471687,-0.1860655855,-0.1830393574,-0.1800583276,-0.1771184884,-0.1742197201,-0.1713624026,-0.1685443456,-0.1657590120,-0.1629952463,-0.1602382345,-0.1574713620,-0.1546787259,-0.1518479248,-0.1489723296,-0.1460517530,-0.1430908152,-0.1400954140,-0.1370688300,-0.1340092205,-0.1309093791,-0.1277584123,-0.1245443204,-0.1212565436,-0.1178878110,-0.1144347368,-0.1108968041,-0.1072740782,-0.1035649158,-0.0997651775,-0.0958695375,-0.0918740584,-0.0877784744,-0.0835870639,-0.0793079596,-0.0749513474,-0.0705271342,-0.0660428042,-0.0615024079,-0.0569073874,-0.0522588724,-0.0475599231,-0.0428161115,-0.0380341026,-0.0332193885,-0.0283747412,-0.0235001433,-0.0185939799,-0.0136549622,-0.0086843504,-0.0036878791,0.0013236112,0.0063356618,0.0113335032,0.0163055849,0.0212454733,0.0261513309,0.0310236292,0.0358624248,0.0406652585,0.0454261356,0.0501356711,0.0547822960,0.0593541905,0.0638413256,0.0682368777,0.0725374470,0.0767419188,0.0808493223,0.0848565422,0.0887569639,0.0925408085,0.0961970311,0.0997157581,0.1030900049,0.1063160297,0.1093925474,0.1123194096,0.1150961550,0.1177205927,0.1201877597,0.1224899252,0.1246181418,0.1265649702,0.1283270901,0.1299064266,0.1313093532,0.1325447342,0.1336221006,0.1345508438,0.1353404919,0.1360015835,0.1365466087,0.1369906854,0.1373517817,0.1376503263,0.1379081196,0.1381466396,0.1383850597,0.1386384257,0.1389163984,0.1392228115,0.1395560998,0.1399104984,0.1402778041,0.1406494105,0.1410182530,0.1413802496,0.1417348719,0.1420847049,0.1424342084,0.1427881996,0.1431506186,0.1435238728,0.1439086982,0.1443043080,0.1447086568,0.1451187510,0.1455330797,0.1459564652,0.1464031911,0.1468858063,0.1476707660,0.1501064186,,,,,
,,,,,,,-0.4691910667,-0.4669188930,-0.4644853779,-0.4614760905,-0.4580603696,-0.4543774206,-0.4504959174,-0.4464357420,-0.4422086241,-0.4378350979,-0.4333446954,-0.4287681710,-0.4241286879,-0.4194364249,-0.4146879930,-0.4098699429,-0.4049645398,-0.3999555272,-0.3948317061,-0.3895871038,-0.3842182229,-0.3787204592,-0.3730860986,-0.3673050501,-0.3613676343,-0.3552677707,-0.3490054123,-0.3425882521,-0.3360332116,-0.3293674880,-0.3226278692,-0.3158570512,-0.3090972685,-0.3023836148,-0.2957402266,-0.2891811806,-0.2827153028,-0.2763520205,-0.2701052932,-0.2639943123,-0.2580415454,-0.2522695097,-0.2466973767,-0.2413380513,-0.2361963698,-0.2312691856,-0.2265476515,-0.2220208955,-0.2176793645,-0.2135162818,-0.2095268657,-0.2057062005,-0.2020469914,-0.1985379654,-0.1951631805,-0.1919024853,-0.1887334826,-0.1856349366,-0.1825906007,-0.1795917033,-0.1766366580,-0.1737279254,-0.1708674460,-0.1680526640,-0.1652746172,-0.1625184452,-0.1597657336,-0.1569977649,-0.1541988218,-0.1513588238,-0.1484745697,-0.1455489160,-0.1425877597,-0.1395957512,-0.1365725821,-0.1335116258,-0.1304014713,-0.1272293508,-0.1239846970,-0.1206613963,-0.1172581149,-0.1137767098,-0.1102191988,-0.1065843851,-0.1028658132,-0.0990525224,-0.0951326929,-0.0910985532,-0.0869501542,-0.0826963371,-0.0783526634,-0.0739371859,-0.0694654511,-0.0649463898,-0.0603807994,-0.0557633618,-0.0510874154,-0.0463500222,-0.0415546707,-0.0367105207,-0.0318291281,-0.0269205707,-0.0219905741,-0.0170394955,-0.0120635441,-0.0070581196,-0.0020221931,0.0030382908,0.0081098948,0.0131744385,0.0182135432,0.0232127371,0.0281635884,0.0330636101,0.0379144754,0.0427192466,0.0474793399,0.0521920994,0.0568498521,0.0614408468,0.0659516765,0.0703701271,0.0746872558,0.0788978854,0.0829994322,0.0869897504,0.0908651522,0.0946196208,0.0982454717,0.1017348326,0.1050809644,0.1082788317,0.1113249658,0.1142169267,0.1169525049,0.1195286987,0.1219407971,0.1241822602,0.1262459006,0.1281260366,0.1298204872,0.1313312973,0.1326639721,0.1338259909,0.1348256561,0.1356718354,0.1363744510,0.1369452423,0.1373984231,0.1377510273,0.1380227788,0.1382353120,0.1384107103,0.1385696164,0.1387293955,0.1389028084,0.1390974192,0.1393156920,0.1395556041,0.1398116381,0.1400760990,0.1403407059,0.1405982820,0.1408441866,0.1410770613,0.1412986416,0.1415127628,0.1417240500,0.1419368332,0.1421545522,0.1423795412,0.1426129548,0.1428547525,0.1431040534,0.1433633724,0.1436437284,0.1439695316,0.1443530297,0.1457337688,,,,,,
,,,,,,,-0.4684139923,-0.4660525620,-0.4641294979,-0.4616057660,-0.4585945701,-0.4552436319,-0.4516517398,-0.4478608435,-0.4438899182,-0.4397597164,-0.4354953910,-0.4311213145,-0.4266546125,-0.4221016493,-0.4174585115,-0.4127146092,-0.4078577217,-0.4028785114,-0.3977726027,-0.3925392514,-0.3871774348,-0.3816818416,-0.3760413521,-0.3702409171,-0.3642655891,-0.3581045881,-0.3517542202,-0.3452199949,-0.3385187214,-0.3316802205,-0.3247468622,-0.3177692029,-0.3107980424,-0.3038758444,-0.2970315045,-0.2902808540,-0.2836320833,-0.2770927329,-0.2706747361,-0.2643959094,-0.2582784733,-0.2523460684,-0.2466203387,-0.2411176144,-0.2358463547,-0.2308063574,-0.2259903847,-0.2213876040,-0.2169870950,-0.2127797064,-0.2087577823,-0.2049135609,-0.2012373714,-0.1977162346,-0.1943330469,-0.1910667164,-0.1878938933,-0.1847924754,-0.1817458317,-0.1787456722,-0.1757917511,-0.1728881818,-0.1700379904,-0.1672383823,-0.1644786308,-0.1617410975,-0.1590046067,-0.1562487893,-0.1534580420,-0.1506240679,-0.1477462777,-0.1448297098,-0.1418808364,-0.1389026648,-0.1358912832,-0.1328356308,-0.1297206909,-0.1265324758,-0.1232623559,-0.1199088898,-0.1164766184,-0.1129723974,-0.1094005130,-0.1057583591,-0.1020347219,-0.0982120728,-0.0942724733,-0.0902046753,-0.0860092333,-0.0816994511,-0.0772979090,-0.0728299010,-0.0683159531,-0.0637659650,-0.0591773519,-0.0545383019,-0.0498349135,-0.0450588537,-0.0402119330,-0.0353058765,-0.0303580871,-0.0253856516,-0.0203999085,-0.0154033781,-0.0103902859,-0.0053508962,-0.0002781767,0.0048262036,0.0099495080,0.0150702588,0.0201638674,0.0252088824,0.0301915460,0.0351075444,0.0399608279,0.0447599866,0.0495132427,0.0542237005,0.0588866015,0.0634895960,0.0680157398,0.0724477915,0.0767719931,0.0809799554,0.0850682156,0.0890360583,0.0928828627,0.0966062331,0.1002015035,0.1036623356,0.1069816904,0.1101526445,0.1131689517,0.1160253854,0.1187177237,0.1212422249,0.1235948315,0.1257707867,0.1277652269,0.1295745769,0.1311978747,0.1326371912,0.1338970747,0.1349836890,0.1359043857,0.1366679252,0.1372850439,0.1377689804,0.1381357726,0.1384042553,0.1385955964,0.1387321696,0.1388357862,0.1389256962,0.1390169744,0.1391197368,0.1392392116,0.1393763486,0.1395286054,0.1396907516,0.1398557752,0.1400160419,0.1401646893,0.1402969619,0.1404110281,0.1405079598,0.1405909429,0.1406641798,0.1407320043,0.1407984314,0.1408669822,0.1409405419,0.1410213032,0.1411118558,0.1412207816,0.1413671653,0.1415797332,0.1419048754,0.1443974717,,,,,,
,,,,,,,,-0.4654202103,-0.4639294871,-0.4618565524,-0.4592339188,-0.4562058702,-0.4528941483,-0.4493645538,-0.4456431997,-0.4417493162,-0.4377012970,-0.4335150527,-0.4292006668,-0.4247610596,-0.4201932953,-0.4154916145,-0.4106509431,-0.4056695569,-0.4005495361,-0.3952943215,-0.3899043188,-0.3843730675,-0.3786864770,-0.3728257551,-0.3667723846,-0.3605127585,-0.3540413079,-0.3473627171,-0.3404942267,-0.3334676582,-0.3263291415,-0.3191345612,-0.3119409774,-0.3047971454,-0.2977374238,-0.2907816866,-0.2839404690,-0.2772219363,-0.2706371359,-0.2642019763,-0.2579365245,-0.2518629191,-0.2460026301,-0.2403733001,-0.2349857650,-0.2298424905,-0.2249384026,-0.2202637578,-0.2158073892,-0.2115586335,-0.2075074510,-0.2036434642,-0.1999548188,-0.1964271638,-0.1930427522,-0.1897801370,-0.1866154535,-0.1835257963,-0.1804937016,-0.1775104288,-0.1745758769,-0.1716947058,-0.1688703648,-0.1660998045,-0.1633711161,-0.1606647780,-0.1579576600,-0.1552281149,-0.1524604449,-0.1496474305,-0.1467901496,-0.1438949557,-0.1409683811,-0.1380117856,-0.1350181674,-0.1319729140,-0.1288583783,-0.1256600992,-0.1223716565,-0.1189960014,-0.1155428505,-0.1120232164,-0.1084429914,-0.1047979344,-0.1010723882,-0.0972430261,-0.0932867544,-0.0891896530,-0.0849530977,-0.0805945155,-0.0761425687,-0.0716285484,-0.0670768439,-0.0624977597,-0.0578855563,-0.0532228827,-0.0484899210,-0.0436741321,-0.0387762777,-0.0338105525,-0.0287995351,-0.0237664507,-0.0187276048,-0.0136875641,-0.0086390619,-0.0035681823,0.0015369880,0.0066781185,0.0118427445,0.0170063914,0.0221393328,0.0272147861,0.0322154677,0.0371366445,0.0419850973,0.0467744566,0.0515183993,0.0562240536,0.0608880514,0.0654966274,0.0700294158,0.0744650898,0.0787864804,0.0829833793,0.0870524196,0.0909946591,0.0948122610,0.0985057246,0.1020724874,0.1055068722,0.1088008522,0.1119451645,0.1149305662,0.1177490417,0.1203945645,0.1228630409,0.1251515480,0.1272575382,0.1291787021,0.1309135627,0.1324622252,0.1338266841,0.1350106510,0.1360193698,0.1368598133,0.1375411954,0.1380754398,0.1384773735,0.1387646687,0.1389575551,0.1390781116,0.1391488875,0.1391909251,0.1392217303,0.1392539088,0.1392948751,0.1393474835,0.1394110545,0.1394823077,0.1395560494,0.1396258000,0.1396846367,0.1397263334,0.1397465388,0.1397435358,0.1397182322,0.1396734438,0.1396129273,0.1395406852,0.1394607320,0.1393771218,0.1392940051,0.1392160215,0.1391512589,0.1391176816,0.1391457776,0.1392621157,0.1396893719,,,,,,,
,,,,,,,,-0.4650752214,-0.4639180247,-0.4622491262,-0.4599965223,-0.4572880222,-0.4542546950,-0.4509822044,-0.4475048114,-0.4438386799,-0.4399934658,-0.4359751612,-0.4317864926,-0.4274278545,-0.4228990453,-0.4182010357,-0.4133372296,-0.4083138510,-0.4031388379,-0.3978188267,-0.3923550298,-0.3867401726,-0.3809586264,-0.3749900750,-0.3688149174,-0.3624190054,-0.3557966554,-0.3489526721,-0.3419045186,-0.3346843729,-0.3273391117,-0.3199262138,-0.3125056802,-0.3051308376,-0.2978420529,-0.2906658535,-0.2836188204,-0.2767132426,-0.2699615162,-0.2633781253,-0.2569798243,-0.2507849454,-0.2448119891,-0.2390772563,-0.2335919618,-0.2283601973,-0.2233789905,-0.2186403594,-0.2141339076,-0.2098484526,-0.2057723282,-0.2018930436,-0.1981969178,-0.1946685874,-0.1912901208,-0.1880402659,-0.1848951522,-0.1818313258,-0.1788302944,-0.1758821617,-0.1729859066,-0.1701456357,-0.1673644481,-0.1646388230,-0.1619559931,-0.1592951670,-0.1566317962,-0.1539431090,-0.1512129664,-0.1484344890,-0.1456095681,-0.1427452314,-0.1398479089,-0.1369177516,-0.1339456383,-0.1309146516,-0.1278056583,-0.1246043920,-0.1213065961,-0.1179188551,-0.1144548224,-0.1109283499,-0.1073459842,-0.1037016144,-0.0999757554,-0.0961405831,-0.0921693952,-0.0880468181,-0.0837754517,-0.0793762245,-0.0748824042,-0.0703294538,-0.0657441304,-0.0611365711,-0.0564984923,-0.0518085934,-0.0470431144,-0.0421869523,-0.0372405940,-0.0322204521,-0.0271532320,-0.0220669247,-0.0169816395,-0.0119034539,-0.0068238844,-0.0017258174,0.0034062059,0.0085759951,0.0137707684,0.0189633828,0.0241202494,0.0292111870,0.0342174120,0.0391352258,0.0439745926,0.0487532719,0.0534885129,0.0581892642,0.0628517823,0.0674601372,0.0719909981,0.0764203765,0.0807295371,0.0849080903,0.0889537153,0.0928693038,0.0966590775,0.1003252307,0.1038660194,0.1072753915,0.1105437409,0.1136593553,0.1166102791,0.1193862354,0.1219800064,0.1243877045,0.1266079233,0.1286404456,0.1304853667,0.1321429869,0.1336141887,0.1349008450,0.1360061446,0.1369350270,0.1376948016,0.1382957105,0.1387511306,0.1390773896,0.1392934048,0.1394202134,0.1394801381,0.1394952818,0.1394854634,0.1394662413,0.1394477989,0.1394350439,0.1394286302,0.1394262491,0.1394236568,0.1394153185,0.1393949209,0.1393560759,0.1392933095,0.1392030854,0.1390844044,0.1389386502,0.1387687707,0.1385782999,0.1383707756,0.1381497510,0.1379191954,0.1376841170,0.1374522261,0.1372398872,0.1370790917,0.1370145069,0.1371023277,0.1379549218,,,,,,,
,,,,,,,,-0.4649522973,-0.4640536075,-0.4627917274,-0.4609076819,-0.4585298867,-0.4557824768,-0.4527654887,-0.4495244307,-0.4460722490,-0.4424088674,-0.4385297949,-0.4344307418,-0.4301107684,-0.4255740597,-0.4208299179,-0.4158913417,-0.4107729414,-0.4054884185,-0.4000474404,-0.3944523763,-0.3886964088,-0.3827645636,-0.3766377155,-0.3702978498,-0.3637324333,-0.3569370150,-0.3499168286,-0.3426885537,-0.3352821810,-0.3277413785,-0.3201205583,-0.3124785002,-0.3048706891,-0.2973435643,-0.2899327251,-0.2826646805,-0.2755599573,-0.2686355502,-0.2619062389,-0.2553854745,-0.2490863014,-0.2430217807,-0.2372040811,-0.2316423535,-0.2263407031,-0.2212976450,-0.2165071917,-0.2119604546,-0.2076466059,-0.2035530971,-0.1996658215,-0.1959695511,-0.1924481050,-0.1890836413,-0.1858555546,-0.1827405500,-0.1797151360,-0.1767599773,-0.1738637246,-0.1710237076,-0.1682425691,-0.1655222919,-0.1628584916,-0.1602375498,-0.1576376327,-0.1550329508,-0.1523995119,-0.1497203010,-0.1469881220,-0.1442050472,-0.1413784511,-0.1385148540,-0.1356139768,-0.1326658151,-0.1296525281,-0.1265546133,-0.1233584785,-0.1200616789,-0.1166733059,-0.1132093516,-0.1096849105,-0.1061061092,-0.1024648315,-0.0987387083,-0.0948971978,-0.0909120043,-0.0867678021,-0.0824688013,-0.0780385006,-0.0735128189,-0.0689291124,-0.0643147604,-0.0596792120,-0.0550125800,-0.0502916790,-0.0454912344,-0.0405955157,-0.0356055889,-0.0305397063,-0.0254273497,-0.0202994716,-0.0151783276,-0.0100705217,-0.0049663462,0.0001535733,0.0053067449,0.0104976706,0.0157124598,0.0209215425,0.0260887528,0.0311824638,0.0361843638,0.0410930659,0.0459217887,0.0506911953,0.0554199792,0.0601166258,0.0647753789,0.0693776945,0.0738981041,0.0783116889,0.0826001291,0.0867544139,0.0907739501,0.0946631507,0.0984271930,0.1020684835,0.1055846943,0.1089684468,0.1122082529,0.1152902884,0.1182006797,0.1209278595,0.1234642798,0.1258068011,0.1279556631,0.1299127272,0.1316799972,0.1332590294,0.1346511708,0.1358582367,0.1368833523,0.1377318593,0.1384121143,0.1389358756,0.1393181148,0.1395764494,0.1397305496,0.1398015895,0.1398114072,0.1397810125,0.1397285754,0.1396675918,0.1396060085,0.1395465899,0.1394881424,0.1394268971,0.1393575477,0.1392738935,0.1391693758,0.1390378136,0.1388743795,0.1386765225,0.1384443759,0.1381803524,0.1378880802,0.1375712608,0.1372330861,0.1368764820,0.1365050502,0.1361247293,0.1357478777,0.1354024699,0.1351377331,0.1350082803,0.1352135256,0.1368012507,,,,,,,
,,,,,,,,,-0.4642450778,-0.4634792054,-0.4620043531,-0.4599821381,-0.4575368864,-0.4547754146,-0.4517571076,-0.4484943536,-0.4449781322,-0.4411943123,-0.4371329126,-0.4327932869,-0.4281856249,-0.4233289545,-0.4182469835,-0.4129636158,-0.4074991776,-0.4018674177,-0.3960733467,-0.3901126510,-0.3839735002,-0.3776405295,-0.3710995160,-0.3643410361,-0.3573624583,-0.3501689670,-0.3427747092,-0.3352043088,-0.3274937625,-0.3196893363,-0.3118439952,-0.3040124188,-0.2962464945,-0.2885926037,-0.2810905880,-0.2737733369,-0.2666663147,-0.2597874398,-0.2531481950,-0.2467560376,-0.2406169260,-0.2347364763,-0.2291193379,-0.2237677817,-0.2186808319,-0.2138543312,-0.2092812754,-0.2049517759,-0.2008529113,-0.1969692250,-0.1932839455,-0.1897799474,-0.1864394440,-0.1832427258,-0.1801676379,-0.1771913622,-0.1742942913,-0.1714638101,-0.1686953374,-0.1659894798,-0.1633464700,-0.1607605804,-0.1582170898,-0.1556930239,-0.1531612511,-0.1505963225,-0.1479799448,-0.1453041245,-0.1425707347,-0.1397874197,-0.1369611708,-0.1340921466,-0.1311706774,-0.1281792666,-0.1250989776,-0.1219171599,-0.1186326184,-0.1152556419,-0.1118028325,-0.1082888807,-0.1047184873,-0.1010816002,-0.0973542260,-0.0935052255,-0.0895069781,-0.0853457803,-0.0810277044,-0.0765776030,-0.0720317660,-0.0674269185,-0.0627892315,-0.0581270329,-0.0534299814,-0.0486753228,-0.0438389088,-0.0389064465,-0.0338804523,-0.0287805313,-0.0236373526,-0.0184826755,-0.0133388486,-0.0082116819,-0.0030900594,0.0020466973,0.0072164823,0.0124228331,0.0176497966,0.0228655209,0.0280324569,0.0331193193,0.0381099580,0.0430062173,0.0478243139,0.0525864146,0.0573105992,0.0620029227,0.0666544543,0.0712440707,0.0757453257,0.0801341829,0.0843945397,0.0885199545,0.0925118060,0.0963753314,0.1001153197,0.1037328526,0.1072237465,0.1105786342,0.1137842399,0.1168254051,0.1196875275,0.1223589720,0.1248327591,0.1271068537,0.1291829359,0.1310643398,0.1327542408,0.1342548641,0.1355677938,0.1366949913,0.1376400687,0.1384094651,0.1390131919,0.1394648719,0.1397810931,0.1399804762,0.1400829107,0.1401090146,0.1400794052,0.1400133665,0.1399270326,0.1398317800,0.1397335731,0.1396334780,0.1395289171,0.1394149844,0.1392854033,0.1391331651,0.1389511663,0.1387330955,0.1384745141,0.1381737625,0.1378322085,0.1374535742,0.1370425591,0.1366034344,0.1361393621,0.1356528537,0.1351474398,0.1346309991,0.1341234396,0.1336676051,0.1333285368,0.1331854177,0.1337416619,,,,,,,,
,,,,,,,,,-0.4644266698,-0.4642797330,-0.4633384336,-0.4616973859,-0.4595748991,-0.4570679256,-0.4542479377,-0.4511324545,-0.4477071585,-0.4439512514,-0.4398519623,-0.4354115203,-0.4306481421,-0.4255921160,-0.4202792083,-0.4147440947,-0.4090154944,-0.4031132917,-0.3970473877,-0.3908182837,-0.3844194836,-0.3778412178,-0.3710742982,-0.3641129013,-0.3569558649,-0.3496070523,-0.3420757686,-0.3343778549,-0.3265372772,-0.3185873767,-0.3105709213,-0.3025386429,-0.2945465385,-0.2866523623,-0.2789115279,-0.2713726331,-0.2640733759,-0.2570382508,-0.2502791950,-0.2437990492,-0.2375961759,-0.2316681109,-0.2260131127,-0.2206299814,-0.2155172140,-0.2106720867,-0.2060895479,-0.2017609121,-0.1976730791,-0.1938091757,-0.1901505148,-0.1866784806,-0.1833748855,-0.1802208131,-0.1771956169,-0.1742778895,-0.1714485863,-0.1686944554,-0.1660092413,-0.1633913569,-0.1608388804,-0.1583442821,-0.1558913632,-0.1534557559,-0.1510088125,-0.1485234638,-0.1459799403,-0.1433692352,-0.1406928655,-0.1379587674,-0.1351747148,-0.1323419486,-0.1294520286,-0.1264887286,-0.1234343288,-0.1202772055,-0.1170167791,-0.1136632518,-0.1102322103,-0.1067364736,-0.1031785537,-0.0995468024,-0.0958170922,-0.0919599265,-0.0879505974,-0.0837784367,-0.0794514110,-0.0749943192,-0.0704414501,-0.0658263962,-0.0611723885,-0.0564863096,-0.0517585741,-0.0469691707,-0.0420976747,-0.0371332385,-0.0320806311,-0.0269602140,-0.0218020849,-0.0166364510,-0.0114835305,-0.0063469538,-0.0012140767,0.0039359804,0.0091196901,0.0143378980,0.0195716389,0.0247869282,0.0299459252,0.0350191908,0.0399939870,0.0448758354,0.0496833687,0.0544388401,0.0591580033,0.0638431435,0.0684817051,0.0730505782,0.0775237242,0.0818796435,0.0861057948,0.0901989161,0.0941620852,0.0980003477,0.1017166979,0.1053095319,0.1087718879,0.1120921780,0.1152558531,0.1182475260,0.1210532324,0.1236624885,0.1260696027,0.1282736988,0.1302773633,0.1320845484,0.1336987717,0.1351224103,0.1363572201,0.1374056603,0.1382724286,0.1389656848,0.1394975538,0.1398837161,0.1401422870,0.1402925472,0.1403540582,0.1403462029,0.1402876797,0.1401954739,0.1400833665,0.1399606123,0.1398314705,0.1396957569,0.1395499960,0.1393885554,0.1392044503,0.1389899483,0.1387373159,0.1384398946,0.1380933485,0.1376966231,0.1372521058,0.1367647443,0.1362403947,0.1356841507,0.1350995442,0.1344892652,0.1338578104,0.1332173327,0.1325992978,0.1320633917,0.1316831017,0.1316347344,0.1327476897,,,,,,,,
,,,,,,,,,,-0.4650688275,-0.4649230891,-0.4637192473,-0.4619335172,-0.4596729410,-0.4570110391,-0.4539763172,-0.4505568960,-0.4467313503,-0.4424892283,-0.4378397388,-0.4328120561,-0.4274497577,-0.4218023363,-0.4159170266,-0.4098330365,-0.4035786700,-0.3971709172,-0.3906169458,-0.3839169224,-0.3770673895,-0.3700642675,-0.3629047594,-0.3555879549,-0.3481145334,-0.3404864554,-0.3327076970,-0.3247866950,-0.3167402300,-0.3085974563,-0.3004023180,-0.2922129628,-0.2840976777,-0.2761278793,-0.2683695817,-0.2608754553,-0.2536797908,-0.2467979477,-0.2402302140,-0.2339682138,-0.2280011902,-0.2223201671,-0.2169194948,-0.2117963822,-0.2069491368,-0.2023745700,-0.1980652484,-0.1940078462,-0.1901837320,-0.1865715954,-0.1831503757,-0.1799005580,-0.1768034376,-0.1738398463,-0.1709903101,-0.1682372151,-0.1655675670,-0.1629740673,-0.1604531615,-0.1580006349,-0.1556068206,-0.1532537078,-0.1509153436,-0.1485615585,-0.1461637941,-0.1437009750,-0.1411631972,-0.1385516458,-0.1358745219,-0.1331404033,-0.1303517827,-0.1275017951,-0.1245759137,-0.1215579423,-0.1184372266,-0.1152132182,-0.1118949493,-0.1084956753,-0.1050252453,-0.1014835838,-0.0978580520,-0.0941259515,-0.0902615113,-0.0862448457,-0.0820693711,-0.0777447349,-0.0732942488,-0.0687480197,-0.0641343201,-0.0594720000,-0.0547663016,-0.0500095203,-0.0451864443,-0.0402826540,-0.0352924844,-0.0302235739,-0.0250963352,-0.0199384910,-0.0147763846,-0.0096260571,-0.0044878720,0.0006521370,0.0058137260,0.0110101234,0.0162379374,0.0214745038,0.0266840260,0.0318294006,0.0368842013,0.0418398286,0.0467054147,0.0515011500,0.0562480735,0.0609584217,0.0656301484,0.0702473954,0.0747861599,0.0792222626,0.0835380293,0.0877251849,0.0917835786,0.0957172136,0.0995297335,0.1032210625,0.1067859360,0.1102142079,0.1134923396,0.1166053845,0.1195389716,0.1222810482,0.1248232263,0.1271614624,0.1292957545,0.1312288267,0.1329643160,0.1345053294,0.1358540617,0.1370125765,0.1379843140,0.1387756667,0.1393970341,0.1398629500,0.1401911877,0.1404011883,0.1405124967,0.1405438002,0.1405126145,0.1404351082,0.1403255049,0.1401950168,0.1400508339,0.1398957833,0.1397288264,0.1395460205,0.1393414187,0.1391076878,0.1388366472,0.1385200818,0.1381509707,0.1377248830,0.1372410135,0.1367023218,0.1361145552,0.1354844523,0.1348179291,0.1341192731,0.1333922949,0.1326443785,0.1318958549,0.1311938282,0.1306134545,0.1302435407,0.1304632750,,,,,,,,,
,,,,,,,,,,-0.4657077521,-0.4666616052,-0.4660643529,-0.4646081311,-0.4625711381,-0.4600074366,-0.4569588541,-0.4534279439,-0.4494028422,-0.4448831940,-0.4398911002,-0.4344707271,-0.4286814993,-0.4225883727,-0.4162526304,-0.4097254835,-0.4030451465,-0.3962369322,-0.3893154115,-0.3822875306,-0.3751556486,-0.3679197737,-0.3605786853,-0.3531299257,-0.3455689438,-0.3378882213,-0.3300778342,-0.3221288619,-0.3140398336,-0.3058245002,-0.2975178911,-0.2891778239,-0.2808806207,-0.2727118065,-0.2647541465,-0.2570761524,-0.2497241130,-0.2427197179,-0.2360635540,-0.2297427144,-0.2237394675,-0.2180381073,-0.2126284935,-0.2075062781,-0.2026705559,-0.1981198970,-0.1938481023,-0.1898415053,-0.1860792900,-0.1825366752,-0.1791889606,-0.1760140135,-0.1729922829,-0.1701055334,-0.1673363031,-0.1646690092,-0.1620917605,-0.1595969790,-0.1571795940,-0.1548331919,-0.1525458401,-0.1502975880,-0.1480609643,-0.1458046223,-0.1434990782,-0.1411225652,-0.1386647426,-0.1361266297,-0.1335165422,-0.1308435045,-0.1281108725,-0.1253130883,-0.1224372177,-0.1194685428,-0.1163972042,-0.1132222166,-0.1099506697,-0.1065926158,-0.1031543238,-0.0996331388,-0.0960162209,-0.0922837305,-0.0884152733,-0.0843971170,-0.0802273193,-0.0759167910,-0.0714860913,-0.0669594373,-0.0623581808,-0.0576958136,-0.0529759026,-0.0481935442,-0.0433399014,-0.0384082658,-0.0333993985,-0.0283241233,-0.0232021250,-0.0180571061,-0.0129096168,-0.0077700390,-0.0026350028,0.0025100920,0.0076823924,0.0128902765,0.0181250545,0.0233602026,0.0285587621,0.0336853827,0.0387174694,0.0436507552,0.0484974337,0.0532781886,0.0580117388,0.0627061736,0.0673552917,0.0719409066,0.0764395460,0.0808302347,0.0850999188,0.0892446012,0.0932665287,0.0971694660,0.1009544147,0.1046172666,0.1081486655,0.1115354796,0.1147629786,0.1178169230,0.1206851146,0.1233583260,0.1258307164,0.1280997924,0.1301658487,0.1320309053,0.1336974713,0.1351677288,0.1364436166,0.1375278429,0.1384253969,0.1391449346,0.1396994789,0.1401060912,0.1403845082,0.1405551805,0.1406374734,0.1406486779,0.1406039030,0.1405163142,0.1403970604,0.1402546903,0.1400944419,0.1399179647,0.1397236812,0.1395075136,0.1392635472,0.1389844753,0.1386620541,0.1382879214,0.1378548829,0.1373583710,0.1367975140,0.1361752898,0.1354975760,0.1347714072,0.1340032604,0.1331985222,0.1323634185,0.1315111896,0.1306754148,0.1299214093,0.1293332138,0.1290609492,0.1296912427,,,,,,,,,
,,,,,,,,,,,-0.4682756967,-0.4686500192,-0.4675325295,-0.4656730347,-0.4631271411,-0.4599447547,-0.4561562324,-0.4517744996,-0.4468201664,-0.4413358152,-0.4353854467,-0.4290469728,-0.4224020030,-0.4155262752,-0.4084830625,-0.4013203749,-0.3940715207,-0.3867577987,-0.3793918104,-0.3719801741,-0.3645251143,-0.3570249637,-0.3494737271,-0.3418599075,-0.3341653740,-0.3263660001,-0.3184359930,-0.3103564032,-0.3021257801,-0.2937690420,-0.2853407530,-0.2769210542,-0.2686051397,-0.2604891101,-0.2526558274,-0.2451642443,-0.2380447858,-0.2313016770,-0.2249208923,-0.2188805392,-0.2131600474,-0.2077456948,-0.2026317858,-0.1978180907,-0.1933048164,-0.1890869768,-0.1851505353,-0.1814722339,-0.1780231593,-0.1747738906,-0.1716983365,-0.1687747776,-0.1659848990,-0.1633127465,-0.1607447935,-0.1582706501,-0.1558829731,-0.1535755871,-0.1513401099,-0.1491624751,-0.1470210015,-0.1448871537,-0.1427291720,-0.1405176372,-0.1382310861,-0.1358594754,-0.1334039215,-0.1308725956,-0.1282743075,-0.1256124498,-0.1228820180,-0.1200711305,-0.1171662063,-0.1141579092,-0.1110444780,-0.1078306297,-0.1045228295,-0.1011236652,-0.0976282691,-0.0940244358,-0.0902962759,-0.0864297803,-0.0824179741,-0.0782635793,-0.0739782271,-0.0695788004,-0.0650826082,-0.0605032697,-0.0558485406,-0.0511204693,-0.0463175916,-0.0414383737,-0.0364847378,-0.0314644412,-0.0263914337,-0.0212839052,-0.0161602941,-0.0110341434,-0.0059095611,-0.0007797588,0.0043693577,0.0095508710,0.0147671851,0.0200039838,0.0252314149,0.0304124152,0.0355144205,0.0405191654,0.0454264301,0.0502505156,0.0550113953,0.0597245645,0.0643938028,0.0690094761,0.0735524475,0.0780012948,0.0823393357,0.0865584073,0.0906581943,0.0946421446,0.0985124282,0.1022663208,0.1058951729,0.1093857145,0.1127226070,0.1158910569,0.1188786741,0.1216762805,0.1242778382,0.1266799103,0.1288810141,0.1308810000,0.1326804607,0.1342802725,0.1356815384,0.1368861620,0.1378979885,0.1387241297,0.1393759552,0.1398693066,0.1402236883,0.1404604971,0.1406007669,0.1406632164,0.1406632870,0.1406132859,0.1405230864,0.1404006237,0.1402518083,0.1400800856,0.1398861539,0.1396681307,0.1394220294,0.1391422205,0.1388217493,0.1384527172,0.1380270457,0.1375377045,0.1369800993,0.1363530773,0.1356590858,0.1349033538,0.1340924358,0.1332329458,0.1323317520,0.1313992778,0.1304588914,0.1295622558,0.1287919792,0.1282424811,0.1281901853,,,,,,,,,,
,,,,,,,,,,,-0.4695110476,-0.4712456310,-0.4705631053,-0.4688064397,-0.4661817684,-0.4627308465,-0.4585223901,-0.4536132314,-0.4480592326,-0.4419323301,-0.4353214429,-0.4283249576,-0.4210410057,-0.4135584210,-0.4059506448,-0.3982734989,-0.3905663680,-0.3828553420,-0.3751565688,-0.3674785943,-0.3598234263,-0.3521866716,-0.3445570038,-0.3369150585,-0.3292324317,-0.3214725894,-0.3135958363,-0.3055689708,-0.2973774618,-0.2890358558,-0.2805922640,-0.2721250073,-0.2637322774,-0.2555175589,-0.2475742644,-0.2399730408,-0.2327547482,-0.2259308245,-0.2194904746,-0.2134116924,-0.2076720158,-0.2022557436,-0.1971562574,-0.1923737568,-0.1879097157,-0.1837602074,-0.1799109197,-0.1763362921,-0.1730031974,-0.1698770102,-0.1669267743,-0.1641274064,-0.1614592530,-0.1589067771,-0.1564577445,-0.1541028611,-0.1518349092,-0.1496466977,-0.1475281101,-0.1454633326,-0.1434295504,-0.1413980245,-0.1393377005,-0.1372204863,-0.1350264102,-0.1327465709,-0.1303824802,-0.1279418666,-0.1254325588,-0.1228569963,-0.1202097742,-0.1174793116,-0.1146526544,-0.1117206582,-0.1086805596,-0.1055345777,-0.1022856468,-0.0989330036,-0.0954701713,-0.0918863081,-0.0881700829,-0.0843141390,-0.0803181090,-0.0761889046,-0.0719382890,-0.0675789891,-0.0631211863,-0.0585708386,-0.0539302544,-0.0492003347,-0.0443833820,-0.0394853651,-0.0345168622,-0.0294924341,-0.0244287129,-0.0193417501,-0.0142440872,-0.0091419787,-0.0040336264,0.0010901291,0.0062414828,0.0114282789,0.0166465108,0.0218767378,0.0270870080,0.0322415874,0.0373117375,0.0422837445,0.0471607667,0.0519579541,0.0566932808,0.0613782691,0.0660125284,0.0705839972,0.0750740746,0.0794647708,0.0837444270,0.0879095788,0.0919625808,0.0959066648,0.0997411077,0.1034587112,0.1070462979,0.1104874174,0.1137657223,0.1168676317,0.1197835632,0.1225077370,0.1250370650,0.1273698336,0.1295047363,0.1314404626,0.1331757538,0.1347097862,0.1360428446,0.1371772849,0.1381186514,0.1388766422,0.1394655681,0.1399040214,0.1402136231,0.1404169514,0.1405351153,0.1405857448,0.1405821068,0.1405335099,0.1404464632,0.1403257298,0.1401747168,0.1399952662,0.1397873196,0.1395488535,0.1392761098,0.1389639037,0.1386058781,0.1381948401,0.1377234297,0.1371851755,0.1365756621,0.1358933466,0.1351396731,0.1343184677,0.1334350146,0.1324956857,0.1315094611,0.1304935290,0.1294865598,0.1285609474,0.1278103465,0.1273656757,0.1276239134,,,,,,,,,,
,,,,,,,,,,,,-0.4734647100,-0.4734406895,-0.4717085438,-0.4689050767,-0.4650560003,-0.4602718005,-0.4546716757,-0.4483648134,-0.4414627084,-0.4340842279,-0.4263490783,-0.4183699172,-0.4102452343,-0.4020548139,-0.3938587358,-0.3856993928,-0.3776049271,-0.3695923452,-0.3616693591,-0.3538350838,-0.3460801904,-0.3383867546,-0.3307276861,-0.3230662018,-0.3153570385,-0.3075515365,-0.2996072622,-0.2915001021,-0.2832347540,-0.2748497569,-0.2664153385,-0.2580247740,-0.2497813614,-0.2417836079,-0.2341115563,-0.2268174839,-0.2199236056,-0.2134272593,-0.2073111721,-0.2015546398,-0.1961418611,-0.1910655088,-0.1863253875,-0.1819231979,-0.1778554696,-0.1741077145,-0.1706527346,-0.1674540287,-0.1644723531,-0.1616719145,-0.1590236319,-0.1565053135,-0.1541003097,-0.1517961061,-0.1495831579,-0.1474534450,-0.1453983505,-0.1434061312,-0.1414597848,-0.1395362666,-0.1376077801,-0.1356452595,-0.1336232269,-0.1315243139,-0.1293415044,-0.1270769504,-0.1247376789,-0.1223299005,-0.1198542855,-0.1173042210,-0.1146677499,-0.1119320414,-0.1090878175,-0.1061311791,-0.1030619480,-0.0998799029,-0.0965815418,-0.0931594661,-0.0896046996,-0.0859105447,-0.0820758556,-0.0781060513,-0.0740113534,-0.0698030847,-0.0654898013,-0.0610751215,-0.0565582721,-0.0519370461,-0.0472117760,-0.0423885538,-0.0374803374,-0.0325055071,-0.0274844958,-0.0224358462,-0.0173730470,-0.0123028241,-0.0072248346,-0.0021326338,0.0029837537,0.0081332536,0.0133177998,0.0185273034,0.0237384612,0.0289189931,0.0340361574,0.0390660212,0.0439994032,0.0488418893,0.0536080322,0.0583124878,0.0629621638,0.0675527764,0.0720708779,0.0764997414,0.0808258641,0.0850429354,0.0891516465,0.0931558403,0.0970571895,0.1008510924,0.1045256021,0.1080635292,0.1114463636,0.1146581007,0.1176875136,0.1205283988,0.1231782254,0.1256361098,0.1279010527,0.1299710380,0.1318431106,0.1335141685,0.1349821032,0.1362470222,0.1373123952,0.1381859681,0.1388802462,0.1394123719,0.1398032838,0.1400761263,0.1402540232,0.1403576201,0.1404031088,0.1404014449,0.1403589823,0.1402790267,0.1401633861,0.1400131910,0.1398288849,0.1396098132,0.1393539171,0.1390577369,0.1387166133,0.1383249423,0.1378765068,0.1373650275,0.1367849538,0.1361322753,0.1354050217,0.1346032744,0.1337288486,0.1327851795,0.1317783845,0.1307208334,0.1296403500,0.1285953578,0.1276773513,0.1269871243,0.1267291650,,,,,,,,,,,
,,,,,,,,,,,,-0.4750518654,-0.4758494284,-0.4740475913,-0.4709527325,-0.4666121272,-0.4611363579,-0.4547173915,-0.4475382725,-0.4397633576,-0.4315475627,-0.4230319195,-0.4143398356,-0.4055741057,-0.3968155176,-0.3881238735,-0.3795409620,-0.3710939648,-0.3627979294,-0.3546569621,-0.3466647814,-0.3388053647,-0.3310537012,-0.3233761639,-0.3157306382,-0.3080678677,-0.3003359962,-0.2924889784,-0.2844971113,-0.2763562891,-0.2680929452,-0.2597634754,-0.2514486033,-0.2432437416,-0.2352465172,-0.2275433660,-0.2201983641,-0.2132477848,-0.2067020743,-0.2005538038,-0.1947878548,-0.1893900395,-0.1843518995,-0.1796710036,-0.1753471232,-0.1713758102,-0.1677422708,-0.1644188172,-0.1613674762,-0.1585462975,-0.1559159132,-0.1534434750,-0.1511034020,-0.1488762317,-0.1467470325,-0.1447039141,-0.1427364269,-0.1408336418,-0.1389821011,-0.1371641887,-0.1353576309,-0.1335367592,-0.1316756750,-0.1297525433,-0.1277533619,-0.1256734270,-0.1235156188,-0.1212860885,-0.1189891091,-0.1166232177,-0.1141802382,-0.1116474985,-0.1090119792,-0.1062640354,-0.1033985794,-0.1004132682,-0.0973052635,-0.0940690443,-0.0906969193,-0.0871819983,-0.0835218104,-0.0797204095,-0.0757876785,-0.0717359973,-0.0675757432,-0.0633117078,-0.0589421808,-0.0544612996,-0.0498637933,-0.0451501507,-0.0403299947,-0.0354221375,-0.0304511572,-0.0254418187,-0.0204135796,-0.0153772189,-0.0103344206,-0.0052797747,-0.0002040964,0.0049016468,0.0100420317,0.0152130396,0.0203995386,0.0255761811,0.0307124027,0.0357801102,0.0407609661,0.0456500593,0.0504542723,0.0551860592,0.0598555041,0.0644643695,0.0690047950,0.0734628550,0.0778247046,0.0820819375,0.0862335054,0.0902834949,0.0942361156,0.0980904696,0.1018375962,0.1054610556,0.1089405634,0.1122568226,0.1153953792,0.1183481107,0.1211122492,0.1236878912,0.1260753198,0.1282732064,0.1302781628,0.1320855175,0.1336908197,0.1350915220,0.1362884538,0.1372868811,0.1380970438,0.1387341066,0.1392175128,0.1395697705,0.1398147021,0.1399752367,0.1400710574,0.1401167240,0.1401209759,0.1400875115,0.1400168222,0.1399081367,0.1397606117,0.1395735017,0.1393456799,0.1390751102,0.1387586469,0.1383921716,0.1379708985,0.1374897402,0.1369437369,0.1363285202,0.1356406645,0.1348777698,0.1340383330,0.1331218243,0.1321297385,0.1310687837,0.1299573016,0.1288387765,0.1277926780,0.1269285844,0.1263374100,0.1263166640,,,,,,,,,,,
,,,,,,,,,,,,,-0.4775569193,-0.4755290530,-0.4718991804,-0.4670559251,-0.4608547718,-0.4535576674,-0.4454419530,-0.4367455488,-0.4276691912,-0.4183754088,-0.4089936581,-0.3996244038,-0.3903431796,-0.3812045725,-0.3722461349,-0.3634912807,-0.3549506449,-0.3466224869,-0.3384933363,-0.3305395756,-0.3227295084,-0.3150248972,-0.3073817216,-0.2997513540,-0.2920839469,-0.2843347308,-0.2764719366,-0.2684839021,-0.2603834617,-0.2522091285,-0.2440233054,-0.2359073307,-0.2279527872,-0.2202495858,-0.2128735849,-0.2058778544,-0.1992904804,-0.1931186942,-0.1873565110,-0.1819925839,-0.1770160494,-0.1724191962,-0.1681963850,-0.1643396715,-0.1608333180,-0.1576505147,-0.1547545582,-0.1521038740,-0.1496579464,-0.1473813003,-0.1452446585,-0.1432242304,-0.1413004428,-0.1394567242,-0.1376782939,-0.1359507906,-0.1342587811,-0.1325844674,-0.1309071757,-0.1292042914,-0.1274538773,-0.1256382624,-0.1237470159,-0.1217776943,-0.1197337455,-0.1176203461,-0.1154398999,-0.1131890325,-0.1108582633,-0.1084343708,-0.1059041651,-0.1032575778,-0.1004883654,-0.0975922975,-0.0945644718,-0.0913980171,-0.0880854233,-0.0846218338,-0.0810082461,-0.0772525423,-0.0733674736,-0.0693663263,-0.0652581562,-0.0610447440,-0.0567207643,-0.0522773700,-0.0477079693,-0.0430139517,-0.0382079428,-0.0333129944,-0.0283577414,-0.0233693471,-0.0183671128,-0.0133592659,-0.0083437995,-0.0033123580,0.0017447528,0.0068339667,0.0119549150,0.0170982370,0.0222453555,0.0273709703,0.0324482235,0.0374550343,0.0423790856,0.0472192011,0.0519823461,0.0566774832,0.0613090880,0.0658734322,0.0703594178,0.0747533358,0.0790448124,0.0832306586,0.0873146335,0.0913033637,0.0952005366,0.0990021570,0.1026950019,0.1062588762,0.1096715550,0.1129141446,0.1159745755,0.1188480402,0.1215347458,0.1240364708,0.1263535941,0.1284836618,0.1304216882,0.1321617168,0.1336988881,0.1350313509,0.1361616277,0.1370973042,0.1378510622,0.1384401348,0.1388853042,0.1392095418,0.1394363238,0.1395876237,0.1396817706,0.1397316933,0.1397442459,0.1397210047,0.1396602310,0.1395590819,0.1394151009,0.1392265633,0.1389919621,0.1387092985,0.1383757112,0.1379875769,0.1375408993,0.1370317431,0.1364565524,0.1358122604,0.1350961231,0.1343053308,0.1334367533,0.1324876046,0.1314581290,0.1303579191,0.1292160159,0.1280961701,0.1270948203,0.1263410492,0.1258746277,,,,,,,,,,,,
,,,,,,,,,,,,,-0.4785922635,-0.4761100711,-0.4713420196,-0.4660092009,-0.4591828975,-0.4510528468,-0.4420117564,-0.4324038150,-0.4224942428,-0.4124689605,-0.4024591298,-0.3925559933,-0.3828233744,-0.3733058444,-0.3640335323,-0.3550239706,-0.3462818554,-0.3377984861,-0.3295526283,-0.3215132775,-0.3136432173,-0.3059017296,-0.2982458161,-0.2906309013,-0.2830126646,-0.2753507668,-0.2676137103,-0.2597834250,-0.2518588874,-0.2438590554,-0.2358251707,-0.2278210313,-0.2199289047,-0.2122400575,-0.2048419457,-0.1978064269,-0.1911828565,-0.1849971708,-0.1792554805,-0.1739499759,-0.1690654492,-0.1645849582,-0.1604928896,-0.1567742371,-0.1534109316,-0.1503781230,-0.1476433070,-0.1451688899,-0.1429163066,-0.1408492730,-0.1389351288,-0.1371447965,-0.1354523316,-0.1338345649,-0.1322707859,-0.1307422235,-0.1292311624,-0.1277198269,-0.1261895943,-0.1246213370,-0.1229972866,-0.1213038054,-0.1195335858,-0.1176858536,-0.1157641636,-0.1137726363,-0.1117121939,-0.1095782897,-0.1073609738,-0.1050471547,-0.1026238728,-0.1000808120,-0.0974107036,-0.0946076977,-0.0916652858,-0.0885757557,-0.0853320505,-0.0819310839,-0.0783763804,-0.0746781652,-0.0708504501,-0.0669062799,-0.0628532176,-0.0586910436,-0.0544127624,-0.0500087796,-0.0454729128,-0.0408080370,-0.0360289856,-0.0311611270,-0.0262347533,-0.0212773831,-0.0163072047,-0.0113303775,-0.0063429636,-0.0013360682,0.0036983002,0.0087626862,0.0138517691,0.0189520339,0.0240433899,0.0291026418,0.0341082482,0.0390449399,0.0439063195,0.0486941212,0.0534142112,0.0580709653,0.0626626093,0.0671798780,0.0716088299,0.0759364415,0.0801559723,0.0842691166,0.0882836997,0.0922080461,0.0960447511,0.0997867014,0.1034170125,0.1069128015,0.1102511003,0.1134143525,0.1163932363,0.1191859474,0.1217948203,0.1242222580,0.1264678611,0.1285276831,0.1303954347,0.1320647663,0.1335316460,0.1347961326,0.1358632721,0.1367431792,0.1374505118,0.1380035660,0.1384231681,0.1387314525,0.1389504787,0.1391005800,0.1391984951,0.1392557114,0.1392777186,0.1392646744,0.1392133300,0.1391193680,0.1389791210,0.1387900942,0.1385504673,0.1382582593,0.1379108221,0.1375049205,0.1370372217,0.1365048216,0.1359054814,0.1352373969,0.1344985139,0.1336856765,0.1327943463,0.1318201545,0.1307638475,0.1296422450,0.1285018505,0.1274284842,0.1265302088,0.1259380746,0.1255781924,,,,,,,,,,,,
,,,,,,,,,,,,,,-0.4760881801,-0.4692951392,-0.4631722622,-0.4559431269,-0.4471311266,-0.4372588344,-0.4268121044,-0.4161468192,-0.4054767206,-0.3949313773,-0.3845870794,-0.3744903811,-0.3646719292,-0.3551522832,-0.3459422269,-0.3370404319,-0.3284316520,-0.3200877101,-0.3119714187,-0.3040415736,-0.2962567127,-0.2885766240,-0.2809623986,-0.2733765950,-0.2657843901,-0.2581554754,-0.2504662494,-0.2427026976,-0.2348649281,-0.2269732840,-0.2190736277,-0.2112379667,-0.2035579559,-0.1961324176,-0.1890530814,-0.1823929689,-0.1761996972,-0.1704938036,-0.1652715116,-0.1605113442,-0.1561831276,-0.1522563845,-0.1487048239,-0.1455057597,-0.1426364369,-0.1400706808,-0.1377779757,-0.1357246608,-0.1338756896,-0.1321959013,-0.1306508119,-0.1292073704,-0.1278348847,-0.1265059362,-0.1251968809,-0.1238875675,-0.1225602705,-0.1211984524,-0.1197863448,-0.1183099228,-0.1167588033,-0.1151277560,-0.1134166099,-0.1116282832,-0.1097656952,-0.1078288067,-0.1058129095,-0.1037087651,-0.1015044494,-0.0991879526,-0.0967491192,-0.0941798949,-0.0914730491,-0.0886207812,-0.0856148421,-0.0824487049,-0.0791206686,-0.0756358418,-0.0720054418,-0.0682433835,-0.0643616285,-0.0603663443,-0.0562564562,-0.0520251877,-0.0476641988,-0.0431691089,-0.0385445268,-0.0338064533,-0.0289805509,-0.0240964357,-0.0191801597,-0.0142481680,-0.0093053728,-0.0043478715,0.0006314098,0.0056368953,0.0106665187,0.0157106041,0.0207530867,0.0257743541,0.0307550294,0.0356798470,0.0405404004,0.0453355205,0.0500687905,0.0547439681,0.0593602173,0.0639094161,0.0683771036,0.0727469843,0.0770069901,0.0811538066,0.0851933229,0.0891365186,0.0929926689,0.0967630255,0.1004377370,0.1039971755,0.1074169456,0.1106743957,0.1137539048,0.1166488442,0.1193597506,0.1218900885,0.1242419450,0.1264136190,0.1283997734,0.1301935427,0.1317893501,0.1331852752,0.1343843286,0.1353945807,0.1362284854,0.1369018430,0.1374327427,0.1378406395,0.1381455461,0.1383671523,0.1385236291,0.1386300498,0.1386967835,0.1387285749,0.1387249405,0.1386818966,0.1385942889,0.1384576623,0.1382689609,0.1380261004,0.1377270697,0.1373693255,0.1369498570,0.1364657736,0.1359149421,0.1352961837,0.1346087643,0.1338512575,0.1330203306,0.1321106387,0.1311176440,0.1300456060,0.1289243756,0.1278233561,0.1268463457,0.1261137969,0.1257020277,,,,,,,,,,,,,
,,,,,,,,,,,,,,,-0.4665961011,-0.4585831818,-0.4510445170,-0.4417859295,-0.4312560902,-0.4201070756,-0.4088094772,-0.3976138895,-0.3866455415,-0.3759628037,-0.3655921354,-0.3555485124,-0.3458426094,-0.3364793089,-0.3274527915,-0.3187430927,-0.3103169407,-0.3021326364,-0.2941463303,-0.2863167058,-0.2786066898,-0.2709828557,-0.2634140640,-0.2558703697,-0.2483224290,-0.2407417473,-0.2331030142,-0.2253900049,-0.2176048616,-0.2097776224,-0.2019710611,-0.1942772251,-0.1868058970,-0.1796686821,-0.1729632270,-0.1667606511,-0.1610978452,-0.1559760252,-0.1513665982,-0.1472233591,-0.1434968710,-0.1401453405,-0.1371382994,-0.1344536624,-0.1320718890,-0.1299710144,-0.1281241695,-0.1264992511,-0.1250598468,-0.1237668621,-0.1225806336,-0.1214633076,-0.1203810859,-0.1193057553,-0.1182149410,-0.1170909962,-0.1159192348,-0.1146866855,-0.1133821401,-0.1119972055,-0.1105272743,-0.1089714187,-0.1073309859,-0.1056074228,-0.1038001581,-0.1019052755,-0.0999154292,-0.0978209816,-0.0956117397,-0.0932782750,-0.0908120803,-0.0882047625,-0.0854474111,-0.0825313622,-0.0794505531,-0.0762042672,-0.0727984179,-0.0692442100,-0.0655545656,-0.0617399686,-0.0578055593,-0.0537505233,-0.0495698416,-0.0452578621,-0.0408127988,-0.0362408007,-0.0315578351,-0.0267879879,-0.0219582748,-0.0170920034,-0.0122037572,-0.0072983237,-0.0023737758,0.0025731595,0.0075421044,0.0125263490,0.0175129830,0.0224851763,0.0274255485,0.0323196480,0.0371586353,0.0419402420,0.0466673280,0.0513441689,0.0559717207,0.0605438828,0.0650466813,0.0694612018,0.0737693909,0.0779602563,0.0820334357,0.0859981040,0.0898674282,0.0936510195,0.0973487763,0.1009487109,0.1044294545,0.1077661710,0.1109373264,0.1139295161,0.1167384926,0.1193663785,0.1218168925,0.1240911792,0.1261861245,0.1280954782,0.1298127411,0.1313342543,0.1326612388,0.1338002845,0.1347625290,0.1355621987,0.1362151933,0.1367381127,0.1371477809,0.1374610572,0.1376945750,0.1378640342,0.1379828940,0.1380607688,0.1381022631,0.1381069942,0.1380709935,0.1379888982,0.1378558877,0.1376685489,0.1374245636,0.1371218140,0.1367577181,0.1363292803,0.1358337618,0.1352694313,0.1346357755,0.1339328149,0.1331596683,0.1323131998,0.1313884190,0.1303829764,0.1293091306,0.1282145463,0.1271903560,0.1263504972,0.1258296331,,,,,,,,,,,,,,
,,,,,,,,,,,,,,,-0.4642657205,-0.4528361954,-0.4446904751,-0.4350529374,-0.4241081255,-0.4124551386,-0.4006906565,-0.3891132886,-0.3778419126,-0.3669189555,-0.3563531577,-0.3461460116,-0.3363005862,-0.3268184900,-0.3176921355,-0.3088993405,-0.3004037690,-0.2921606095,-0.2841240371,-0.2762527780,-0.2685120465,-0.2608724315,-0.2533073203,-0.2457900655,-0.2382915218,-0.2307789027,-0.2232177977,-0.2155791550,-0.2078509369,-0.2000508466,-0.1922345056,-0.1844947142,-0.1769512641,-0.1697343331,-0.1629655933,-0.1567403831,-0.1511138206,-0.1460942820,-0.1416473967,-0.1377106133,-0.1342134079,-0.1310950679,-0.1283135465,-0.1258441442,-0.1236717490,-0.1217819576,-0.1201547407,-0.1187617249,-0.1175664898,-0.1165268306,-0.1155980825,-0.1147368238,-0.1139043175,-0.1130689280,-0.1122067918,-0.1113005950,-0.1103372536,-0.1093058577,-0.1081968445,-0.1070023256,-0.1057167308,-0.1043369663,-0.1028618334,-0.1012909139,-0.0996232837,-0.0978564355,-0.0959857708,-0.0940048315,-0.0919060203,-0.0896812155,-0.0873218294,-0.0848185175,-0.0821613672,-0.0793413156,-0.0763526450,-0.0731953105,-0.0698755386,-0.0664039918,-0.0627922655,-0.0590494412,-0.0551801856,-0.0511848425,-0.0470610980,-0.0428066400,-0.0384223540,-0.0339153151,-0.0293002577,-0.0245982408,-0.0198324680,-0.0150230055,-0.0101830472,-0.0053185690,-0.0004312718,0.0044770030,0.0094006579,0.0143290010,0.0192473600,0.0241398318,0.0289925178,0.0337962336,0.0385479082,0.0432500585,0.0479080828,0.0525258901,0.0571013537,0.0616236201,0.0660738803,0.0704298378,0.0746723674,0.0787915814,0.0827894413,0.0866774036,0.0904698753,0.0941763009,0.0977953397,0.1013135103,0.1047086048,0.1079561892,0.1110363665,0.1139380052,0.1166588647,0.1192020472,0.1215709864,0.1237656839,0.1257818803,0.1276130901,0.1292540606,0.1307038630,0.1319673607,0.1330547614,0.1339798233,0.1347577160,0.1354034128,0.1359310105,0.1363538602,0.1366850805,0.1369379239,0.1371255292,0.1372598567,0.1373500720,0.1374011229,0.1374133422,0.1373834327,0.1373064013,0.1371774634,0.1369930328,0.1367505578,0.1364476976,0.1360816530,0.1356492120,0.1351474752,0.1345747047,0.1339305937,0.1332155512,0.1324292292,0.1315694340,0.1306335373,0.1296250145,0.1285695048,0.1275331280,0.1266240787,0.1259431066,0.1256417787,,,,,,,,,,,,,,
,,,,,,,,,,,,,,,,-0.4472468753,-0.4375425929,-0.4271492533,-0.4158649867,-0.4039927920,-0.3919821062,-0.3801872407,-0.3687301939,-0.3576490504,-0.3469453819,-0.3366149085,-0.3266583322,-0.3170778536,-0.3078670233,-0.2990034906,-0.2904491132,-0.2821564868,-0.2740776227,-0.2661704097,-0.2584008371,-0.2507415442,-0.2431683780,-0.2356563270,-0.2281757651,-0.2206903859,-0.2131590677,-0.2055436367,-0.1978221176,-0.1900035783,-0.1821386198,-0.1743207997,-0.1666780103,-0.1593561985,-0.1524988374,-0.1462251393,-0.1406104774,-0.1356742130,-0.1313804298,-0.1276532863,-0.1244019274,-0.1215448782,-0.1190246026,-0.1168088635,-0.1148821970,-0.1132340307,-0.1118489759,-0.1107017825,-0.1097567818,-0.1089704058,-0.1082953049,-0.1076849796,-0.1070980735,-0.1065014127,-0.1058709298,-0.1051902599,-0.1044478743,-0.1036342735,-0.1027404074,-0.1017574802,-0.1006775284,-0.0994940895,-0.0982025934,-0.0968003321,-0.0952859424,-0.0936584869,-0.0919164423,-0.0900569580,-0.0880754915,-0.0859656480,-0.0837190867,-0.0813257248,-0.0787747527,-0.0760567223,-0.0731661869,-0.0701036281,-0.0668754307,-0.0634916683,-0.0599627902,-0.0562969131,-0.0524988155,-0.0485705215,-0.0445126664,-0.0403261154,-0.0360138484,-0.0315829809,-0.0270460261,-0.0224202122,-0.0177246110,-0.0129764052,-0.0081883899,-0.0033690363,0.0014752018,0.0063369013,0.0112056796,0.0160680913,0.0209092915,0.0257156573,0.0304773610,0.0351900640,0.0398551658,0.0444782592,0.0490657698,0.0536204395,0.0581371959,0.0626013847,0.0669907310,0.0712808314,0.0754522282,0.0794961241,0.0834161174,0.0872249244,0.0909372826,0.0945620223,0.0980966904,0.1015268770,0.1048302633,0.1079834278,0.1109684173,0.1137763342,0.1164066621,0.1188631677,0.1211488817,0.1232628811,0.1252002959,0.1269550832,0.1285238123,0.1299085357,0.1311175734,0.1321641523,0.1330637859,0.1338316622,0.1344810400,0.1350229797,0.1354670993,0.1358227249,0.1360997877,0.1363089627,0.1364608290,0.1365642816,0.1366249047,0.1366441758,0.1366199851,0.1365482047,0.1364244430,0.1362450900,0.1360073151,0.1357083882,0.1353450827,0.1349137442,0.1344110422,0.1338348767,0.1331847347,0.1324611203,0.1316644393,0.1307948413,0.1298553434,0.1288605849,0.1278535942,0.1269198873,0.1261590074,0.1256380078,,,,,,,,,,,,,,,
,,,,,,,,,,,,,,,,-0.4429930758,-0.4308217625,-0.4185537498,-0.4064088915,-0.3947700250,-0.3828232476,-0.3709974800,-0.3594625066,-0.3482835638,-0.3374752121,-0.3270403151,-0.3169850344,-0.3073163303,-0.2980308089,-0.2891065350,-0.2805034059,-0.2721708680,-0.2640579219,-0.2561204689,-0.2483238192,-0.2406410236,-0.2330488358,-0.2255227950,-0.2180325780,-0.2105393249,-0.2029974467,-0.1953629246,-0.1876075161,-0.1797347594,-0.1717917489,-0.1638720190,-0.1561085210,-0.1486586596,-0.1416838836,-0.1353258114,-0.1296820979,-0.1247884143,-0.1206143947,-0.1170775274,-0.1140706929,-0.1114920112,-0.1092651682,-0.1073445562,-0.1057076074,-0.1043414717,-0.1032310160,-0.1023518975,-0.1016690461,-0.1011389909,-0.1007141798,-0.1003479412,-0.0999991130,-0.0996353291,-0.0992339812,-0.0987805669,-0.0982653051,-0.0976796743,-0.0970142526,-0.0962582482,-0.0954002828,-0.0944297607,-0.0933382654,-0.0921205143,-0.0907744789,-0.0893005539,-0.0877000648,-0.0859736197,-0.0841197155,-0.0821338039,-0.0800079948,-0.0777316832,-0.0752933351,-0.0726832213,-0.0698962161,-0.0669333773,-0.0638013878,-0.0605100515,-0.0570691896,-0.0534865569,-0.0497675037,-0.0459158142,-0.0419346606,-0.0378272567,-0.0335976553,-0.0292520769,-0.0248002250,-0.0202554488,-0.0156332582,-0.0109490375,-0.0062164772,-0.0014476129,0.0033459079,0.0081514748,0.0129550707,0.0177420561,0.0224988747,0.0272150425,0.0318847335,0.0365074390,0.0410873768,0.0456314569,0.0501458204,0.0546315632,0.0590811229,0.0634772369,0.0677956774,0.0720112690,0.0761049651,0.0800690296,0.0839080075,0.0876348769,0.0912638290,0.0948026424,0.0982478352,0.1015845329,0.1047908901,0.1078449608,0.1107309454,0.1134421527,0.1159796707,0.1183479181,0.1205497673,0.1225838855,0.1244454284,0.1261293010,0.1276340223,0.1289642443,0.1301308860,0.1311490578,0.1320348998,0.1328027674,0.1334637903,0.1340260189,0.1344956758,0.1348787492,0.1351822437,0.1354146090,0.1355851327,0.1357024701,0.1357729304,0.1357993599,0.1357811855,0.1357155264,0.1355986674,0.1354270703,0.1351975275,0.1349067063,0.1345507256,0.1341253014,0.1336265031,0.1330516604,0.1323998183,0.1316715342,0.1308686465,0.1299960494,0.1290673394,0.1281147337,0.1271983759,0.1264283718,0.1258295986,0.1254324138,,,,,,,,,,,,,,,
,,,,,,,,,,,,,,,,,-0.4255191632,-0.4103962780,-0.3957427441,-0.3847459457,-0.3732835496,-0.3616390217,-0.3501216798,-0.3388854650,-0.3279882785,-0.3174545727,-0.3073049427,-0.2975547960,-0.2882040346,-0.2792298207,-0.2705884788,-0.2622249694,-0.2540843180,-0.2461197048,-0.2382951051,-0.2305833586,-0.2229616134,-0.2154057133,-0.2078848606,-0.2003585376,-0.1927783833,-0.1850969435,-0.1772824080,-0.1693349927,-0.1612990222,-0.1532664700,-0.1453713867,-0.1377771177,-0.1306578542,-0.1241749116,-0.1184497407,-0.1135403502,-0.1094310508,-0.1060422487,-0.1032577799,-0.1009582559,-0.0990466913,-0.0974584039,-0.0961560706,-0.0951169643,-0.0943201865,-0.0937386379,-0.0933366141,-0.0930715335,-0.0928978094,-0.0927714303,-0.0926542774,-0.0925171750,-0.0923406388,-0.0921129314,-0.0918262572,-0.0914728119,-0.0910422527,-0.0905212010,-0.0898944531,-0.0891471470,-0.0882670833,-0.0872464535,-0.0860823926,-0.0847761606,-0.0833312519,-0.0817510325,-0.0800365118,-0.0781847494,-0.0761883511,-0.0740364223,-0.0717169961,-0.0692203213,-0.0665418010,-0.0636832804,-0.0606520520,-0.0574581321,-0.0541113277,-0.0506195933,-0.0469890830,-0.0432250241,-0.0393322421,-0.0353150746,-0.0311774615,-0.0269239633,-0.0225613861,-0.0180998592,-0.0135525922,-0.0089346881,-0.0042620326,0.0004491381,0.0051822480,0.0099205997,0.0146481358,0.0193506257,0.0240169382,0.0286400584,0.0332175792,0.0377514912,0.0422471437,0.0467112091,0.0511485434,0.0555583919,0.0599313078,0.0642486350,0.0684856470,0.0726176497,0.0766266922,0.0805060562,0.0842605794,0.0879025716,0.0914448672,0.0948937835,0.0982448724,0.1014831983,0.1045879011,0.1075389150,0.1103227898,0.1129350723,0.1153784808,0.1176582835,0.1197776478,0.1217354567,0.1235274567,0.1251497216,0.1266023866,0.1278917776,0.1290300624,0.1300327811,0.1309155069,0.1316911076,0.1323685639,0.1329534310,0.1334493472,0.1338597947,0.1341894872,0.1344449888,0.1346343665,0.1347659574,0.1348467196,0.1348809045,0.1348696479,0.1348115504,0.1347037489,0.1345427966,0.1343249611,0.1340460682,0.1337013670,0.1332858271,0.1327948937,0.1322253440,0.1315758722,0.1308475325,0.1300450316,0.1291816978,0.1282874600,0.1274157987,0.1266435343,0.1260979699,0.1256331961,,,,,,,,,,,,,,,,
,,,,,,,,,,,,,,,,,,-0.4038653639,-0.3846785826,-0.3742190276,-0.3633983582,-0.3521365697,-0.3407198842,-0.3294583429,-0.3184857219,-0.3078589755,-0.2976215224,-0.2878002442,-0.2783972340,-0.2693859429,-0.2607166404,-0.2523284096,-0.2441619793,-0.2361682114,-0.2283104875,-0.2205622149,-0.2129015560,-0.2053050478,-0.1977416612,-0.1901695688,-0.1825383944,-0.1747985698,-0.1669164050,-0.1588902071,-0.1507617248,-0.1426194628,-0.1345942338,-0.1268492025,-0.1195650999,-0.1129189921,-0.1070565234,-0.1020636136,-0.0979489905,-0.0946472613,-0.0920428089,-0.0900040627,-0.0884134090,-0.0871825336,-0.0862520492,-0.0855814619,-0.0851374063,-0.0848855100,-0.0847873457,-0.0848012575,-0.0848851797,-0.0850000995,-0.0851133448,-0.0852008483,-0.0852474139,-0.0852445125,-0.0851862794,-0.0850653576,-0.0848702520,-0.0845849960,-0.0841908913,-0.0836694343,-0.0830053611,-0.0821888497,-0.0812162404,-0.0800891326,-0.0788122186,-0.0773904932,-0.0758265193,-0.0741184122,-0.0722591906,-0.0702379502,-0.0680427420,-0.0656642390,-0.0630987310,-0.0603491462,-0.0574237104,-0.0543330755,-0.0510875189,-0.0476955562,-0.0441641236,-0.0404993055,-0.0367064775,-0.0327897873,-0.0287519867,-0.0245955411,-0.0203247617,-0.0159477255,-0.0114769531,-0.0069288326,-0.0023224544,0.0023216447,0.0069828166,0.0116418029,0.0162822105,0.0208915968,0.0254619466,0.0299895774,0.0344746205,0.0389202124,0.0433313805,0.0477133648,0.0520690610,0.0563958276,0.0606829182,0.0649113308,0.0690570635,0.0730969422,0.0770146582,0.0808044432,0.0844708630,0.0880247914,0.0914770657,0.0948322558,0.0980850622,0.1012208854,0.1042203260,0.1070655662,0.1097456862,0.1122585252,0.1146085185,0.1168020542,0.1188430793,0.1207312537,0.1224632879,0.1240363376,0.1254514584,0.1267153943,0.1278399962,0.1288397294,0.1297285265,0.1305173599,0.1312133512,0.1318203821,0.1323405760,0.1327759339,0.1331296440,0.1334067988,0.1336143377,0.1337601687,0.1338517332,0.1338945854,0.1338915729,0.1338428409,0.1337464106,0.1335988508,0.1333957105,0.1331317344,0.1328011276,0.1323980907,0.1319175944,0.1313561810,0.1307127969,0.1299902669,0.1291987356,0.1283643135,0.1275360527,0.1267919311,0.1262067469,0.1259119207,,,,,,,,,,,,,,,,,
,,,,,,,,,,,,,,,,,,,-0.3751502707,-0.3640790466,-0.3533767686,-0.3423984051,-0.3311856089,-0.3199568130,-0.3089420545,-0.2982434114,-0.2879360006,-0.2780616912,-0.2686236218,-0.2595885010,-0.2508983219,-0.2424858335,-0.2342885950,-0.2262572374,-0.2183569177,-0.2105636703,-0.2028579885,-0.1952174986,-0.1876105791,-0.1799934430,-0.1723133358,-0.1645188829,-0.1565754291,-0.1484803115,-0.1402727320,-0.1320359286,-0.1238933996,-0.1160021654,-0.1085430193,-0.1017039150,-0.0956536364,-0.0905100658,-0.0863151010,-0.0830288168,-0.0805467463,-0.0787322013,-0.0774489847,-0.0765824518,-0.0760453156,-0.0757724250,-0.0757117651,-0.0758172543,-0.0760453602,-0.0763548218,-0.0767079131,-0.0770721341,-0.0774217827,-0.0777388919,-0.0780127870,-0.0782377572,-0.0784092402,-0.0785198781,-0.0785570441,-0.0785027720,-0.0783359530,-0.0780358109,-0.0775853551,-0.0769737033,-0.0761966861,-0.0752557624,-0.0741557227,-0.0729018184,-0.0714969433,-0.0699395263,-0.0682228670,-0.0663364291,-0.0642689228,-0.0620120882,-0.0595635812,-0.0569277045,-0.0541138074,-0.0511333649,-0.0479973188,-0.0447148206,-0.0412933400,-0.0377391167,-0.0340570033,-0.0302498343,-0.0263184317,-0.0222631425,-0.0180865658,-0.0137961104,-0.0094051717,-0.0049326614,-0.0004013680,0.0041643101,0.0087408899,0.0133081789,0.0178509463,0.0223594828,0.0268290877,0.0312589084,0.0356506358,0.0400073954,0.0443328348,0.0486299956,0.0528994365,0.0571366752,0.0613301148,0.0654611643,0.0695074076,0.0734478947,0.0772682928,0.0809636901,0.0845379832,0.0880001388,0.0913586775,0.0946163839,0.0977673527,0.1007977362,0.1036900115,0.1064288810,0.1090060373,0.1114215861,0.1136817018,0.1157940920,0.1177638583,0.1195918265,0.1212758201,0.1228137606,0.1242067549,0.1254606498,0.1265854897,0.1275933501,0.1284956918,0.1293014121,0.1300162248,0.1306432392,0.1311841548,0.1316405184,0.1320147786,0.1323110212,0.1325352165,0.1326947810,0.1327974704,0.1328499667,0.1328566958,0.1328192441,0.1327363950,0.1326045487,0.1324182959,0.1321710705,0.1318559135,0.1314663369,0.1309971863,0.1304454834,0.1298118130,0.1291033155,0.1283395851,0.1275622650,0.1268450911,0.1262687971,0.1258857005,,,,,,,,,,,,,,,,,,
,,,,,,,,,,,,,,,,,,,-0.3685263908,-0.3556146892,-0.3436175902,-0.3321342180,-0.3213530750,-0.3103004034,-0.2993208235,-0.2885968321,-0.2782531490,-0.2683521153,-0.2588977214,-0.2498484096,-0.2411374143,-0.2326926669,-0.2244517035,-0.2163687917,-0.2084144923,-0.2005700697,-0.1928194542,-0.1851409443,-0.1775008407,-0.1698516284,-0.1621369176,-0.1543032352,-0.1463155341,-0.1381709959,-0.1299064206,-0.1215984144,-0.1133598452,-0.1053365087,-0.0977033553,-0.0906541287,-0.0843784081,-0.0790279466,-0.0746841991,-0.0713421512,-0.0689183598,-0.0672785911,-0.0662716293,-0.0657559246,-0.0656127647,-0.0657475982,-0.0660852918,-0.0665647085,-0.0671352160,-0.0677551492,-0.0683911745,-0.0690177515,-0.0696164846,-0.0701753180,-0.0706872482,-0.0711481053,-0.0715534181,-0.0718951905,-0.0721598886,-0.0723286199,-0.0723795295,-0.0722914482,-0.0720473586,-0.0716364916,-0.0710545804,-0.0703025321,-0.0693841576,-0.0683035704,-0.0670627251,-0.0656595995,-0.0640876911,-0.0623373532,-0.0603988012,-0.0582656706,-0.0559375427,-0.0534203124,-0.0507244126,-0.0478619914,-0.0448444802,-0.0416814261,-0.0383804085,-0.0349471441,-0.0313851288,-0.0276951733,-0.0238759128,-0.0199259727,-0.0158472326,-0.0116477205,-0.0073428579,-0.0029546991,0.0014904179,0.0059651317,0.0104445034,0.0149088296,0.0193450755,0.0237466430,0.0281118510,0.0324419074,0.0367391182,0.0410057478,0.0452434600,0.0494527678,0.0536317985,0.0577743364,0.0618682253,0.0658957061,0.0698363807,0.0736718178,0.0773897350,0.0809859696,0.0844635899,0.0878295870,0.0910902726,0.0942469403,0.0972934975,0.1002172801,0.1030029545,0.1056378374,0.1081161078,0.1104398995,0.1126169452,0.1146562690,0.1165642940,0.1183431980,0.1199919053,0.1215087167,0.1228939871,0.1241515617,0.1252885074,0.1263135479,0.1272351337,0.1280600676,0.1287931092,0.1294373736,0.1299950470,0.1304680936,0.1308589300,0.1311711143,0.1314098862,0.1315822026,0.1316960221,0.1317589682,0.1317768308,0.1317524114,0.1316850066,0.1315705728,0.1314024630,0.1311725784,0.1308727243,0.1304959130,0.1300374607,0.1294961205,0.1288765868,0.1281944135,0.1274832757,0.1267986201,0.1262606213,0.1258776987,0.1256649381,,,,,,,,,,,,,,,,,,
,,,,,,,,,,,,,,,,,,,,-0.3494906114,-0.3350103350,-0.3211528180,-0.3109907637,-0.3003912931,-0.2895849579,-0.2789079716,-0.2685743464,-0.2586778606,-0.2492232465,-0.2401617211,-0.2314204375,-0.2229267819,-0.2146234716,-0.2064734612,-0.1984565582,-0.1905611836,-0.1827745296,-0.1750736958,-0.1674202153,-0.1597603683,-0.1520326587,-0.1441813100,-0.1361716167,-0.1280015424,-0.1197058162,-0.1113535363,-0.1030446058,-0.0949099125,-0.0871140213,-0.0798520029,-0.0733311832,-0.0677368990,-0.0631933274,-0.0597364827,-0.0573113672,-0.0557928225,-0.0550188428,-0.0548223630,-0.0550524506,-0.0555833246,-0.0563148394,-0.0571692945,-0.0580878581,-0.0590276242,-0.0599589352,-0.0608624749,-0.0617262188,-0.0625427192,-0.0633069646,-0.0640145318,-0.0646596039,-0.0652329309,-0.0657204977,-0.0661038260,-0.0663621835,-0.0664759360,-0.0664296371,-0.0662136498,-0.0658239331,-0.0652604786,-0.0645252042,-0.0636199012,-0.0625445029,-0.0612959186,-0.0598678975,-0.0582523606,-0.0564420436,-0.0544334360,-0.0522286272,-0.0498351955,-0.0472643530,-0.0445284153,-0.0416387585,-0.0386047978,-0.0354336919,-0.0321301009,-0.0286957296,-0.0251292151,-0.0214273021,-0.0175876450,-0.0136124092,-0.0095111581,-0.0053018212,-0.0010094323,0.0033369241,0.0077081509,0.0120791456,0.0164316718,0.0207552841,0.0250462408,0.0293051302,0.0335342734,0.0377357569,0.0419104640,0.0460579024,0.0501761319,0.0542610350,0.0583048702,0.0622951097,0.0662149585,0.0700460620,0.0737724025,0.0773835715,0.0808760426,0.0842521365,0.0875171918,0.0906758294,0.0937284611,0.0966693948,0.0994876001,0.1021701360,0.1047068235,0.1070939290,0.1093350655,0.1114390171,0.1134158073,0.1152730740,0.1170143447,0.1186395766,0.1201471796,0.1215362457,0.1228079422,0.1239656733,0.1250142826,0.1259589607,0.1268044817,0.1275549898,0.1282141281,0.1287851776,0.1292711307,0.1296749217,0.1300000170,0.1302512087,0.1304351052,0.1305598208,0.1306337534,0.1306638163,0.1306537451,0.1306030489,0.1305069324,0.1303572285,0.1301441086,0.1298581318,0.1294921482,0.1290429026,0.1285128691,0.1279145322,0.1272765338,0.1266482363,0.1261019881,0.1258304162,0.1256248800,,,,,,,,,,,,,,,,,,,
,,,,,,,,,,,,,,,,,,,,,-0.3284082673,-0.3100460255,-0.3002482973,-0.2901705429,-0.2797040927,-0.2691583809,-0.2588841604,-0.2490227612,-0.2395782819,-0.2304977795,-0.2217085234,-0.2131445347,-0.2047603249,-0.1965325138,-0.1884527467,-0.1805165768,-0.1727122479,-0.1650122580,-0.1573700123,-0.1497233042,-0.1420048041,-0.1341570651,-0.1261470257,-0.1179745787,-0.1096727753,-0.1013026473,-0.0929497253,-0.0847278968,-0.0767886613,-0.0693253158,-0.0625599004,-0.0567092334,-0.0519399482,-0.0483310624,-0.0458597989,-0.0444145475,-0.0438265168,-0.0439060361,-0.0444718257,-0.0453681242,-0.0464706857,-0.0476857809,-0.0489463091,-0.0502073191,-0.0514413850,-0.0526335751,-0.0537762365,-0.0548645169,-0.0558934872,-0.0568568475,-0.0577463724,-0.0585513104,-0.0592578014,-0.0598490924,-0.0603071459,-0.0606152690,-0.0607605575,-0.0607349734,-0.0605347224,-0.0601585387,-0.0596058297,-0.0588753040,-0.0579641953,-0.0568680237,-0.0555810285,-0.0540974843,-0.0524137197,-0.0505300374,-0.0484515425,-0.0461874251,-0.0437491275,-0.0411483329,-0.0383955295,-0.0354992760,-0.0324657743,-0.0292983533,-0.0259969933,-0.0225586189,-0.0189788928,-0.0152554625,-0.0113915967,-0.0073987514,-0.0032970635,0.0008863989,0.0051211597,0.0093777675,0.0136319682,0.0178673649,0.0220757744,0.0262554395,0.0304081030,0.0345361770,0.0386408611,0.0427214503,0.0467754864,0.0507989890,0.0547860448,0.0587277364,0.0626113407,0.0664209891,0.0701401172,0.0737547311,0.0772559376,0.0806407155,0.0839108563,0.0870705971,0.0901236264,0.0930702803,0.0959059778,0.0986218146,0.1012073988,0.1036548004,0.1059617325,0.1081324115,0.1101757884,0.1121021907,0.1139200545,0.1156340825,0.1172452226,0.1187519676,0.1201520709,0.1214438978,0.1226270633,0.1237024587,0.1246720314,0.1255386325,0.1263059685,0.1269784391,0.1275606927,0.1280570642,0.1284713464,0.1288072398,0.1290693377,0.1292640164,0.1293995084,0.1294848193,0.1295277422,0.1295326766,0.1294990800,0.1294211656,0.1292890508,0.1290910850,0.1288167265,0.1284593172,0.1280186182,0.1275037226,0.1269389207,0.1263677996,0.1258621816,0.1254983052,0.1255567203,,,,,,,,,,,,,,,,,,,,
,,,,,,,,,,,,,,,,,,,,,,-0.3005501182,-0.2899232622,-0.2798370029,-0.2696197998,-0.2593028846,-0.2491390912,-0.2393370784,-0.2299067984,-0.2207955316,-0.2119388142,-0.2032861684,-0.1948106718,-0.1865060392,-0.1783757802,-0.1704198525,-0.1626232925,-0.1549497130,-0.1473414096,-0.1397267090,-0.1320333514,-0.1242042180,-0.1162099373,-0.1080536030,-0.0997668231,-0.0914020577,-0.0830297511,-0.0747461599,-0.0666889659,-0.0590482688,-0.0520583279,-0.0459640958,-0.0409713611,-0.0372000335,-0.0346593940,-0.0332531828,-0.0328090156,-0.0331184832,-0.0339739739,-0.0351935498,-0.0366320781,-0.0381819530,-0.0397685067,-0.0413439197,-0.0428809795,-0.0443665280,-0.0457947063,-0.0471611588,-0.0484596107,-0.0496811365,-0.0508149682,-0.0518492560,-0.0527711022,-0.0535664538,-0.0542207954,-0.0547208051,-0.0550560975,-0.0552199111,-0.0552083068,-0.0550184476,-0.0546470023,-0.0540894092,-0.0533400790,-0.0523932178,-0.0512439750,-0.0498897537,-0.0483314055,-0.0465738017,-0.0446253560,-0.0424966029,-0.0401984918,-0.0377411161,-0.0351331163,-0.0323814314,-0.0294909029,-0.0264636036,-0.0232983776,-0.0199914354,-0.0165385150,-0.0129382310,-0.0091954121,-0.0053231294,-0.0013426988,0.0027183405,0.0068298062,0.0109632173,0.0150957511,0.0192125607,0.0233067202,0.0273770921,0.0314252536,0.0354527508,0.0394594625,0.0434431759,0.0473999248,0.0513243280,0.0552093092,0.0590452580,0.0628194927,0.0665170122,0.0701227125,0.0736241428,0.0770134962,0.0802880789,0.0834493344,0.0865009163,0.0894463190,0.0922866205,0.0950191099,0.0976375630,0.1001343347,0.1025034662,0.1047433573,0.1068577272,0.1088544972,0.1107432584,0.1125325280,0.1142278405,0.1158311208,0.1173411692,0.1187547647,0.1200678924,0.1212767931,0.1223787648,0.1233727740,0.1242598955,0.1250434384,0.1257285400,0.1263212015,0.1268271462,0.1272511486,0.1275973073,0.1278701475,0.1280758364,0.1282226076,0.1283198457,0.1283759543,0.1283957649,0.1283785317,0.1283174153,0.1282008517,0.1280155610,0.1277504693,0.1274007718,0.1269718196,0.1264828278,0.1259716063,0.1255054517,0.1251664438,0.1250213166,,,,,,,,,,,,,,,,,,,,,
,,,,,,,,,,,,,,,,,,,,,,-0.2939366062,-0.2812884318,-0.2698541195,-0.2593849068,-0.2492264194,-0.2392586416,-0.2295394284,-0.2201230533,-0.2109713417,-0.2020359000,-0.1932892577,-0.1847280060,-0.1763637385,-0.1682088021,-0.1602623445,-0.1525007499,-0.1448748063,-0.1373143031,-0.1297393159,-0.1220756475,-0.1142699473,-0.1062991698,-0.0981707784,-0.0899147896,-0.0815744183,-0.0732047262,-0.0648848315,-0.0567394466,-0.0489555694,-0.0417778906,-0.0354754500,-0.0302876663,-0.0263699875,-0.0237602813,-0.0223770291,-0.0220464787,-0.0225457692,-0.0236462581,-0.0251451384,-0.0268808365,-0.0287347729,-0.0306256885,-0.0325019895,-0.0343343946,-0.0361086880,-0.0378182969,-0.0394578030,-0.0410191706,-0.0424913623,-0.0438620825,-0.0451194717,-0.0462524505,-0.0472500865,-0.0481012549,-0.0487953225,-0.0493233746,-0.0496788553,-0.0498569361,-0.0498529663,-0.0496610724,-0.0492738495,-0.0486833678,-0.0478830092,-0.0468693735,-0.0456435888,-0.0442115762,-0.0425830868,-0.0407697711,-0.0387830272,-0.0366325220,-0.0343258301,-0.0318688731,-0.0292663647,-0.0265216486,-0.0236360007,-0.0206081484,-0.0174349223,-0.0141133901,-0.0106438978,-0.0070328254,-0.0032940032,0.0005516205,0.0044779100,0.0084566825,0.0124614688,0.0164709512,0.0204709558,0.0244543217,0.0284189163,0.0323648551,0.0362920903,0.0401990473,0.0440823413,0.0479371125,0.0517572924,0.0555353150,0.0592614067,0.0629232335,0.0665067020,0.0699979587,0.0733857302,0.0766629196,0.0798269192,0.0828788128,0.0858219173,0.0886600113,0.0913955567,0.0940284074,0.0965556060,0.0989725355,0.1012750242,0.1034614565,0.1055339383,0.1074980564,0.1093614347,0.1111317337,0.1128148053,0.1144134941,0.1159272633,0.1173525829,0.1186838922,0.1199149088,0.1210400592,0.1220558166,0.1229616905,0.1237605621,0.1244581285,0.1250615352,0.1255777452,0.1260124565,0.1263701615,0.1266552851,0.1268736460,0.1270332051,0.1271433642,0.1272127939,0.1272465442,0.1272436575,0.1271964540,0.1270921330,0.1269165828,0.1266596780,0.1263210255,0.1259149691,0.1254730553,0.1250574654,0.1247484098,0.1246207433,0.1246868725,,,,,,,,,,,,,,,,,,,,,
,,,,,,,,,,,,,,,,,,,,,,,-0.2750322785,-0.2611700360,-0.2493368467,-0.2389402871,-0.2291033620,-0.2195257924,-0.2101295836,-0.2009365036,-0.1919282450,-0.1831033603,-0.1744823237,-0.1660919756,-0.1579480727,-0.1500425407,-0.1423380098,-0.1347702337,-0.1272576130,-0.1197157163,-0.1120733144,-0.1042852472,-0.0963375322,-0.0882427170,-0.0800285173,-0.0717279521,-0.0633806413,-0.0550498226,-0.0468491884,-0.0389638033,-0.0316475909,-0.0251893550,-0.0198553619,-0.0158292737,-0.0131719612,-0.0118144061,-0.0115829150,-0.0122444274,-0.0135549084,-0.0152962734,-0.0172949757,-0.0194241803,-0.0215968076,-0.0237565212,-0.0258698444,-0.0279190703,-0.0298950711,-0.0317907480,-0.0335970328,-0.0353024525,-0.0368951125,-0.0383646714,-0.0397025964,-0.0409008986,-0.0419508612,-0.0428429938,-0.0435681072,-0.0441183427,-0.0444870937,-0.0446678001,-0.0446526362,-0.0444323269,-0.0439976218,-0.0433419146,-0.0424638076,-0.0413684045,-0.0400666484,-0.0385728484,-0.0369013484,-0.0350637276,-0.0330676349,-0.0309174186,-0.0286157067,-0.0261647078,-0.0235664666,-0.0208222383,-0.0179318836,-0.0148942448,-0.0117088046,-0.0083780362,-0.0049094034,-0.0013162441,0.0023826051,0.0061642186,0.0100038019,0.0138774701,0.0177649937,0.0216516223,0.0255283073,0.0293903897,0.0332355095,0.0370616684,0.0408660378,0.0446445922,0.0483922217,0.0521027903,0.0557687808,0.0593806937,0.0629268601,0.0663942704,0.0697703463,0.0730448759,0.0762112472,0.0792666597,0.0822115874,0.0850488890,0.0877827195,0.0904172527,0.0929554021,0.0953979818,0.0977437226,0.0999902026,0.1021353202,0.1041787014,0.1061224798,0.1079711429,0.1097304854,0.1114060094,0.1130012753,0.1145167060,0.1159492014,0.1172926868,0.1185394699,0.1196820819,0.1207151720,0.1216369772,0.1224499086,0.1231599710,0.1237751433,0.1243033693,0.1247510996,0.1251230941,0.1254235069,0.1256575105,0.1258323473,0.1259569096,0.1260396720,0.1260856715,0.1260938659,0.1260562984,0.1259600316,0.1257919964,0.1255459270,0.1252294386,0.1248681209,0.1245190713,0.1242601037,0.1241663804,0.1242504924,,,,,,,,,,,,,,,,,,,,,,
,,,,,,,,,,,,,,,,,,,,,,,,-0.2546091556,-0.2405034957,-0.2288093291,-0.2186892278,-0.2091597242,-0.1998348129,-0.1906184054,-0.1815627303,-0.1726979305,-0.1640624111,-0.1556913092,-0.1475970234,-0.1397586112,-0.1321219436,-0.1246083674,-0.1171288529,-0.1096003727,-0.1019606833,-0.0941773048,-0.0862474002,-0.0781884202,-0.0700243704,-0.0617768784,-0.0534703028,-0.0451538404,-0.0369328241,-0.0289921864,-0.0215942729,-0.0150433542,-0.0096253821,-0.0055441889,-0.0028771958,-0.0015648610,-0.0014344134,-0.0022464326,-0.0037466545,-0.0057066070,-0.0079443613,-0.0103267463,-0.0127612026,-0.0151857692,-0.0175612105,-0.0198647736,-0.0220839380,-0.0242102832,-0.0262352822,-0.0281493326,-0.0299432200,-0.0316096781,-0.0331431857,-0.0345380713,-0.0357865719,-0.0368784442,-0.0378023156,-0.0385475220,-0.0391049181,-0.0394661624,-0.0396223881,-0.0395638166,-0.0392812718,-0.0387691969,-0.0380286373,-0.0370684611,-0.0359038956,-0.0345527883,-0.0330311507,-0.0313499100,-0.0295141227,-0.0275245651,-0.0253804291,-0.0230815370,-0.0206291313,-0.0180253714,-0.0152724668,-0.0123724448,-0.0093279279,-0.0061435040,-0.0028269243,0.0006103412,0.0041531535,0.0077831752,0.0114798084,0.0152217697,0.0189891519,0.0227653259,0.0265379413,0.0302987147,0.0340422961,0.0377648210,0.0414626961,0.0451318737,0.0487675297,0.0523638348,0.0559135711,0.0594077220,0.0628355134,0.0661852803,0.0694459678,0.0726085792,0.0756669603,0.0786178767,0.0814607966,0.0841977115,0.0868328839,0.0893721543,0.0918216543,0.0941862287,0.0964681871,0.0986669499,0.1007798049,0.1028035154,0.1047361209,0.1065781366,0.1083325959,0.1100038890,0.1115958694,0.1131099847,0.1145441474,0.1158927602,0.1171478968,0.1183012834,0.1193465257,0.1202809479,0.1211064615,0.1218290984,0.1224573110,0.1229997178,0.1234633103,0.1238529508,0.1241723000,0.1244255108,0.1246185536,0.1247591581,0.1248550287,0.1249109260,0.1249260004,0.1248930694,0.1248011706,0.1246416441,0.1244161444,0.1241427731,0.1238731000,0.1236827615,0.1236481697,0.1237788534,,,,,,,,,,,,,,,,,,,,,,,
,,,,,,,,,,,,,,,,,,,,,,,,,-0.2338342550,-0.2199116469,-0.2084100856,-0.1984891220,-0.1891398439,-0.1799698276,-0.1709123611,-0.1620599952,-0.1534660481,-0.1451627647,-0.1371513588,-0.1293945216,-0.1218218468,-0.1143442694,-0.1068717684,-0.0993298259,-0.0916710844,-0.0838791349,-0.0759628498,-0.0679430465,-0.0598378351,-0.0516561790,-0.0434078116,-0.0351304007,-0.0269241895,-0.0189762060,-0.0115566971,-0.0049813543,0.0004511040,0.0045245517,0.0071514774,0.0083852139,0.0083972383,0.0074302434,0.0057445802,0.0035754347,0.0011107270,-0.0015110797,-0.0041919879,-0.0068638800,-0.0094810534,-0.0120152278,-0.0144506331,-0.0167785472,-0.0189928170,-0.0210879341,-0.0230593589,-0.0249041153,-0.0266198679,-0.0282024733,-0.0296436854,-0.0309308235,-0.0320487767,-0.0329829726,-0.0337213163,-0.0342540810,-0.0345724887,-0.0346678277,-0.0345325514,-0.0341632094,-0.0335635068,-0.0327453822,-0.0317269737,-0.0305280513,-0.0291648939,-0.0276468850,-0.0259761483,-0.0241499580,-0.0221643804,-0.0200173266,-0.0177098961,-0.0152460040,-0.0126311386,-0.0098712660,-0.0069724397,-0.0039410243,-0.0007841505,0.0024897810,0.0058704491,0.0093448101,0.0128965721,0.0165065790,0.0201543639,0.0238204190,0.0274882785,0.0311456390,0.0347842600,0.0383989040,0.0419858650,0.0455416269,0.0490619448,0.0525413205,0.0559727133,0.0593474909,0.0626558276,0.0658876444,0.0690337715,0.0720867666,0.0750410944,0.0778929767,0.0806405162,0.0832843425,0.0858283347,0.0882796076,0.0906472454,0.0929399896,0.0951637347,0.0973198936,0.0994053911,0.1014143476,0.1033407323,0.1051807907,0.1069341852,0.1086034384,0.1101920610,0.1117022678,0.1131332480,0.1144806353,0.1157373151,0.1168952636,0.1179478399,0.1188918425,0.1197286603,0.1204640506,0.1211065470,0.1216651131,0.1221470774,0.1225572784,0.1228987185,0.1231742063,0.1233879072,0.1235457194,0.1236539777,0.1237169508,0.1237345580,0.1237022365,0.1236144267,0.1234712508,0.1232850600,0.1231008579,0.1229911404,0.1230343844,0.1232387801,,,,,,,,,,,,,,,,,,,,,,,,
,,,,,,,,,,,,,,,,,,,,,,,,,,-0.2132097448,-0.1993793966,-0.1879548102,-0.1781448721,-0.1689405061,-0.1599684868,-0.1511847553,-0.1426829135,-0.1344874405,-0.1265796885,-0.1189040982,-0.1113778957,-0.1039086987,-0.0964134889,-0.0888332221,-0.0811398345,-0.0733341469,-0.0654350451,-0.0574635155,-0.0494288796,-0.0413263948,-0.0331526454,-0.0249372752,-0.0167794989,-0.0088711673,-0.0014902589,0.0050397471,0.0104137341,0.0144106039,0.0169389088,0.0180491861,0.0179118998,0.0167709935,0.0148900473,0.0125085504,0.0098190004,0.0069645851,0.0040485673,0.0011450795,-0.0016939918,-0.0044353453,-0.0070607731,-0.0095624237,-0.0119379828,-0.0141875594,-0.0163125345,-0.0183148927,-0.0201954513,-0.0219509529,-0.0235716709,-0.0250414322,-0.0263405265,-0.0274499889,-0.0283548077,-0.0290445110,-0.0295116259,-0.0297500725,-0.0297554152,-0.0295271990,-0.0290717101,-0.0284028567,-0.0275398782,-0.0265025060,-0.0253057315,-0.0239565756,-0.0224541605,-0.0207927101,-0.0189658443,-0.0169702646,-0.0148075747,-0.0124840265,-0.0100088560,-0.0073922119,-0.0046434654,-0.0017702459,0.0012217196,0.0043278772,0.0075431831,0.0108598418,0.0142653445,0.0177418873,0.0212677233,0.0248200516,0.0283783020,0.0319265674,0.0354544090,0.0389559885,0.0424281229,0.0458681521,0.0492723544,0.0526351985,0.0559493324,0.0592061078,0.0623964892,0.0655121067,0.0685460078,0.0714926971,0.0743475550,0.0771063522,0.0797656792,0.0823244407,0.0847855995,0.0871568953,0.0894496801,0.0916760082,0.0938450542,0.0959603416,0.0980189778,0.1000132267,0.1019336929,0.1037726742,0.1055262643,0.1071945008,0.1087797977,0.1102845802,0.1117091989,0.1130509041,0.1143041510,0.1154620388,0.1165183938,0.1174698538,0.1183172580,0.1190657722,0.1197235877,0.1202996635,0.1208014799,0.1212338036,0.1215989464,0.1218982128,0.1221335954,0.1223086401,0.1224278746,0.1224951735,0.1225124986,0.1224808807,0.1224043051,0.1222943541,0.1221919516,0.1221661803,0.1222978828,0.1225953484,,,,,,,,,,,,,,,,,,,,,,,,,
,,,,,,,,,,,,,,,,,,,,,,,,,,,-0.1925790526,-0.1787153787,-0.1673394859,-0.1576711495,-0.1487006347,-0.1400594348,-0.1316812016,-0.1236103526,-0.1158085737,-0.1082002837,-0.1006951841,-0.0932060128,-0.0856649073,-0.0780337394,-0.0703054694,-0.0624962838,-0.0546307979,-0.0467253845,-0.0387773214,-0.0307678142,-0.0226830768,-0.0145496128,-0.0064707518,0.0013534118,0.0086368755,0.0150515467,0.0202917359,0.0241382001,0.0265015374,0.0274332753,0.0271040852,0.0257584360,0.0236615922,0.0210559247,0.0181375431,0.0150536379,0.0119119017,0.0087913746,0.0057488480,0.0028214001,0.0000286137,-0.0026233731,-0.0051367338,-0.0075176791,-0.0097738212,-0.0119122093,-0.0139367001,-0.0158446493,-0.0176245377,-0.0192564768,-0.0207161071,-0.0219802361,-0.0230313666,-0.0238590504,-0.0244582438,-0.0248268270,-0.0249646463,-0.0248747953,-0.0245657452,-0.0240520213,-0.0233520188,-0.0224834733,-0.0214586669,-0.0202816715,-0.0189488255,-0.0174520436,-0.0157833981,-0.0139391446,-0.0119218768,-0.0097403776,-0.0074075774,-0.0049375480,-0.0023425470,0.0003690623,0.0031934306,0.0061300506,0.0091789056,0.0123367418,0.0155938934,0.0189331037,0.0223310211,0.0257618603,0.0292018029,0.0326324830,0.0360423935,0.0394259591,0.0427809621,0.0461055671,0.0493961286,0.0526463723,0.0558478716,0.0589913466,0.0620682083,0.0650717495,0.0679974240,0.0708420099,0.0736021673,0.0762735257,0.0788513248,0.0813326556,0.0837191400,0.0860183708,0.0882429677,0.0904073238,0.0925232744,0.0945964558,0.0966248447,0.0986000156,0.1005104510,0.1023453897,0.1040976298,0.1057643863,0.1073462685,0.1088451803,0.1102621793,0.1115961042,0.1128433393,0.1139986718,0.1150569275,0.1160148810,0.1168727967,0.1176349452,0.1183087491,0.1189027960,0.1194245372,0.1198786844,0.1202669744,0.1205892746,0.1208453250,0.1210361489,0.1211645335,0.1212348928,0.1212536695,0.1212310281,0.1211825437,0.1211500229,0.1212017611,0.1214218809,0.1218220846,,,,,,,,,,,,,,,,,,,,,,,,,,
,,,,,,,,,,,,,,,,,,,,,,,,,,,,-0.1717712297,-0.1579113741,-0.1466739070,-0.1372519228,-0.1286281493,-0.1204018726,-0.1124415215,-0.1047234289,-0.0971579173,-0.0896493239,-0.0821214898,-0.0745278073,-0.0668537411,-0.0591116076,-0.0513279086,-0.0435264474,-0.0357132631,-0.0278706998,-0.0199668808,-0.0119821558,-0.0039463998,0.0040265921,0.0117243345,0.0188521083,0.0250801005,0.0301076070,0.0337239080,0.0358477956,0.0365362468,0.0359625106,0.0343722013,0.0320318498,0.0291858487,0.0260328187,0.0227225011,0.0193651101,0.0160423691,0.0128138093,0.0097185916,0.0067767056,0.0039923465,0.0013591734,-0.0011345453,-0.0035020890,-0.0057552033,-0.0079006854,-0.0099366781,-0.0118502929,-0.0136185431,-0.0152131354,-0.0166073663,-0.0177819387,-0.0187271385,-0.0194411546,-0.0199266678,-0.0201884417,-0.0202332102,-0.0200709472,-0.0197153988,-0.0191823662,-0.0184859982,-0.0176348740,-0.0166299141,-0.0154651759,-0.0141311764,-0.0126193891,-0.0109262980,-0.0090557200,-0.0070187581,-0.0048315045,-0.0025112765,-0.0000725779,0.0024759231,0.0051323183,0.0078997383,0.0107823214,0.0137802104,0.0168855199,0.0200809713,0.0233418104,0.0266402566,0.0299507554,0.0332540980,0.0365390255,0.0398009843,0.0430388505,0.0462511996,0.0494336849,0.0525783645,0.0556748592,0.0587125610,0.0616828715,0.0645805263,0.0674033756,0.0701506536,0.0728206604,0.0754093651,0.0779111149,0.0803214054,0.0826402930,0.0848744786,0.0870367114,0.0891425149,0.0912055180,0.0932332880,0.0952252991,0.0971737094,0.0990663989,0.1008908448,0.1026372785,0.1043001484,0.1058777820,0.1073708407,0.1087804232,0.1101065525,0.1113474615,0.1124997980,0.1135596556,0.1145241369,0.1153929196,0.1161691421,0.1168590816,0.1174705954,0.1180109119,0.1184847245,0.1188934192,0.1192357307,0.1195094569,0.1197135558,0.1198501752,0.1199266043,0.1199568908,0.1199616181,0.1199873276,0.1201055619,0.1204055114,0.1209051051,,,,,,,,,,,,,,,,,,,,,,,,,,,
,,,,,,,,,,,,,,,,,,,,,,,,,,,,,-0.1508560777,-0.1371359274,-0.1261272682,-0.1170077767,-0.1087445370,-0.1008747073,-0.0931947430,-0.0856377531,-0.0781077497,-0.0705396013,-0.0629092150,-0.0552240805,-0.0475103999,-0.0397972566,-0.0320999001,-0.0244086266,-0.0166894062,-0.0089002646,-0.0010221851,0.0069035343,0.0147453810,0.0222740136,0.0291853602,0.0351509663,0.0398808511,0.0431797016,0.0449810845,0.0453526822,0.0444737992,0.0425929394,0.0399782170,0.0368752537,0.0334834631,0.0299526117,0.0263923283,0.0228837695,0.0194863923,0.0162395716,0.0131630243,0.0102594268,0.0075194380,0.0049272279,0.0024650687,0.0001172194,-0.0021260038,-0.0042640993,-0.0062838657,-0.0081605502,-0.0098632706,-0.0113629300,-0.0126391952,-0.0136835310,-0.0144976078,-0.0150890315,-0.0154674138,-0.0156427041,-0.0156255028,-0.0154275534,-0.0150607977,-0.0145348564,-0.0138542461,-0.0130170112,-0.0120156867,-0.0108403542,-0.0094827392,-0.0079400269,-0.0062172072,-0.0043271481,-0.0022882115,-0.0001200037,0.0021614484,0.0045474156,0.0070375666,0.0096377318,0.0123549080,0.0151913360,0.0181400220,0.0211835201,0.0242964029,0.0274503575,0.0306199193,0.0337867549,0.0369410621,0.0400797987,0.0432027316,0.0463081489,0.0493900768,0.0524379793,0.0554387321,0.0583797721,0.0612520049,0.0640512389,0.0667774931,0.0694324511,0.0720163393,0.0745260237,0.0769556172,0.0792994948,0.0815561593,0.0837308399,0.0858353457,0.0878850839,0.0898944689,0.0918725946,0.0938208154,0.0957329669,0.0975978256,0.0994025903,0.1011360170,0.1027902794,0.1043613241,0.1058480492,0.1072508953,0.1085704138,0.1098062197,0.1109565922,0.1120188584,0.1129904992,0.1138706085,0.1146610577,0.1153667054,0.1159943632,0.1165508243,0.1170407815,0.1174655685,0.1178233640,0.1181108796,0.1183264187,0.1184740667,0.1185672903,0.1186287702,0.1187098729,0.1188880173,0.1192593008,0.1198481287,,,,,,,,,,,,,,,,,,,,,,,,,,,,
,,,,,,,,,,,,,,,,,,,,,,,,,,,,,,-0.1300296330,-0.1165052821,-0.1056956448,-0.0968126774,-0.0887997891,-0.0811246372,-0.0735369761,-0.0659698470,-0.0583721532,-0.0507397224,-0.0430945957,-0.0354661168,-0.0278759759,-0.0203233690,-0.0127793911,-0.0051948784,0.0024766457,0.0102451301,0.0180488447,0.0257313029,0.0330425169,0.0396693810,0.0452887476,0.0496276965,0.0525135931,0.0539017519,0.0538763955,0.0526270944,0.0504076029,0.0474881097,0.0441142384,0.0404835477,0.0367421827,0.0329950868,0.0293189415,0.0257700539,0.0223862400,0.0191866277,0.0161733074,0.0133356481,0.0106556285,0.0081126506,0.0056878581,0.0033686964,0.0011534831,-0.0009457586,-0.0029043475,-0.0046906007,-0.0062743839,-0.0076350215,-0.0087651836,-0.0096695642,-0.0103599817,-0.0108500747,-0.0111521197,-0.0112764144,-0.0112318327,-0.0110258419,-0.0106633527,-0.0101451379,-0.0094670969,-0.0086211862,-0.0075979686,-0.0063900800,-0.0049956283,-0.0034204709,-0.0016784449,0.0002109086,0.0022267606,0.0043522377,0.0065785569,0.0089062248,0.0113424714,0.0138956817,0.0165690192,0.0193558810,0.0222390021,0.0251934126,0.0281919047,0.0312108451,0.0342342098,0.0372544794,0.0402702481,0.0432817176,0.0462861196,0.0492750491,0.0522347117,0.0551487369,0.0580021822,0.0607850076,0.0634935955,0.0661296809,0.0686971615,0.0711983206,0.0736314329,0.0759911031,0.0782712256,0.0804690019,0.0825878844,0.0846379208,0.0866333021,0.0885881981,0.0905126121,0.0924097993,0.0942759715,0.0961020162,0.0978762780,0.0995873210,0.1012259149,0.1027859532,0.1042643870,0.1056604488,0.1069744967,0.1082068267,0.1093568139,0.1104227150,0.1114022887,0.1122940409,0.1130985358,0.1138190567,0.1144611179,0.1150308594,0.1155329967,0.1159692798,0.1163384295,0.1166376891,0.1168669643,0.1170354088,0.1171642520,0.1173073198,0.1175481586,0.1179904954,0.1186632008,,,,,,,,,,,,,,,,,,,,,,,,,,,,,
,,,,,,,,,,,,,,,,,,,,,,,,,,,,,,,-0.1093479239,-0.0958928284,-0.0851356888,-0.0763700120,-0.0684836336,-0.0608550487,-0.0532255256,-0.0455951897,-0.0379923108,-0.0304418514,-0.0229563854,-0.0155364248,-0.0081586997,-0.0007750444,0.0066739746,0.0142309478,0.0218869554,0.0295510156,0.0370358642,0.0440691888,0.0503312422,0.0555096360,0.0593555925,0.0617265848,0.0626065774,0.0621021472,0.0604173922,0.0578135926,0.0545630542,0.0509093323,0.0470444602,0.0431064359,0.0391909160,0.0353661201,0.0316823616,0.0281744996,0.0248611269,0.0217449655,0.0188159812,0.0160559622,0.0134430664,0.0109562238,0.0085800006,0.0063096045,0.0041542083,0.0021363487,0.0002865122,-0.0013655637,-0.0027993935,-0.0040084294,-0.0049992430,-0.0057863870,-0.0063860805,-0.0068117431,-0.0070725474,-0.0071740850,-0.0071193789,-0.0069091072,-0.0065411421,-0.0060102775,-0.0053089149,-0.0044289095,-0.0033642633,-0.0021140107,-0.0006843937,0.0009106866,0.0026516393,0.0045174316,0.0064908724,0.0085628954,0.0107338529,0.0130109249,0.0154024849,0.0179117621,0.0205325081,0.0232484106,0.0260362809,0.0288715204,0.0317336405,0.0346097744,0.0374949468,0.0403891268,0.0432923870,0.0462003151,0.0491016776,0.0519792659,0.0548134273,0.0575867180,0.0602877874,0.0629129805,0.0654650576,0.0679496190,0.0703708893,0.0727288923,0.0750193877,0.0772365068,0.0793766258,0.0814414502,0.0834388098,0.0853808614,0.0872805959,0.0891481619,0.0909883691,0.0928000163,0.0945768595,0.0963095300,0.0979876576,0.0996016903,0.1011441544,0.1026102452,0.1039977169,0.1053061428,0.1065357788,0.1076864376,0.1087568488,0.1097448349,0.1106482780,0.1114664434,0.1122009655,0.1128558760,0.1134364864,0.1139477379,0.1143928671,0.1147733496,0.1150891765,0.1153429370,0.1155488419,0.1157605816,0.1160703656,0.1165917231,0.1173542897,,,,,,,,,,,,,,,,,,,,,,,,,,,,,,
,,,,,,,,,,,,,,,,,,,,,,,,,,,,,,,,-0.0885899874,-0.0749881096,-0.0642144570,-0.0555750971,-0.0479884440,-0.0399760354,-0.0322741791,-0.0246975796,-0.0172740917,-0.0099713351,-0.0027491368,0.0044435445,0.0116706855,0.0189937272,0.0264408910,0.0339744652,0.0414672118,0.0486984609,0.0553754608,0.0611771857,0.0658091956,0.0690543543,0.0708071485,0.0710861840,0.0700253026,0.0678465835,0.0648202758,0.0612198756,0.0572837720,0.0531939647,0.0490753911,0.0450099756,0.0410540571,0.0372498295,0.0336284028,0.0302082305,0.0269939369,0.0239778097,0.0211431941,0.0184684025,0.0159309272,0.0135124391,0.0112041831,0.0090109092,0.0069510217,0.0050518773,0.0033414695,0.0018397418,0.0005532137,-0.0005249574,-0.0014101020,-0.0021192434,-0.0026657051,-0.0030569526,-0.0032953174,-0.0033798880,-0.0033079754,-0.0030756285,-0.0026776534,-0.0021078773,-0.0013601472,-0.0004301524,0.0006822507,0.0019709670,0.0034229134,0.0050194846,0.0067403148,0.0085682501,0.0104935567,0.0125153710,0.0146394525,0.0168730158,0.0192188750,0.0216714805,0.0242164721,0.0268337167,0.0295023581,0.0322057440,0.0349342957,0.0376852355,0.0404593174,0.0432559570,0.0460688874,0.0488842498,0.0516819250,0.0544395057,0.0571372878,0.0597623693,0.0623103578,0.0647841099,0.0671901010,0.0695340532,0.0718178022,0.0740387627,0.0761920227,0.0782737955,0.0802844082,0.0822294163,0.0841184752,0.0859626578,0.0877714656,0.0895506520,0.0913013687,0.0930204874,0.0947016309,0.0963365027,0.0979162961,0.0994330413,0.1008806683,0.1022555038,0.1035560138,0.1047818752,0.1059327710,0.1070074639,0.1080036033,0.1089183884,0.1097498051,0.1104978261,0.1111649386,0.1117556609,0.1122758448,0.1127324331,0.1131330999,0.1134816876,0.1138120291,0.1140704798,0.1144437446,0.1150448202,0.1159092150,,,,,,,,,,,,,,,,,,,,,,,,,,,,,,,
,,,,,,,,,,,,,,,,,,,,,,,,,,,,,,,,,-0.0674200574,-0.0537068004,-0.0431869272,-0.0358438336,-0.0266455105,-0.0185369843,-0.0109504666,-0.0036416615,0.0034812641,0.0105153331,0.0175401456,0.0246302308,0.0318406351,0.0391751418,0.0465592759,0.0538261501,0.0607237067,0.0669451062,0.0721765839,0.0761501705,0.0786874868,0.0797254514,0.0793214019,0.0776395032,0.0749216193,0.0714469481,0.0674879930,0.0632739645,0.0589719433,0.0546891598,0.0504901868,0.0464171777,0.0425031328,0.0387753356,0.0352527550,0.0319430314,0.0288420739,0.0259360223,0.0232043209,0.0206235831,0.0181726004,0.0158380555,0.0136190936,0.0115284182,0.0095886765,0.0078250082,0.0062565990,0.0048907786,0.0037221104,0.0027364834,0.0019177989,0.0012538860,0.0007392704,0.0003745373,0.0001637942,0.0001121610,0.0002244105,0.0005047578,0.0009571165,0.0015850446,0.0023908740,0.0033739968,0.0045289028,0.0058440619,0.0073027096,0.0088858438,0.0105765915,0.0123641765,0.0142456153,0.0162241626,0.0183050685,0.0204905501,0.0227762609,0.0251507454,0.0275979203,0.0301013128,0.0326481671,0.0352316857,0.0378504496,0.0405051989,0.0431942980,0.0459098515,0.0486361977,0.0513514620,0.0540315657,0.0566551614,0.0592077222,0.0616833866,0.0640839806,0.0664157136,0.0686849969,0.0708952030,0.0730456697,0.0751330975,0.0771543257,0.0791089523,0.0810005678,0.0828362173,0.0846245822,0.0863738260,0.0880899336,0.0897758727,0.0914314299,0.0930534368,0.0946362705,0.0961727010,0.0976551008,0.0990767696,0.1004329147,0.1017208782,0.1029395203,0.1040880804,0.1051650925,0.1061678916,0.1070929719,0.1079371237,0.1086988473,0.1093794921,0.1099833219,0.1105180952,0.1109970861,0.1114366765,0.1118765128,0.1123907305,0.1127023748,0.1133528772,0.1143092601,,,,,,,,,,,,,,,,,,,,,,,,,,,,,,,,
,,,,,,,,,,,,,,,,,,,,,,,,,,,,,,,,,,-0.0459228211,-0.0327271675,-0.0258175003,-0.0139394148,-0.0047225156,0.0031191636,0.0103421259,0.0173509350,0.0242699318,0.0311826533,0.0381670670,0.0452709177,0.0524698745,0.0596499184,0.0666063753,0.0730631848,0.0787101515,0.0832517914,0.0864554535,0.0881872201,0.0884294555,0.0872796124,0.0849326475,0.0816497310,0.0777171332,0.0734028975,0.0689224861,0.0644234134,0.0599914924,0.0556716927,0.0514911131,0.0474736456,0.0436433289,0.0400204061,0.0366162999,0.0334312307,0.0304547165,0.0276678024,0.0250465591,0.0225670370,0.0202112015,0.0179720726,0.0158558031,0.0138793507,0.0120642392,0.0104287238,0.0089815684,0.0077200566,0.0066328891,0.0057062372,0.0049298013,0.0043001092,0.0038201499,0.0034964745,0.0033358551,0.0033431656,0.0035209810,0.0038703525,0.0043917403,0.0050851715,0.0059492197,0.0069791923,0.0081656101,0.0094941776,0.0109478037,0.0125101421,0.0141691997,0.0159193399,0.0177606619,0.0196959921,0.0217269064,0.0238506517,0.0260593058,0.0283413741,0.0306849067,0.0330806243,0.0355236080,0.0380127131,0.0405478219,0.0431260219,0.0457383610,0.0483686450,0.0509948700,0.0535927922,0.0561403692,0.0586215848,0.0610284384,0.0633605069,0.0656223614,0.0678199713,0.0699576315,0.0720366027,0.0740557225,0.0760132772,0.0779089689,0.0797450180,0.0815260761,0.0832582556,0.0849478942,0.0866005474,0.0882203287,0.0898094271,0.0913676667,0.0928922422,0.0943779575,0.0958181487,0.0972060828,0.0985362802,0.0998051813,0.1010108911,0.1021522017,0.1032274290,0.1042336564,0.1051668117,0.1060228846,0.1067998673,0.1074996562,0.1081272078,0.1086910399,0.1092091510,0.1097388058,0.1103744832,0.1112406669,0.1115894550,0.1125725262,,,,,,,,,,,,,,,,,,,,,,,,,,,,,,,,,
,,,,,,,,,,,,,,,,,,,,,,,,,,,,,,,,,,,-0.0251491547,-0.0187099356,-0.0030275282,0.0085107807,0.0171257740,0.0242230264,0.0315376430,0.0384872177,0.0453924817,0.0523129844,0.0592996903,0.0663099541,0.0731964342,0.0797253411,0.0856092814,0.0905487812,0.0942787632,0.0966097993,0.0974558514,0.0968448287,0.0949126419,0.0918826104,0.0880321729,0.0836508210,0.0789975477,0.0742693795,0.0695904301,0.0650228376,0.0605913995,0.0563088082,0.0521909955,0.0482598054,0.0445374149,0.0410392724,0.0377698734,0.0347219909,0.0318782468,0.0292143558,0.0267040180,0.0243249441,0.0220643717,0.0199219703,0.0179087755,0.0160423186,0.0143396857,0.0128112351,0.0114575939,0.0102711587,0.0092411476,0.0083594755,0.0076244827,0.0070409944,0.0066173331,0.0063613615,0.0062776618,0.0063668715,0.0066268775,0.0070546991,0.0076477282,0.0084035025,0.0093181339,0.0103844076,0.0115908796,0.0129227976,0.0143646792,0.0159034685,0.0175308350,0.0192435595,0.0210418786,0.0229266611,0.0248968092,0.0269480479,0.0290734731,0.0312653667,0.0335172492,0.0358250935,0.0381869970,0.0406012745,0.0430636756,0.0455649251,0.0480897197,0.0506177078,0.0531261696,0.0555935301,0.0580026405,0.0603428707,0.0626104073,0.0648067511,0.0669361073,0.0690028068,0.0710097531,0.0729582349,0.0748487210,0.0766819097,0.0784594373,0.0801840534,0.0818594207,0.0834898125,0.0850798388,0.0866340864,0.0881564703,0.0896492849,0.0911122970,0.0925424098,0.0939342339,0.0952814265,0.0965782270,0.0978205010,0.0990058625,0.1001329210,0.1012000758,0.1022045257,0.1031421502,0.1040092496,0.1048057885,0.1055374327,0.1062092975,0.1068636655,0.1074308958,0.1081356942,0.1091201193,0.1104413307,0.1108079103,,,,,,,,,,,,,,,,,,,,,,,,,,,,,,,,,,
,,,,,,,,,,,,,,,,,,,,,,,,,,,,,,,,,,,,,0.0051985576,0.0198136700,0.0302674015,0.0370907623,0.0456512631,0.0531026948,0.0601253098,0.0670290971,0.0738721081,0.0806124706,0.0870845310,0.0930418051,0.0982034231,0.1022969087,0.1050996078,0.1064713337,0.1063747212,0.1048805155,0.1021586440,0.0984556570,0.0940597785,0.0892580341,0.0842949145,0.0793445794,0.0745051028,0.0698144005,0.0652782793,0.0608970828,0.0566807777,0.0526502941,0.0488300940,0.0452392316,0.0418856502,0.0387645603,0.0358597150,0.0331466159,0.0305973637,0.0281865907,0.0258970296,0.0237228909,0.0216698094,0.0197513002,0.0179829037,0.0163761650,0.0149348817,0.0136552568,0.0125297614,0.0115525516,0.0107234667,0.0100485788,0.0095373549,0.0091983229,0.0090356334,0.0090480377,0.0092303173,0.0095759762,0.0100795426,0.0107372254,0.0115457105,0.0124999812,0.0135915789,0.0148084043,0.0161362779,0.0175615617,0.0190736556,0.0206662899,0.0223371591,0.0240862525,0.0259137933,0.0278187206,0.0297982135,0.0318481775,0.0339641999,0.0361423378,0.0383792044,0.0406711274,0.0430126165,0.0453947877,0.0478044935,0.0502246191,0.0526355319,0.0550173106,0.0573522132,0.0596267708,0.0618329182,0.0639678311,0.0660326432,0.0680306840,0.0699659551,0.0718422185,0.0736626392,0.0754297250,0.0771454018,0.0788112288,0.0804288149,0.0820003865,0.0835292669,0.0850199110,0.0864772335,0.0879053161,0.0893060012,0.0906780582,0.0920173921,0.0933182435,0.0945748408,0.0957827753,0.0969395202,0.0980440040,0.0990953491,0.1000917005,0.1010299913,0.1019085901,0.1027327174,0.1035140013,0.1042959681,0.1051680417,0.1057749595,0.1067904839,0.1082027986,,,,,,,,,,,,,,,,,,,,,,,,,,,,,,,,,,,,
,,,,,,,,,,,,,,,,,,,,,,,,,,,,,,,,,,,,,,0.0281202302,0.0411636535,0.0475787051,0.0590121114,0.0678092691,0.0752593904,0.0821501923,0.0888142265,0.0951999350,0.1011299051,0.1063652147,0.1106540538,0.1137696705,0.1155442291,0.1158911443,0.1148204366,0.1124409368,0.1089501403,0.1046106072,0.0997138655,0.0945373175,0.0893049727,0.0841642324,0.0791858496,0.0743846838,0.0697503327,0.0652740125,0.0609623025,0.0568365018,0.0529232435,0.0492440273,0.0458086282,0.0426132468,0.0396419871,0.0368703068,0.0342698357,0.0318139629,0.0294830098,0.0272675609,0.0251689916,0.0231970587,0.0213652566,0.0196854395,0.0181637576,0.0167997198,0.0155888311,0.0145273010,0.0136160710,0.0128618241,0.0122745015,0.0118628802,0.0116306808,0.0115751147,0.0116883021,0.0119605150,0.0123834069,0.0129515896,0.0136619499,0.0145113665,0.0154942702,0.0166014003,0.0178203502,0.0191375787,0.0205409376,0.0220216515,0.0235750503,0.0251999794,0.0268973452,0.0286684548,0.0305136859,0.0324317629,0.0344196743,0.0364730681,0.0385867862,0.0407551360,0.0429716535,0.0452284341,0.0475153725,0.0498196833,0.0521259604,0.0544169179,0.0566748432,0.0588835538,0.0610303313,0.0631071968,0.0651111562,0.0670435079,0.0689085855,0.0707122922,0.0724606490,0.0741585626,0.0758090913,0.0774134618,0.0789718691,0.0804847539,0.0819539944,0.0833834076,0.0847782046,0.0861435322,0.0874827128,0.0887959988,0.0900804254,0.0913308206,0.0925415147,0.0937080552,0.0948282291,0.0959022539,0.0969312230,0.0979155483,0.0988543183,0.0997480054,0.1006060413,0.1014845700,0.1024932893,0.1037909518,0.1044142409,0.1058153538,,,,,,,,,,,,,,,,,,,,,,,,,,,,,,,,,,,,,
,,,,,,,,,,,,,,,,,,,,,,,,,,,,,,,,,,,,,,,0.0489479936,0.0549502845,0.0704355453,0.0819141230,0.0903344948,0.0970828943,0.1037948850,0.1097645090,0.1150615077,0.1194590375,0.1227531751,0.1247840294,0.1254543450,0.1247361713,0.1226853116,0.1194433230,0.1152279705,0.1103094165,0.1049737203,0.0994806205,0.0940276045,0.0887322398,0.0836380779,0.0787396177,0.0740142984,0.0694482215,0.0650474189,0.0608346337,0.0568380118,0.0530796349,0.0495688210,0.0463008202,0.0432590749,0.0404192013,0.0377537450,0.0352371032,0.0328497733,0.0305810296,0.0284295132,0.0264016911,0.0245085118,0.0227610702,0.0211667481,0.0197275555,0.0184415904,0.0173068061,0.0163247807,0.0155020956,0.0148484017,0.0143722508,0.0140769926,0.0139588609,0.0140080970,0.0142123788,0.0145607335,0.0150460041,0.0156648415,0.0164155540,0.0172951815,0.0182973429,0.0194118047,0.0206258074,0.0219264397,0.0233030489,0.0247488344,0.0262612175,0.0278410408,0.0294909506,0.0312134549,0.0330092103,0.0348760498,0.0368090325,0.0388013786,0.0408457366,0.0429351134,0.0450630280,0.0472228432,0.0494065479,0.0516034697,0.0537995314,0.0559776233,0.0581192924,0.0602073305,0.0622283870,0.0641747435,0.0660448099,0.0678423480,0.0695747012,0.0712504621,0.0728771629,0.0744596640,0.0759997521,0.0774970260,0.0789506300,0.0803610368,0.0817310547,0.0830655713,0.0843701229,0.0856489406,0.0869033714,0.0881313861,0.0893283485,0.0904887620,0.0916084519,0.0926864283,0.0937262465,0.0947329311,0.0957094267,0.0966550498,0.0976110918,0.0984937926,0.0995521323,0.1009665812,0.1028280591,0.1034488209,,,,,,,,,,,,,,,,,,,,,,,,,,,,,,,,,,,,,,
,,,,,,,,,,,,,,,,,,,,,,,,,,,,,,,,,,,,,,,,,0.0790176971,0.0939653579,0.1044067114,0.1107372308,0.1181237707,0.1236397628,0.1285103059,0.1320328108,0.1342782432,0.1351693216,0.1346990470,0.1329068943,0.1298953813,0.1258349648,0.1209570336,0.1155309250,0.1098281358,0.1040826765,0.0984600845,0.0930462185,0.0878589755,0.0828764276,0.0780686899,0.0734210335,0.0689416307,0.0646553199,0.0605905624,0.0567676418,0.0531927352,0.0498579696,0.0467450251,0.0438298768,0.0410873982,0.0384952653,0.0360367551,0.0337021902,0.0314891008,0.0294012957,0.0274468742,0.0256352772,0.0239741002,0.0224670692,0.0211143955,0.0199154059,0.0188717898,0.0179892564,0.0172763439,0.0167408664,0.0163858817,0.0162073204,0.0161945278,0.0163334671,0.0166109945,0.0170181278,0.0175508515,0.0182083594,0.0189898958,0.0198918571,0.0209064285,0.0220221600,0.0232260262,0.0245060495,0.0258535376,0.0272642759,0.0287383764,0.0302788389,0.0318892385,0.0335712969,0.0353232399,0.0371395932,0.0390124340,0.0409334303,0.0428956649,0.0448944106,0.0469265057,0.0489885141,0.0510743155,0.0531730993,0.0552687635,0.0573412621,0.0593696143,0.0613355588,0.0632266373,0.0650378282,0.0667714004,0.0684351358,0.0700394561,0.0715942919,0.0731066566,0.0745796675,0.0760132102,0.0774058039,0.0787567716,0.0800677367,0.0813427943,0.0825873148,0.0838059823,0.0850009739,0.0861711684,0.0873126062,0.0884203292,0.0894911484,0.0905268653,0.0915372319,0.0925325620,0.0935597514,0.0945205626,0.0956498044,0.0965249745,0.0979125742,0.0998313548,,,,,,,,,,,,,,,,,,,,,,,,,,,,,,,,,,,,,,,,
,,,,,,,,,,,,,,,,,,,,,,,,,,,,,,,,,,,,,,,,,,0.1028212270,0.1159652187,0.1216540558,0.1308719686,0.1358528189,0.1408730767,0.1437365782,0.1449739136,0.1447535507,0.1431689807,0.1403381678,0.1364159124,0.1316017198,0.1261363266,0.1202812972,0.1142855032,0.1083503659,0.1026056103,0.0971052460,0.0918445464,0.0867899816,0.0819093689,0.0771910680,0.0726474349,0.0683054102,0.0641921222,0.0603234933,0.0566999227,0.0533084023,0.0501278752,0.0471348452,0.0443076789,0.0416291719,0.0390874842,0.0366759325,0.0343923840,0.0322387486,0.0302203564,0.0283445939,0.0266186851,0.0250475461,0.0236330993,0.0223756475,0.0212764288,0.0203395175,0.0195715578,0.0189791476,0.0185651349,0.0183258110,0.0182506239,0.0183247678,0.0185334900,0.0188660298,0.0193173359,0.0198869395,0.0205758147,0.0213828980,0.0223028433,0.0233257995,0.0244390489,0.0256296938,0.0268873766,0.0282061517,0.0295849203,0.0310262334,0.0325338068,0.0341096573,0.0357520533,0.0374551826,0.0392106420,0.0410099766,0.0428470426,0.0447191120,0.0466261950,0.0485687254,0.0505443693,0.0525451515,0.0545561511,0.0565565175,0.0585226330,0.0604323790,0.0622691200,0.0640242599,0.0656977783,0.0672967408,0.0688322958,0.0703160920,0.0717572286,0.0731606441,0.0745273015,0.0758558506,0.0771449235,0.0783950261,0.0796092269,0.0807923852,0.0819494196,0.0830833696,0.0841944745,0.0852802055,0.0863371733,0.0873639844,0.0883658802,0.0893588942,0.0903999085,0.0916089554,0.0925762986,0.0940726708,0.0949054249,0.0967129636,,,,,,,,,,,,,,,,,,,,,,,,,,,,,,,,,,,,,,,,,
,,,,,,,,,,,,,,,,,,,,,,,,,,,,,,,,,,,,,,,,,,,0.1241343517,0.1291738342,0.1409822447,0.1453178665,0.1514270744,0.1540758821,0.1544250037,0.1533188771,0.1507389558,0.1469727894,0.1422344429,0.1367584054,0.1307947746,0.1245937479,0.1183761884,0.1123068746,0.1064786596,0.1009159658,0.0955960580,0.0904791767,0.0855354720,0.0807593308,0.0761682366,0.0717904345,0.0676497903,0.0637555439,0.0601002529,0.0566643782,0.0534235378,0.0503549114,0.0474410588,0.0446709326,0.0420387599,0.0395420307,0.0371800063,0.0349535388,0.0328657471,0.0309222224,0.0291298262,0.0274945024,0.0260196022,0.0247059933,0.0235538977,0.0225650740,0.0217436281,0.0210945599,0.0206205746,0.0203188691,0.0201798474,0.0201887985,0.0203299421,0.0205908795,0.0209652521,0.0214524220,0.0220545711,0.0227728058,0.0236040994,0.0245402612,0.0255690980,0.0266770777,0.0278524074,0.0290874411,0.0303795911,0.0317303764,0.0331429186,0.0346189077,0.0361564082,0.0377495363,0.0393901165,0.0410704518,0.0427858532,0.0445357512,0.0463228351,0.0481504078,0.0500187959,0.0519220881,0.0538464970,0.0557711338,0.0576710792,0.0595217850,0.0613034491,0.0630041568,0.0646210548,0.0661593822,0.0676297447,0.0690444968,0.0704143447,0.0717461608,0.0730425327,0.0743029444,0.0755259297,0.0767112034,0.0778609131,0.0789794324,0.0800721927,0.0811437436,0.0821968989,0.0832319226,0.0842478362,0.0852435829,0.0862663760,0.0872455403,0.0884365082,0.0900438320,0.0909869972,0.0929791875,0.0937564341,,,,,,,,,,,,,,,,,,,,,,,,,,,,,,,,,,,,,,,,,,
,,,,,,,,,,,,,,,,,,,,,,,,,,,,,,,,,,,,,,,,,,,,,0.1480486889,0.1517164025,0.1594525520,0.1624977927,0.1621098784,0.1605028735,0.1571612093,0.1526971725,0.1473129561,0.1413146385,0.1349670626,0.1285120676,0.1221422484,0.1159864367,0.1101035830,0.1044939017,0.0991230306,0.0939506821,0.0889531754,0.0841324963,0.0795108717,0.0751162538,0.0709672837,0.0670648598,0.0633926773,0.0599242800,0.0566319887,0.0534938305,0.0504966843,0.0476357018,0.0449112318,0.0423251736,0.0398787312,0.0375725545,0.0354085474,0.0333913944,0.0315281660,0.0298260057,0.0282895113,0.0269196933,0.0257152173,0.0246749743,0.0238000717,0.0230936513,0.0225583114,0.0221925220,0.0219882710,0.0219316509,0.0220064129,0.0221987472,0.0225008276,0.0229113914,0.0234332571,0.0240691946,0.0248181711,0.0256735552,0.0266237835,0.0276549398,0.0287540726,0.0299119847,0.0311244900,0.0323916859,0.0337155580,0.0350970101,0.0365337582,0.0380201301,0.0395488213,0.0411136561,0.0427119532,0.0443453511,0.0460186409,0.0477369155,0.0495019404,0.0513089670,0.0531451442,0.0549901840,0.0568191597,0.0586066105,0.0603308020,0.0619770702,0.0635395014,0.0650206295,0.0664293206,0.0677775054,0.0690767413,0.0703355948,0.0715585132,0.0727463394,0.0738981568,0.0750135065,0.0760942599,0.0771449915,0.0781726684,0.0791845543,0.0801870652,0.0811835445,0.0822154775,0.0831945284,0.0843542259,0.0852961118,0.0868001290,0.0889499158,0.0898411512,,,,,,,,,,,,,,,,,,,,,,,,,,,,,,,,,,,,,,,,,,,,
,,,,,,,,,,,,,,,,,,,,,,,,,,,,,,,,,,,,,,,,,,,,,,,0.1648366445,0.1685334096,0.1675846871,0.1658697807,0.1621004554,0.1572568021,0.1515035338,0.1452080323,0.1386448261,0.1320555094,0.1256124261,0.1194173659,0.1135040018,0.1078576109,0.1024405453,0.0972180593,0.0921756488,0.0873231239,0.0826858913,0.0782894795,0.0741456377,0.0702462582,0.0665664821,0.0630737680,0.0597379079,0.0565380272,0.0534649016,0.0505189479,0.0477055943,0.0450304727,0.0424967605,0.0401056951,0.0378592481,0.0357625212,0.0338237431,0.0320516318,0.0304518866,0.0290252174,0.0277682321,0.0266765475,0.0257480052,0.0249837556,0.0243863020,0.0239555838,0.0236855740,0.0235637080,0.0235737825,0.0237008671,0.0239356040,0.0242756933,0.0247239703,0.0252842426,0.0259570171,0.0267370342,0.0276134519,0.0285722651,0.0295997289,0.0306853592,0.0318234032,0.0330123120,0.0342525686,0.0355439812,0.0368838480,0.0382669544,0.0396873587,0.0411409506,0.0426273991,0.0441504730,0.0457164810,0.0473313254,0.0489971203,0.0507094511,0.0524561506,0.0542179896,0.0559710910,0.0576904206,0.0593535207,0.0609437045,0.0624520715,0.0638779196,0.0652274614,0.0665112105,0.0677407790,0.0689260103,0.0700732049,0.0711848519,0.0722612920,0.0733030163,0.0743130371,0.0752973994,0.0762654789,0.0772273968,0.0782308445,0.0792017736,0.0803673431,0.0813255860,0.0828171974,0.0836895031,0.0855961011,,,,,,,,,,,,,,,,,,,,,,,,,,,,,,,,,,,,,,,,,,,,,,
,,,,,,,,,,,,,,,,,,,,,,,,,,,,,,,,,,,,,,,,,,,,,,,,0.1722981667,0.1709762232,0.1692043575,0.1653424126,0.1603114499,0.1545714071,0.1482342981,0.1417066006,0.1351597910,0.1287600190,0.1225925592,0.1166821165,0.1110142472,0.1055592321,0.1002949202,0.0952184307,0.0903466261,0.0857058761,0.0813171915,0.0771844871,0.0732912009,0.0696056172,0.0660911405,0.0627165272,0.0594623809,0.0563225330,0.0533009643,0.0504062816,0.0476464578,0.0450262429,0.0425481199,0.0402154913,0.0380353580,0.0360181736,0.0341746254,0.0325113205,0.0310281888,0.0297193322,0.0285768442,0.0275952364,0.0267736827,0.0261146192,0.0256195279,0.0252845686,0.0250988786,0.0250467235,0.0251123520,0.0252848735,0.0255605888,0.0259417249,0.0264324469,0.0270342850,0.0277431435,0.0285490248,0.0294382066,0.0303966113,0.0314128435,0.0324797496,0.0335940704,0.0347545857,0.0359598245,0.0372066314,0.0384904025,0.0398068393,0.0411541661,0.0425344988,0.0439535341,0.0454185657,0.0469355332,0.0485060846,0.0501255219,0.0517821423,0.0534580469,0.0551311245,0.0567777432,0.0583756952,0.0599069849,0.0613600190,0.0627307057,0.0640221008,0.0652426736,0.0664035697,0.0675156562,0.0685870723,0.0696219417,0.0706225474,0.0715921120,0.0725364759,0.0734635284,0.0744196157,0.0753433843,0.0764562021,0.0773952323,0.0788820842,0.0797935798,0.0817489339,0.0825432063,,,,,,,,,,,,,,,,,,,,,,,,,,,,,,,,,,,,,,,,,,,,,,,
,,,,,,,,,,,,,,,,,,,,,,,,,,,,,,,,,,,,,,,,,,,,,,,,,,0.1708845734,0.1671356906,0.1617761833,0.1563990530,0.1500952771,0.1439364804,0.1376201344,0.1314454113,0.1254222641,0.1195856413,0.1139359442,0.1084673490,0.1031811660,0.0980893179,0.0932144720,0.0885815911,0.0842058682,0.0800837072,0.0761920276,0.0724952409,0.0689557273,0.0655432940,0.0622405635,0.0590433758,0.0559571399,0.0529912514,0.0501542228,0.0474517005,0.0448879072,0.0424689303,0.0402050408,0.0381098444,0.0361962375,0.0344714160,0.0329340109,0.0315752520,0.0303836526,0.0293505670,0.0284733989,0.0277546122,0.0271972237,0.0267995895,0.0265526845,0.0264414970,0.0264496906,0.0265648788,0.0267816953,0.0271012263,0.0275273720,0.0280621957,0.0287025709,0.0294394880,0.0302599104,0.0311499366,0.0320977160,0.0330949852,0.0341368774,0.0352204379,0.0363428486,0.0375004710,0.0386893410,0.0399068471,0.0411535327,0.0424338166,0.0437550168,0.0451249642,0.0465491192,0.0480281835,0.0495568337,0.0511237024,0.0527123421,0.0543027673,0.0558732894,0.0574025683,0.0588718662,0.0602673167,0.0615816479,0.0628146930,0.0639728020,0.0650668256,0.0661090566,0.0671095933,0.0680733018,0.0690039749,0.0699092606,0.0708313412,0.0717131947,0.0727581786,0.0736398001,0.0750358090,0.0759161040,0.0778439497,0.0786868039,,,,,,,,,,,,,,,,,,,,,,,,,,,,,,,,,,,,,,,,,,,,,,,,,
,,,,,,,,,,,,,,,,,,,,,,,,,,,,,,,,,,,,,,,,,,,,,,,,,,,,0.1621043131,0.1572391399,0.1507311706,0.1452144089,0.1391407256,0.1334400481,0.1276904123,0.1220632904,0.1165121658,0.1110913320,0.1058358621,0.1007699048,0.0959215773,0.0913138371,0.0869571714,0.0828428949,0.0789448071,0.0752275081,0.0716560733,0.0682038381,0.0648562018,0.0616100334,0.0584700019,0.0554438472,0.0525387727,0.0497605739,0.0471155650,0.0446135344,0.0422690859,0.0400995806,0.0381200947,0.0363379373,0.0347499117,0.0333441458,0.0321057560,0.0310233834,0.0300930823,0.0293175253,0.0287011777,0.0282443821,0.0279398046,0.0277731681,0.0277276727,0.0277895186,0.0279515750,0.0282134731,0.0285784130,0.0290486086,0.0296217304,0.0302898602,0.0310409812,0.0318618246,0.0327405433,0.0336681426,0.0346384064,0.0356467917,0.0366891920,0.0377614775,0.0388602432,0.0399843934,0.0411365172,0.0423229797,0.0435523339,0.0448325973,0.0461684919,0.0475596236,0.0489999878,0.0504785494,0.0519803274,0.0534875106,0.0549805029,0.0564391095,0.0578442055,0.0591801539,0.0604371156,0.0616120020,0.0627094459,0.0637410480,0.0647215200,0.0656625606,0.0665968169,0.0674698890,0.0683194244,0.0693091747,0.0701439732,0.0714388071,0.0722572957,0.0740471654,0.0748492267,,,,,,,,,,,,,,,,,,,,,,,,,,,,,,,,,,,,,,,,,,,,,,,,,,,
,,,,,,,,,,,,,,,,,,,,,,,,,,,,,,,,,,,,,,,,,,,,,,,,,,,,,,0.1505513097,0.1457369422,0.1396387204,0.1346047847,0.1291067937,0.1238948007,0.1185668832,0.1132498683,0.1081316252,0.1031807589,0.0984226024,0.0938771467,0.0895566347,0.0854541661,0.0815459066,0.0778016029,0.0741928864,0.0706991875,0.0673097624,0.0640219659,0.0608379551,0.0577617589,0.0547977817,0.0519514113,0.0492313373,0.0466517783,0.0442323278,0.0419943090,0.0399546632,0.0381202256,0.0364855112,0.0350355197,0.0337524228,0.0326228471,0.0316420871,0.0308132376,0.0301420034,0.0296302520,0.0292718895,0.0290531356,0.0289567467,0.0289676833,0.0290772026,0.0292834839,0.0295888675,0.0299954885,0.0305016462,0.0311004962,0.0317811936,0.0325313879,0.0333396025,0.0341965082,0.0350949221,0.0360290318,0.0369936492,0.0379842037,0.0389977123,0.0400342651,0.0410980209,0.0421967686,0.0433398571,0.0445352399,0.0457868683,0.0470933957,0.0484483651,0.0498412320,0.0512584167,0.0526840508,0.0541005608,0.0554890824,0.0568302550,0.0581071898,0.0593085519,0.0604285688,0.0614699166,0.0624460398,0.0634018954,0.0642978898,0.0652944008,0.0661206822,0.0669086449,0.0681082592,0.0688788071,0.0705263928,0.0712677717,,,,,,,,,,,,,,,,,,,,,,,,,,,,,,,,,,,,,,,,,,,,,,,,,,,,,
,,,,,,,,,,,,,,,,,,,,,,,,,,,,,,,,,,,,,,,,,,,,,,,,,,,,,,,,0.1394515466,0.1350953347,0.1295855084,0.1249556940,0.1199590127,0.1146626543,0.1098641833,0.1051417960,0.1005911599,0.0961756591,0.0919423285,0.0878802539,0.0839766928,0.0802127563,0.0765711821,0.0730404518,0.0696154516,0.0662943231,0.0630756732,0.0599584836,0.0569436537,0.0540361374,0.0512473385,0.0485963503,0.0461080215,0.0438075089,0.0417131282,0.0398306692,0.0381520684,0.0366594275,0.0353326749,0.0341572844,0.0331284214,0.0322497318,0.0315277638,0.0309652005,0.0305564918,0.0302879511,0.0301418958,0.0301023738,0.0301594717,0.0303102559,0.0305563218,0.0308996281,0.0313388924,0.0318681409,0.0324775958,0.0331558693,0.0338920675,0.0346768925,0.0355026573,0.0363627435,0.0372512316,0.0381632410,0.0390960599,0.0400505387,0.0410317994,0.0420484384,0.0431101713,0.0442247544,0.0453955078,0.0466204803,0.0478933161,0.0492044110,0.0505413934,0.0518896601,0.0532336604,0.0545564734,0.0558381870,0.0570602624,0.0582109524,0.0593070191,0.0602996336,0.0612242720,0.0622283721,0.0630805522,0.0642885687,0.0650719327,0.0657809413,0.0672813589,0.0679768311,,,,,,,,,,,,,,,,,,,,,,,,,,,,,,,,,,,,,,,,,,,,,,,,,,,,,,,
,,,,,,,,,,,,,,,,,,,,,,,,,,,,,,,,,,,,,,,,,,,,,,,,,,,,,,,,,,0.1294316211,0.1253965595,0.1207513647,0.1151898864,0.1108939925,0.1064107953,0.1022381902,0.0980504460,0.0939602979,0.0900094976,0.0861567622,0.0824185008,0.0787745622,0.0752284004,0.0717841147,0.0684434399,0.0652020615,0.0620535891,0.0589957679,0.0560339733,0.0531827899,0.0504662945,0.0479145494,0.0455563331,0.0434109597,0.0414828138,0.0397611850,0.0382257339,0.0368550266,0.0356342881,0.0345590756,0.0336335181,0.0328643960,0.0322543218,0.0317974901,0.0314799004,0.0312835358,0.0311920559,0.0311950711,0.0312891193,0.0314753372,0.0317554519,0.0321282896,0.0325883374,0.0331265331,0.0337322824,0.0343953551,0.0351068180,0.0358589906,0.0366450022,0.0374586401,0.0382948983,0.0391511702,0.0400285669,0.0409325053,0.0418717921,0.0428562446,0.0438935144,0.0449864878,0.0461329173,0.0473275260,0.0485627620,0.0498268823,0.0511044865,0.0523816818,0.0536448530,0.0548968807,0.0560711065,0.0571748784,0.0583195391,0.0592674707,0.0601297019,0.0612987601,0.0620904752,0.0636161660,0.0643587402,0.0649817497,,,,,,,,,,,,,,,,,,,,,,,,,,,,,,,,,,,,,,,,,,,,,,,,,,,,,,,,,
,,,,,,,,,,,,,,,,,,,,,,,,,,,,,,,,,,,,,,,,,,,,,,,,,,,,,,,,,,,,,0.1150701088,0.1113357534,0.1069058982,0.1032413841,0.0993582201,0.0953704736,0.0916605464,0.0879431154,0.0842898078,0.0807157029,0.0772025211,0.0737707440,0.0704491862,0.0672111963,0.0640498498,0.0609617363,0.0579558366,0.0550511825,0.0522765636,0.0496668797,0.0472546803,0.0450606037,0.0430877452,0.0413227365,0.0397432248,0.0383273569,0.0370610158,0.0359405319,0.0349702546,0.0341564404,0.0335007140,0.0329962994,0.0326286328,0.0323796551,0.0322333333,0.0321796247,0.0322151938,0.0323410045,0.0325584231,0.0328659416,0.0332579386,0.0337255737,0.0342587860,0.0348480622,0.0354851789,0.0361629958,0.0368749561,0.0376150176,0.0383782548,0.0391619391,0.0399667957,0.0407978102,0.0416635681,0.0425742040,0.0435378659,0.0445569594,0.0456283316,0.0467486009,0.0479141928,0.0491333441,0.0503497949,0.0515649456,0.0527696345,0.0540605711,0.0551887157,0.0562332275,0.0575544585,0.0584565162,0.0592367294,0.0606516335,0.0613688356,,,,,,,,,,,,,,,,,,,,,,,,,,,,,,,,,,,,,,,,,,,,,,,,,,,,,,,,,,,,
,,,,,,,,,,,,,,,,,,,,,,,,,,,,,,,,,,,,,,,,,,,,,,,,,,,,,,,,,,,,,,,0.1068643821,0.1037061344,0.1001303390,0.0960347910,0.0926971199,0.0891988273,0.0856103623,0.0822338485,0.0788347560,0.0754615807,0.0722012588,0.0690212940,0.0658840816,0.0627893853,0.0597709691,0.0568358574,0.0540197320,0.0513619597,0.0489010479,0.0466615653,0.0446465415,0.0428395552,0.0412159924,0.0397543298,0.0384421243,0.0372769451,0.0362631299,0.0354057214,0.0347046081,0.0341515771,0.0337315067,0.0334267643,0.0332223794,0.0331094246,0.0330852154,0.0331506704,0.0333065220,0.0335503806,0.0338759003,0.0342739852,0.0347349144,0.0352500237,0.0358121876,0.0364153153,0.0370536712,0.0377218777,0.0384154079,0.0391310833,0.0398682194,0.0406303849,0.0414256044,0.0422650190,0.0431584603,0.0441213012,0.0451231096,0.0461717536,0.0472695155,0.0485067661,0.0496720889,0.0508213154,0.0519480619,0.0534029670,0.0544791985,0.0554378850,0.0570394572,0.0578962107,0.0585880165,,,,,,,,,,,,,,,,,,,,,,,,,,,,,,,,,,,,,,,,,,,,,,,,,,,,,,,,,,,,,,
,,,,,,,,,,,,,,,,,,,,,,,,,,,,,,,,,,,,,,,,,,,,,,,,,,,,,,,,,,,,,,,,,,0.0961238397,0.0931997125,0.0899473065,0.0862483184,0.0831986954,0.0799929545,0.0767168612,0.0734898286,0.0704707799,0.0674230183,0.0643589352,0.0613625437,0.0584493170,0.0556276924,0.0529419798,0.0504430854,0.0481660847,0.0461304418,0.0442936403,0.0426333621,0.0411291628,0.0397723565,0.0385631900,0.0375063911,0.0366054905,0.0358582633,0.0352549344,0.0347800620,0.0344169705,0.0341523893,0.0339790356,0.0338951282,0.0339014504,0.0339977143,0.0341801072,0.0344410453,0.0347708582,0.0351601322,0.0356012887,0.0360886781,0.0366176096,0.0371834325,0.0377818256,0.0384091368,0.0390673976,0.0397439730,0.0404429187,0.0411710617,0.0419409068,0.0427650737,0.0437149971,0.0446545779,0.0456278528,0.0466414252,0.0480123110,0.0491355377,0.0502089217,0.0512242817,0.0529527283,0.0539737603,0.0548313670,,,,,,,,,,,,,,,,,,,,,,,,,,,,,,,,,,,,,,,,,,,,,,,,,,,,,,,,,,,,,,,,,
,,,,,,,,,,,,,,,,,,,,,,,,,,,,,,,,,,,,,,,,,,,,,,,,,,,,,,,,,,,,,,,,,,,,,0.0863534151,0.0836751876,0.0806895154,0.0775189623,0.0741623753,0.0714176482,0.0685272980,0.0655288047,0.0625242019,0.0597352458,0.0569738677,0.0542944225,0.0517751263,0.0494736849,0.0474480773,0.0456156389,0.0439405807,0.0424051507,0.0410089514,0.0397583622,0.0386601544,0.0377167061,0.0369238057,0.0362703216,0.0357408334,0.0353200141,0.0349966138,0.0347651510,0.0346247037,0.0345756938,0.0346164755,0.0347414622,0.0349415723,0.0352064688,0.0355271401,0.0358973144,0.0363130258,0.0367709511,0.0372672237,0.0377983984,0.0383620382,0.0389869235,0.0396141522,0.0402588619,0.0409247438,0.0416230899,0.0423678736,0.0433876828,0.0442746455,0.0451659552,0.0460663702,0.0476768149,0.0487665595,0.0497621974,0.0506500080,,,,,,,,,,,,,,,,,,,,,,,,,,,,,,,,,,,,,,,,,,,,,,,,,,,,,,,,,,,,,,,,,,,,
,,,,,,,,,,,,,,,,,,,,,,,,,,,,,,,,,,,,,,,,,,,,,,,,,,,,,,,,,,,,,,,,,,,,,,,,,0.0743281403,0.0719045003,0.0691976017,0.0662770494,0.0631116858,0.0605635805,0.0579338247,0.0552964166,0.0527752368,0.0504629387,0.0484434790,0.0466858197,0.0450392129,0.0434945640,0.0420696567,0.0407836791,0.0396486752,0.0386667854,0.0378323695,0.0371333511,0.0365546034,0.0360822332,0.0357069140,0.0354247503,0.0352354382,0.0351388492,0.0351318811,0.0352071666,0.0353541897,0.0355620468,0.0358222228,0.0361297865,0.0364823485,0.0368772935,0.0373100939,0.0377760558,0.0382728075,0.0389110987,0.0395037397,0.0401072397,0.0407193221,0.0413443953,0.0419931541,0.0431626848,0.0440086531,0.0448202479,0.0455942625,,,,,,,,,,,,,,,,,,,,,,,,,,,,,,,,,,,,,,,,,,,,,,,,,,,,,,,,,,,,,,,,,,,,,,,,
,,,,,,,,,,,,,,,,,,,,,,,,,,,,,,,,,,,,,,,,,,,,,,,,,,,,,,,,,,,,,,,,,,,,,,,,,,,,,0.0632313086,0.0609775926,0.0585115199,0.0559334163,0.0534213397,0.0511067778,0.0490015271,0.0474002611,0.0458304823,0.0443015437,0.0428615777,0.0415497139,0.0403864808,0.0393746466,0.0385078268,0.0377734277,0.0371567022,0.0366449439,0.0362303006,0.0359100112,0.0356841142,0.0355519175,0.0355090853,0.0355468191,0.0356534997,0.0358178459,0.0360318175,0.0362915894,0.0365959473,0.0369419372,0.0373221955,0.0377269682,0.0381510342,0.0388542870,0.0394261726,0.0400022311,0.0405726003,0.0411303487,0.0416786423,,,,,,,,,,,,,,,,,,,,,,,,,,,,,,,,,,,,,,,,,,,,,,,,,,,,,,,,,,,,,,,,,,,,,,,,,,,,
,,,,,,,,,,,,,,,,,,,,,,,,,,,,,,,,,,,,,,,,,,,,,,,,,,,,,,,,,,,,,,,,,,,,,,,,,,,,,,,,,,,0.0491900385,0.0477841562,0.0463145429,0.0448154684,0.0433711252,0.0420430996,0.0408613731,0.0398296692,0.0389413420,0.0381835736,0.0375419316,0.0370045078,0.0365643896,0.0362194989,0.0359700253,0.0358148435,0.0357487694,0.0357620563,0.0358423800,0.0359782501,0.0361619814,0.0363904933,0.0366632877,0.0369763266,0.0373180301,0.0376708678,0.0380242818,,,,,,,,,,,,,,,,,,,,,,,,,,,,,,,,,,,,,,,,,,,,,,,,,,,,,,,,,,,,,,,,,,,,,,,,,,,,,,,,,,
